,"Item","Description","Type","Cost","Price","Sales Tax Code","Quantity On Hand","Quantity On Sales Order","Reorder Pt (Min)","Quantity On Purchase Order","Preferred Vendor"
,"FREIGHT","Freight Charge","Service",0.00,0.00,"Non","","",0,"",
,"FUEL/SUR","Fuel Surcharge","Service",0.00,40.00,,"","","","",
,"LATE/EARLY SHIP","LATE/ EARLY Shipment Panelty","Service",0.00,0.00,,"","","","",
,"PDD","Plastic Drum Deposit 55g","Service",0.00,20.00,,"","","","",
,"Shipping","Shipping","Service",0.00,10000.00,,"","","","",
,"TDE","Tote Deposit","Service",0.00,150.00,,"","","","",
,"50213MB","Mechanics Carb Cleaner 12/cs","Inventory Part",23.00,35.00,,0,0,"",0,"IMPERIAL LUBES & SUPPLY"
,"50278MB","Non Chl. Brake Cleaner 12/14oz","Inventory Part",21.50,0.00,,0,0,"",0,"IMPERIAL LUBES & SUPPLY"
,"50287MB","Mechanics Brake Cleaner 12/14oz","Inventory Part",23.40,40.00,,0,0,"",0,"IMPERIAL LUBES & SUPPLY"
,"56W53E","2"" NPS Rieke HDPE Poly Visegrip Drum Plug, GK-97W Gasket, PPA-57 500/Box","Inventory Part",1.095,0.00,,200,0,"",0,"Cary Company"
,"56W57E","2"" Buttress Rieke HDPE Poly Visegrip Drum Plug, 3/4"" Knock Out, GK-96W Gasket, PPA-57-B-5,500/Box","Inventory Part",1.341,0.00,,200,0,"",0,"Cary Company"
,"5HR-916241","5 Hour - 16 Box 4 Tier Combo Rack Display - 192/2oz..","Inventory Part",359.24,359.99,,0,0,"",0,"IMPERIAL LUBES & SUPPLY"
,"5HR-918177","5 Hour 16x12 Combo Rack Display (192ct)","Inventory Part",334.56,399.99,,0,0,"",0,"IMPERIAL LUBES & SUPPLY"
,"ADDITIVE-A70","A70 Bulk Chemical Additive","Inventory Part",975.00,0.00,,0.0751,0,"",0,"AMERICAN OIL AND CHEMICAL INC"
,"ADDITIVE-A81","Additive A81 for Heavy Duty AF","Inventory Part",1050.00,0.00,,0,0,"",0,"AMERICAN OIL AND CHEMICAL INC"
,"ADDITIVE-UCA4","ADDITIVE UCA-4 LIQUIOD (EG) 270 GAL  TOTE","Inventory Part",2400.00,0.00,,0,0,"",0,"DOBER CHEMICAL CORP."
,"ADDITIVE-UCA4-55","ADDITIVE UCA-4 EG 55 GAL DR","Inventory Part",550.00,0.00,,0,0,"",0,"DOBER CHEMICAL CORP."
,"ALA-BB-12","Alani - Breeze Berry - 24/12oz","Inventory Part",35.00,40.00,,0,0,"",0,"IMPERIAL LUBES & SUPPLY"
,"ALA-CH-12","Alani - Cherry Slush - 24/12oz","Inventory Part",35.00,40.00,,0,0,"",0,"IMPERIAL LUBES & SUPPLY"
,"ALA-COS-12","Alani - Cosmic - 24/12oz","Inventory Part",35.00,40.00,,0,0,"",0,"IMPERIAL LUBES & SUPPLY"
,"ALA-CT-12","Alani - Cherry Twist - 24/12oz","Inventory Part",35.00,40.00,,0,0,"",0,"IMPERIAL LUBES & SUPPLY"
,"ALA-DRE-12","Alani - Dream Float - 24/12oz","Inventory Part",35.00,40.00,,0,0,"",0,"IMPERIAL LUBES & SUPPLY"
,"ALA-HAW-12","Alani - Hawaiian Shaved Ice - 24/12oz","Inventory Part",35.00,40.00,,0,0,"",0,"IMPERIAL LUBES & SUPPLY"
,"ALA-JP-12","Alani - Juicy Peach - 24/12oz","Inventory Part",35.00,40.00,,0,0,"",0,"IMPERIAL LUBES & SUPPLY"
,"ALA-OR-12","Alani - Orange Kiss - 24/12oz","Inventory Part",35.00,40.00,,0,0,"",0,"IMPERIAL LUBES & SUPPLY"
,"ALA-PS-12","Alani - Pink Slush - 24/12oz","Inventory Part",35.00,40.00,,0,0,"",0,"IMPERIAL LUBES & SUPPLY"
,"ALA-WA-12","Alani - Watermelon Wave - 24/12oz","Inventory Part",35.00,40.00,,0,0,"",0,"IMPERIAL LUBES & SUPPLY"
,"ALKYL-PHENOL","ALKYL-PHENOL ETHOXYLATE 9.5 02360-D400","Inventory Part",1.03,0.98,,1555.2,0,"",0,
,"AQUA-20","Aquafina 24/20oz","Inventory Part",15.03,16.03,,6,0,"",16,
,"ARM-CW","Armor All - Cleaning Wipes - 6/25ct","Inventory Part",32.24,32.99,,0,0,"",0,"IMPERIAL LUBES & SUPPLY"
,"ARM-ES22","Armor All Extreme Tire Shine 6/22oz","Inventory Part",24.00,0.00,,0,0,"",0,"IMPERIAL LUBES & SUPPLY"
,"ARM-ES22-4","Armor All - Extreme Tire Shine - 4/22oz","Inventory Part",38.24,38.99,,0,0,"",0,"IMPERIAL LUBES & SUPPLY"
,"ARM-GW","Armor All - Glass Wipes - 6/25ct","Inventory Part",17.00,30.00,,0,0,"",0,"IMPERIAL LUBES & SUPPLY"
,"ARM-LW","Armor All Leather Wipes 6/25ct RK5237","Inventory Part",15.00,0.00,,0,0,"",0,"IMPERIAL LUBES & SUPPLY"
,"ARM-OW","Armor All - Air Freshening Orange Cleaning Wipes - 6/25ct","Inventory Part",22.24,22.99,,0,0,"",0,"IMPERIAL LUBES & SUPPLY"
,"ARM-PW","Armor All - Protectant Wipes Original - 6/25ct","Inventory Part",27.24,27.99,,0,0,"",0,"IMPERIAL LUBES & SUPPLY"
,"ARM-TF20-6","Armor All Tire Foam 6/20oz","Inventory Part",19.50,0.00,,0,0,"",0,"IMPERIAL LUBES & SUPPLY"
,"AT3TDS","All Temp 3 Tier Cardboard Display for Aerosols","Inventory Part",12.35,0.00,,300,0,"",0,
,"ATBC16","All Temp - Quik Dry Brake Cleaner 16.9 oz 12/1 Case","Inventory Part",17.50,40.00,,1539,0,"",0,
,"ATCBC16","All Temp - Quik Dry Citrus Brake Cleaner 16.9 oz 12/1 Case","Inventory Part",18.00,39.99,,3756,0,"",0,
,"ATCL16","All Temp - Quik Action Carb & Choke Cleaner 16.9 oz 12/1 Case","Inventory Part",17.76,40.00,,1461,0,"",0,
,"ATCP50-55","All Temp COOL POWER 5050 Antifreeze 55 gal Drum","Inventory Part",80.00,200.00,"Non",-75,0,"",0,
,"ATCPFS-55","All Temp COOL POWER Full Strength Concentrate 55 gal","Inventory Part",159.50,400.00,,-6,0,"",0,
,"ATFF16","All Temp - Quik Inflate FLAT FIX 12/16.9oz","Inventory Part",17.52,29.99,,9730,1,"",0,"BOYKIM BOYA VE KIMYEVI MADDELER"
,"ATFP50-55","All Temp Fleet Power HD Truck 5050 55 gal Drum","Inventory Part",130.00,249.00,"Non",-52,0,"",0,
,"ATFPFS-55","All Temperature Fleet Power Concentrate HD Truck 55 Gal","Inventory Part",250.00,399.99,,0,0,"",0,
,"ATGLPFS-55","All Temp GLOBAL POWER Full Strength Antifreeze 55 gal","Inventory Part",200.00,400.00,"Non",-26,0,"",0,
,"ATPX-EC","ENERGY SOLUTIONS POWERONX BATTERY CHARGER 15' EXTENSION CABLE","Inventory Part",4.92,12.49,,182,72,"",0,
,"ATPX-STAND","All Temp Energy Solutions Battery Stand","Inventory Part",100.00,110.00,,0,0,"",0,
,"ATPX12-2P-10","ENERGY SOLUTIONS POWERONX 12V 10A, 2 BANK","Inventory Part",76.07,110.00,,42,48,"",0,
,"ATPX12-3P-10","ENERGY SOLUTIONS POWERONX 12V 10A, 3 BANK","Inventory Part",127.92,0.00,,54,12,"",0,
,"ATQB13","All Temp - Quik Blast Air Duster 10 oz 12/1 Case","Inventory Part",19.32,0.00,,3455,0,"",0,
,"ATQL32","All Temp Qucik Light Charcoal Fluid 12/32oz","Inventory Part",16.00,36.99,,-2736,72,"",0,
,"ATSF11","All Temp Starting Fluid 12/10oz","Inventory Part",21.95,35.99,,3506,200,"",0,
,"ATWD11","All Temp Windshield De-Icer 12/11oz","Inventory Part",19.00,35.99,,3108,0,"",0,
,"ATWWBX","All Temp BugX +32 Windshield Wash","Inventory Part",7.50,11.99,,-3500,315,"",0,
,"ATWWBX-275TT","All Temp Bug X Windshield Wash - 275 Tote","Inventory Part",500.00,371.25,,0,1,"",0,
,"ATWWFX","All Temp FrostX -30 Windshield Wash & Deicer 6/1Gal","Inventory Part",11.50,17.99,,-9102,0,"",0,
,"ATWWPX","All Temp PolarX -20 Windshield Wash & Deicer 6/1Gal","Inventory Part",8.50,15.99,,-35382,490,"",0,
,"ATWWPX-55","ALL Temp PolarX -20 Washer Fluid 55 Gal","Inventory Part",199.00,299.00,,-518,0,"",0,
,"ATXLHD-TT","XtendLife Heavy Duty Truck  5050 250 gal Tote","Inventory Part",382.50,899.00,"Non",0,0,"",0,
,"AUC-BC","Packaging Belt Conveyor","Inventory Part",4600.00,0.00,,0,0,"",0,
,"AUC-HGG-1124670","Nordson Hot Glue Gun Model 1124670","Inventory Part",875.00,0.00,,0,0,"",0,
,"AUC-SJC-3217","Sun Jin SM Auto Labeler Double Sided M/C SJC-3217","Inventory Part",18000.00,0.00,,0,0,"",0,
,"AUC-SLC-3217","Sun Jin Labeling System SLC-3217","Inventory Part",35000.00,0.00,,0,0,"",0,
,"AUC-TAPE-MACH","VEVOR Full Automatic Tape Packing..Sealing Machine","Inventory Part",3500.00,0.00,,0,0,"",0,
,"AUTG-BF","Autoguard - DOT 3 Brake Fluid - 12/12oz","Inventory Part",20.50,21.00,,162,162,"",0,"IMPERIAL LUBES & SUPPLY"
,"AUTG-PSF","Autoguard - Power Steering Fluid - 12/12oz","Inventory Part",11.99,12.00,,216,108,"",0,"IMPERIAL LUBES & SUPPLY"
,"axe-4oz","Axe - Body Spray - 150ml Each","Inventory Part",3.24,3.99,,0,0,"",0,"IMPERIAL LUBES & SUPPLY"
,"BA-BI","Fragrance Black Ice lb","Inventory Part",7.75,9.25,,105,0,"",0,"BELLE AIRE CREATIONS"
,"BA-CB","Fragrance Cherry Blossom","Inventory Part",12.00,12.00,,32,0,"",0,"BELLE AIRE CREATIONS"
,"BA-GN","Fragrance Gain Original lb","Inventory Part",10.50,10.00,,70,0,"",0,"BELLE AIRE CREATIONS"
,"BA-TO","Fragrance Tide Original lb","Inventory Part",10.00,10.00,,65,0,"",0,"BELLE AIRE CREATIONS"
,"BASE-150","Base Oil 150 Gal","Inventory Part",2.95999,0.00,,73333.06,0,"",0,"AMERICAN OIL AND CHEMICAL INC"
,"BG-31297","Fragrance Black Gold lb","Inventory Part",7.25,0.00,,175,0,"",0,"BELLE AIRE CREATIONS"
,"BG-61144","Black Gold Premium Car Freshener 24/1oz","Inventory Part",8.64,19.99,,60,0,"",0,
,"BI-206640","Black Ice Premium Car Freshener 24/1oz","Inventory Part",9.25,9.25,,0,0,"",0,"BELLE AIRE CREATIONS"
,"BIC-CL-53","BIC - Classic Regular Lighters - 1/53ct","Inventory Part",45.00,70.00,,0,0,"",0,"IMPERIAL LUBES & SUPPLY"
,"Bic-EZR","BIC - EZ Reach - 1/40ct","Inventory Part",65.24,65.99,,0,0,"",0,"IMPERIAL LUBES & SUPPLY"
,"BIC-LX8WG034","BIC - Maxi Classic Lighters - 2/12ct","Inventory Part",20.24,20.99,,0,0,"",0,"IMPERIAL LUBES & SUPPLY"
,"BIC-LXC4SE21-B-AST","BIC LIGHTER DISPLAY Trend/Maxi/Reach/Graphic cs pk 190","Inventory Part",142.50,189.994,,0,0,"",0,"IMPERIAL LUBES & SUPPLY"
,"BIC-MINI-53","BIC - Mini Lighters - 1/53ct","Inventory Part",38.00,70.00,,0,0,"",0,"IMPERIAL LUBES & SUPPLY"
,"Bicarbonate-50lb","Bicarbonate of Soda..50 lb. Bag","Inventory Part",0.333,0.40,,5200,0,"",0,
,"BITTER-AF","Denatonium Benzoate Powder 99% CAS# 3734-33-6 (BITTERENT FOR ANTIFREEZE) KG","Inventory Part",212.00,0.00,"Non",102,0,"",0,
,"BM-120004","Black Magic - Aluminum Wheel Cleaner - 6/23oz","Inventory Part",35.24,35.99,,0,0,"",0,"IMPERIAL LUBES & SUPPLY"
,"BM-120005","Black Magic - Chrome Wheel Cleaner - 6/23oz","Inventory Part",38.24,38.99,,0,0,"",0,"IMPERIAL LUBES & SUPPLY"
,"BM-120079","Black Magic Intense Tire Wet  AER 4/17oz","Inventory Part",25.92,27.99,,0,0,"",0,
,"BM-120204","Black Magic - Pro Graphene Wheel & Tire Cleaner - 6/23oz","Inventory Part",42.24,42.99,,0,0,"",0,"IMPERIAL LUBES & SUPPLY"
,"BM-2220","Black Magic Tire Wet Foam AER 6/18oz","Inventory Part",28.80,55.87,,0,0,"",0,
,"BM-23","Black Magic Tire Wet 6/23oz","Inventory Part",23.46,48.57,,0,0,"",0,
,"BM-23220","Black Magic - Tire Wet - 6/14.5oz","Inventory Part",44.24,44.99,,0,0,"",0,"IMPERIAL LUBES & SUPPLY"
,"BM-41023","Black Magic - No Scrub Wheel Cleaner - 6/23oz","Inventory Part",36.24,36.99,,0,0,"",0,"IMPERIAL LUBES & SUPPLY"
,"BOIL-30","Jegs break in oil - 10W30 (Gallon)","Inventory Part",6.15,0.00,,1100,0,"",0,
,"BOIL-50","Jegs break in oil - 20W50 (Gallon)","Inventory Part",6.42,0.00,,1100,0,"",0,
,"BORAX","BORAX, 5 MOL PENTAHYDRATE 02220-BAGS","Inventory Part",0.62,0.00,,3306.9,0,"",0,"VIKING CHEMICAL COMPANY"
,"BOT-AF-BLK","EMPTY ANTIFREEZE BLACK BOTTLE 1 GAL","Inventory Part",0.95731,0.00,,43018,0,"",0,
,"BOT-AF-WHT","1 Gal Trim, 284/Unit - White, 150G, 38 Rexam CR SNAP LOK","Inventory Part",0.75523,0.00,,2640,0,"",0,"Lee Container"
,"BOT-CHAR","Quick Lite Charcoal Lighter Fluid Bottle","Inventory Part",0.37202,0.00,,120960,0,"",0,
,"BOT-DEF2.5","Bottles Natural 2.5 GAL for DEF w/spout","Inventory Part",1.0586,0.00,,7050,0,"",0,"CONTAINER SPECIALTIES INC."
,"BOT-F-NAT","F Style Natural Bottles 1 Gallon. Used for Windshield Wash (OTR)","Inventory Part",0.7144,0.00,,110880,0,"",0,
,"BOT-OIL-QTB","Quart bottle for OIL Black Ea","Inventory Part",0.29485,0.00,,59202,0,"",209088,"GRAHAM PACKAGING COMPANY"
,"BOT-OIL-QTBW","Quart bottle for OIL Black Ea Wood","Inventory Part",0.2533,0.00,,283140,0,"",0,"GRAHAM PACKAGING COMPANY"
,"BOT-OIL-QTYL","Quart bottle for OIL YELLOW Ea Wood","Inventory Part",0.2533,0.00,,56628,0,"",0,"GRAHAM PACKAGING COMPANY"
,"BOTTLE-5GAL-PAIL","Empty 5 Gallon Plus Pail Metal Handle","Inventory Part",3.51,0.00,"Non",825,0,"",0,
,"BOTTLE-5GAL-TT","Empty 5 Gallon Tear Tab Uni-Grip","Inventory Part",1.50,0.00,"Non",124,0,"",0,
,"BOTTLE-AFYEL","Empty Yellow Antifreeze Gallon Bottle","Inventory Part",0.60991,0.75,"Non",351210,0,"",926480,
,"BOTTLE-RD-NAT","ROUND NATURAL GALLON BOTTLE EA","Inventory Part",0.38,0.00,,484670,0,"",0,"POLYCON INDUTRIES, INC."
,"BOTTLE-RD-NAT-4PK","ROUND NATURAL GALLON BOTTLE 4PK","Inventory Part",0.77114,9.99,,16992,0,"",0,"POLYCON INDUTRIES, INC."
,"BOTTLE-RD-WHT","Round Gal Blue/White 110gm","Inventory Part",0.67,0.00,,18038,0,"",0,"POLYCON INDUTRIES, INC."
,"BOTTLE-WHT-GAL","WHITE BOTTLE F STYLE GAL FOR DEGREASER","Inventory Part",0.46,0.00,,1056,0,"",0,
,"BOX-4SOIL","BOX For 4 Seasons Oil 6/1qt","Inventory Part",0.356,0.00,,69433,0,"",86587,"PRATT CORRUGATED HOLDINGS, INC."
,"BOX-AF","BOX ANTIFREEZE COOLANT","Inventory Part",1.09,0.00,,4266,0,"",24700,"PRATT CORRUGATED HOLDINGS, INC."
,"BOX-AF-NEW","ANTIFREEZE COOLANT BOX  1 COLOR..SPEC # 671274","Inventory Part",1.01,9.99,,0,0,"",30501,"PRATT CORRUGATED HOLDINGS, INC."
,"BOX-ALLBLUE","ALLBLUE DEF BOX EACH","Inventory Part",1.575,0.00,,0,0,"",10000,"PRATT CORRUGATED HOLDINGS, INC."
,"BOX-ALLTEMP","ALL TEMP A/F BOX","Inventory Part",1.081,0.00,,33535,0,"",50250,"PRATT CORRUGATED HOLDINGS, INC."
,"BOX-ATAFC","Box All Temp A/F coolant","Inventory Part",1.095,0.799,,20593,0,"",10000,
,"BOX-CHAR","Quik Lite Charcoal Fluid Box","Inventory Part",0.435,0.50,,19208,0,"",792,
,"BOX-DIV","BOX DIVIDER FOR ANTIFREEZE","Inventory Part",0.389,0.00,,500,0,"",0,"PRATT CORRUGATED HOLDINGS, INC."
,"BOX-FSTYLEBLANK","Box For Windshield F-Style","Inventory Part",0.816,0.80,,40164,0,"",19800,
,"BOX-GREENPWR","GREEN POWER ANTIFREEZE BOX","Inventory Part",0.795,0.00,,140576,0,"",190750,
,"BOX-OIL-BLANK","Box Oil Blank","Inventory Part",0.698,0.80,,1048,0,"",1000,
,"BOX-PADEF","Pure Air Def Box Spec#1010451","Inventory Part",0.48,0.00,,59000,0,"",40000,
,"BOX-PLAIN-6/1","PLAIN 6/1 Box (New 2026)..Bought specifically for Quality DEF can be used for other items","Inventory Part",0.895,0.00,,20438,0,"",0,
,"BOX-PS","4-1 Gallon Empty Box for Pool Shock","Inventory Part",0.94,0.00,,22160,0,"",0,"CONTAINER SPECIALTIES INC."
,"BOX-SIMPLY","BOX FOR SIMPLY AUTO ANTIFREEZE","Inventory Part",1.342,0.00,,0,0,"",10000,
,"BOX-WW/BL","Gallon WW/BL","Inventory Part",0.859,0.00,,61463,0,"",112000,
,"BOX-WW/BL-NEW","BOX FOR WW AND BLEACH 61/GAL EA..SPEC# 671298","Inventory Part",1.26,9.99,,41574,0,"",64955,"PRATT CORRUGATED HOLDINGS, INC."
,"BOX11024954","BLACK GOLD DISPLAY TRAY","Inventory Part",0.18,0.00,,360,0,"",0,"IMPERIAL LUBES & SUPPLY"
,"BOX11024971","BLACK GOLD KRAFT SHIPPER BOX","Inventory Part",0.70,0.00,,105,0,"",0,"IMPERIAL LUBES & SUPPLY"
,"BRI-84053","Briggs - Red Gas Cans 3/5Gal","Inventory Part",31.00,36.50,,-30,1,"",0,
,"BRIG-1G","#84013 -Briggs - Gas Can with FMD - 8/1Gal","Inventory Part",39.99,46.99,,0,1,"",0,
,"BRIG-2G","Briggs & Stratton - Gas Cans - 6/2+ Gal","Inventory Part",30.32,80.00,,-52,1,"",0,"IMPERIAL LUBES & SUPPLY"
,"BUB-16-BB","Bubly Sparkling Water Blackberry 12/16oz","Inventory Part",13.15,14.15,,0,0,"",0,"Pepsi Beverages Company"
,"BUB-16-CH","Bubly Sparkling Water Cherry 12/16oz","Inventory Part",13.15,14.15,,0,0,"",0,"Pepsi Beverages Company"
,"BUB-16-GF","Bubly - Sparkling Water Grapefruit - 12/16oz","Inventory Part",13.15,14.15,,0,0,"",0,"Pepsi Beverages Company"
,"BUB-16-LI","Bubly Sparkling Water Lime 12/16oz","Inventory Part",13.15,14.15,,0,0,"",0,"Pepsi Beverages Company"
,"BULK-5W20","5W20  BULK/GALLON MOTOR OIL","Inventory Part",4.40,0.00,,334.7,0,"",0,"SHAMROCK CHICAGO CORP"
,"BULK-5W30","5W30  BULK/GALLON MOTOR OIL","Inventory Part",4.40,0.00,,6467,0,"",0,"SHAMROCK CHICAGO CORP"
,"BULK-MET","Methanol Gal","Inventory Part",1.84,0.00,,229746.8,0,"",35000,"SHAMROCK CHICAGO CORP"
,"BULK-Water","Bulk Water for Production Gallon Ea","Inventory Part",0.00001,0.00,,704008.16,0,"",0,
,"CAL-CL","Peladow Calcium Chloride 50lb Bag","Inventory Part",12.65,19.99,,0,0,"",0,"MIDWEST SALT"
,"CAP-AFYEL","38/400 CRC Yellow Cap for Antifreeze","Inventory Part",0.08,0.00,,150000,0,"",0,
,"CAP-BL","MOLD RITE PD0381 AD0240000 WHITE CAP","Inventory Part",0.042,0.00,,0,0,"",0,"TK SUPPLIES & PACKAGING"
,"CAP-BL-BLUE","MOLD RITE 38400 BLUE CAP MRPBU03","Inventory Part",0.045,0.00,,23200,0,"",0,"TK SUPPLIES & PACKAGING"
,"CAP-CHAR","Cap Quick Lite Charcoal Lighter Fluid","Inventory Part",0.00,0.00,,0,0,"",0,
,"CAP-DEF","Cap 38/400 for All Blu DEF Ea","Inventory Part",0.037,0.00,,89950,0,"",0,
,"CAP-LF","Charcoal Fluid Lighter Cap Red 28MM","Inventory Part",0.215,0.30,,101750,0,"",0,
,"CAP-OIL","Black Oil Cap 28mm","Inventory Part",0.02,0.00,,650970,0,"",0,
,"CAP-PLC50","Cap for PLC 50 Antifreeze Ea","Inventory Part",0.0225,0.00,,63800,0,"",0,
,"CAP-PS","38/400 Child Resistant Vented White Polypropylene Closure with Standard Circumbent-4 Foam (F217)...","Inventory Part",0.136,10.00,,396200,0,"",0,"Fox Valley Containers, INC."
,"CAP-WH","Berry 38/400 White CR3 ""Argus Loc"" CRC  (HSL for HDPE)  EACH34lbs/cs","Inventory Part",0.057,0.00,,966140,0,"",0,
,"CAU-POTASH","Cuastic Potash Liquid, 45%","Inventory Part",1.02,0.00,,0,0,"",0,"VIKING CHEMICAL COMPANY"
,"CAU-SODA","Caustic Soda 50# DG CD50-4211 LB","Inventory Part",0.22814,0.00,,175411.52,0,"",0,"SEELER CHEMICAL DISTRIBUTION"
,"CEL-12-OR","Celsius Sparkling Orange 12/12oz","Inventory Part",21.73,22.73,,0,0,"",0,
,"CF-DISP- SA","Little Tree - Spray Display Assorted - 24ct","Inventory Part",46.12,46.87,,0,0,"",0,"IMPERIAL LUBES & SUPPLY"
,"CF-DISP-ASST","Little Tree - Assorted Display - 72/2ct","Inventory Part",109.07,109.82,,0,0,"",0,"IMPERIAL LUBES & SUPPLY"
,"CF-FIB-AST","Little Trees - Fiber Cans Assorted - 1/12pk","Inventory Part",35.21,35.96,,0,0,"",0,"IMPERIAL LUBES & SUPPLY"
,"CF-SGL-BI","Little Tree Car Fresheners Black Ice Singles 24ct","Inventory Part",13.59333,21.32808,,0,0,"",0,
,"CF-SGL-CO","Little Tree Car Fresheners Coconut Singles 24ct","Inventory Part",13.59333,21.32808,,0,0,"",0,
,"CF-SGL-JA","Little Tree Car Fresheners Jasmin Singles 24ct","Inventory Part",13.59333,21.32808,,0,0,"",0,
,"CF-SGL-LA","Little Tree Car Fresheners Lavender Singles 24ct","Inventory Part",13.59333,21.32808,,0,0,"",0,
,"CF-SGL-NC","Little Tree Car Fresheners New Car Singles 24ct","Inventory Part",13.59333,21.32808,,0,0,"",0,
,"CF-SGL-RM","Little Tree Car Fresheners Rainforest Mist Singles 24ct","Inventory Part",13.59333,21.32808,,0,0,"",0,
,"CF-SGL-SB","Little Tree Car Fresheners Sunset Beach Singles 24ct","Inventory Part",13.59333,21.32808,,0,0,"",0,
,"CHLD35-GN","Choice Laundry Detergent Gain Type 3.5 Gal","Inventory Part",9.00,19.99,,-6541,0,"",0,
,"CHLD35-TI","Choice Laundry Detergent TIDE Type 3.5 Gal","Inventory Part",9.00,19.99,,-4561,0,"",0,
,"CHLR-BULK","Sodium Hypochlorite 15% Cryst Bleach 15% by vol-cert (LIQUID CHLORINE)","Inventory Part",1.78,0.00,,43998.2103,0,"",0,"ROWELL CHEMICAL CORPORATION"
,"CHLR-BULK-GAL","Sodium Hypochlorite 9%-12%","Inventory Part",0.68,0.00,,29000,0,"",0,"Filron Solutions"
,"CHLR-BULK-LB","Sodium Hypochlorite 12.5%  (LIQUID CHLORINE) LB","Inventory Part",0.2035,0.00,,188520,0,"",0,"Alexander Chemical Corporation"
,"CLF-QT","Charcoal Lighter Fluid 12/1qt","Inventory Part",27.00,39.00,,0,0,"",0,"IMPERIAL LUBES & SUPPLY"
,"COKE-20OZ-ALL","20 OZ COKE PRODUCTS","Inventory Part",21.35,40.00,,0,0,"",0,"CASH VENDOR"
,"CP-6PK","MIA Center Pull Towel 400 sheets /roll 6PK","Inventory Part",12.00,20.00,,0,0,"",0,"BALKAN BROTHERS"
,"CP-RG-007","WARNER - DISPLAY Rolex Green Deluxe Multi Brackets Accessories - 1/114ct","Inventory Part",226.24,226.99,,0,0,"",0,"IMPERIAL LUBES & SUPPLY"
,"CP-RXB-009","WARNER - DISPLAY Rolex Blue Top Revolving w/ Hook Hanging w/ Door - 102ct","Inventory Part",258.24,258.99,,0,0,"",0,"IMPERIAL LUBES & SUPPLY"
,"CRUSH-20-GR","Crush Grape 24/20 oz","Inventory Part",23.23,24.23,,0,0,"",4,
,"CRUSH-20-OR","Crush Orange 24/20 oz","Inventory Part",23.23,24.23,,2,0,"",5,
,"CRUSH-20-ST","Crush Strawberry 24/20 oz","Inventory Part",23.23,24.23,,0,0,"",7,
,"CSPOUTEDEF","Curled, DEF Vented Spout, 38V","Inventory Part",0.29,0.39,,42600,0,"",0,
,"CV-MASK-3PLY","3PLY MASK W/EARLOOP","Inventory Part",0.50,1.00,,0,0,"",0,"AMERICAN OIL AND CHEMICAL INC"
,"D51041","CHROMATINT YELLOW GRHF LIQUID DYE FOR OIL LB","Inventory Part",17.70,0.00,,120,0,"",0,"Chromatech Inc."
,"D53004B","CHROMATINT RED IK LIQUUID ..DYE FOR OIL","Inventory Part",10.17,0.00,,120,0,"",0,"Chromatech Inc."
,"DC-42623","Child- Resistant Caps, Ribbed Closure With a 38/400 Finish, Includes a F101 Heat Seal Liner, By ...","Inventory Part",0.00,0.00,,68000,0,"",0,
,"DCC100","Diplomat Concrete Cleaner 100lb Drum","Inventory Part",38.50,79.99,,0,0,"",0,"IMPERIAL LUBES & SUPPLY"
,"DEF002","Peak Blue Def 2.5 Gal Ea","Inventory Part",10.20,12.99,,0,40480,"",1760,"OK Petroleum Distribution Corp."
,"DEF003","Peak Blue Def 4/1gal","Inventory Part",11.80,17.99,,0,0,"",0,"OK Petroleum Distribution Corp."
,"DEFTT","Bulk DEF - 275 Tote","Inventory Part",700.00,629.75,,0,1,"",0,
,"DEG002","PLATINUM Blue Def 2.5 Gal Ea","Inventory Part","",0.00,,0,0,"",0,"IMPERIAL LUBES & SUPPLY"
,"DELVAC-15W40","Mobil - Delvac 15W40 - 4/1Gal","Inventory Part",0.00,56.00,,0,0,"",0,
,"DHO317-2250","317 DHO 2250LB TOTE","Inventory Part",4387.50,9000.00,,16554,0,"",0,
,"DISVOLTLITHX","VOLTLITHX Metal Floor Display","Inventory Part",100.00,0.01,,0,2,"",0,
,"DOLE-20-LE","Dole Lemonade 24/20 oz","Inventory Part",23.23,24.23,,4,0,"",15,
,"DOLE-20-SL","Dole Strawberry Lemonade 24/20 oz","Inventory Part",23.23,24.23,,6,0,"",20,
,"DRUM-MT55","Empty Plastic Drum 55 gal TH Blue","Inventory Part",17.00,27.62,,2968,0,"",0,"HIGGINS BROTHERS., INC."
,"DRUM-MT55-STL","55 Gallon Steel Drums Reconditioned","Inventory Part",25.00,0.00,,115,0,"",0,"Schultz Barrel & Drum"
,"DYE-BLU-LQ","Soracid Blue Liquid Dye for Marine Antifreeze lb","Inventory Part",5.52,0.00,,204.828,0,"",0,"FIRST SOURCE WORLDWIDE, LLC"
,"DYE-BLUE-WW","Chromatint Blue 0408 (D35003X) Liquid for Windshield Washer","Inventory Part",7.92,7.60,,1034.423,0,"",0,
,"DYE-GREEN","Green Dye for Antifreeze","Inventory Part",12.92,0.00,"Non",1315.384,0,"",0,
,"DYE-GRN-BG","Liquid Green Dye for Black Gold lb","Inventory Part",12.35,0.00,,35,0,"",0,"FIRST SOURCE WORLDWIDE, LLC"
,"DYE-OR","Chromatint Orange 1735 Liquid (D92008)","Inventory Part",11.17,0.00,,120,0,"",0,
,"DYE-PUR-LQ","SORACID Purple (Violet) dye for Degreaser lb","Inventory Part",33.76,0.00,,24.985,0,"",0,"FIRST SOURCE WORLDWIDE, LLC"
,"DYE-RED","Chromatint Red 1887 (D93287X)","Inventory Part",11.12,0.00,,38.478,0,"",0,
,"DYE-RHODAMINE","Soracid Rhodamine WT Liquid lb","Inventory Part",29.43,0.00,,0.0004,0,"",0,"FIRST SOURCE WORLDWIDE, LLC"
,"DYE-VIOLET","Chromatint Violet 3544 (D949003)","Inventory Part",10.95,0.00,,39.79411,0,"",0,
,"DYE-VIOLET-2","Chromatint Violet 3782 (D949007)","Inventory Part",7.07,0.00,,37.88484,0,"",0,
,"DYE-YEL","Soracid yellow Dye lb","Inventory Part",11.93,0.00,,2.5294,0,"",0,"FIRST SOURCE WORLDWIDE, LLC"
,"EG-32240","EG 32240 GLASS BOSTON ROUND 20/400","Inventory Part",0.117,0.00,,50040,0,"",0,
,"EG-RAW","Raw Ethylene Glycol lb","Inventory Part",0.285,0.00,"Non",1251278,0,"",0,
,"EG-RAW-GAL","Glycol in Gallons","Inventory Part",2.56026,0.00,,274161,0,"",0,
,"EP-28975","Pet Bottles Round Boston 1oz","Inventory Part",0.083,0.00,,0,0,"",0,"Mckernan Packaging Clearing House"
,"EP-35018","1 oz BOSTON ROUND BOTTLE","Inventory Part",0.0699,0.00,,44620,0,"",0,"Mckernan Packaging Clearing House"
,"EP-35317","BOTTLE BOSTON ROUND PET 1OZ","Inventory Part",0.06,0.00,,0,0,"",0,"Mckernan Packaging Clearing House"
,"EP-36214","BOTTLES PLASTIC PET 1OZ","Inventory Part",0.06,0.00,,0,0,"",0,"Mckernan Packaging Clearing House"
,"Ethanol-Bulk","Denatured Ethanol Bulk Gal","Inventory Part",0.69,6.99,,65857.6,0,"",8000,
,"FCAB53","FLEET Charge 5050 6/1gal","Inventory Part",0.00,0.00,,0,0,"",0,"IMPERIAL LUBES & SUPPLY"
,"FCBL01","FRESH CHOICE Bleach 6/1Gal","Inventory Part",6.00,14.00,,-2442,0,"",0,
,"FCBL015","Fresh Choice Bleach 5% 6/1gal","Inventory Part",10.00,20.00,,-175,0,"",0,
,"FCBL05","FRESH CHOICE Bleach 5 Gal Pail","Inventory Part",7.00,15.00,,9,0,"",0,
,"FCBL55","Fresh Choice Bleach 5.25% 55 gal Dr","Inventory Part",65.00,199.99,,-18,0,"",0,
,"FCHS01","FRESH CHOICE Hand Sanitizer FB 36/1oz","Inventory Part",24.00,89.64,,-12,0,"",0,
,"FCHS01G","Fresh Choice Hand Sanitizer Gallon 4/1gal","Inventory Part",100.00,200.00,,0,0,"",0,
,"FCPS26","Pool Shock Liquid Chlorine12.5% 6/1gal","Inventory Part",10.18,40.00,,-2751,0,"",0,
,"Floor Soap","Floor Soap #100 Drum","Inventory Part",52.00,52.00,,0,0,"",0,"IMPERIAL LUBES & SUPPLY"
,"Flush Tote","Flush Tote","Inventory Part",150.00,0.00,,595,0,"",32,"IMPERIAL LUBES & SUPPLY"
,"FXAB53","Final Charge 5050 6/1gal","Inventory Part",45.90,0.00,,0,0,"",0,
,"GAT-1L","Gatorade - Water - 12/1L","Inventory Part",24.94,25.75,,0,0,"",0,
,"GAT-20-CB","Gatorade Cool Blue 24/20 oz","Inventory Part",28.39,29.39,,18,0,"",0,
,"GAT-20-FG","Gatorade Fierce Grape 24/20 oz","Inventory Part",28.39,29.39,,0,0,"",0,
,"GAT-20-FP","Gatorade Fruit Punch 24/20 oz","Inventory Part",28.39,29.39,,0,0,"",0,
,"GAT-20-GC","Gatorade Glacier Cherry 24/20 oz","Inventory Part",28.39,29.39,,0,0,"",0,
,"GAT-20-GF","Gatorade Glacier Freeze 24/20 oz","Inventory Part",28.39,29.39,,0,0,"",0,
,"GAT-20-LL","Gatorade Lemon Lime 24/20 oz","Inventory Part",28.39,29.39,,0,0,"",0,
,"GAT-20-OR","Gatorade Orange 24/20 oz","Inventory Part",28.39,29.39,,0,0,"",0,
,"GAT-20-RR","Gatorade - Riptide Rush - 24/20oz","Inventory Part",28.39,29.39,,0,0,"",0,
,"GAT-20-ZGC","Gatorade ZERO Glacier Cherry 24/20 oz","Inventory Part",28.39,29.39,,0,0,"",0,
,"GAT-20-ZGR","Gatorade - Zero Grape -  24/20 oz","Inventory Part",28.39,29.39,,0,0,"",0,
,"GAT-20-ZOR","Gatorade - Zero Orange -  24/20 oz","Inventory Part",28.39,29.39,,0,0,"",0,
,"GAT-20-ZSK","Gatorade ZERO Strawberry Kiwi 24/20 oz","Inventory Part",28.39,29.39,,0,0,"",0,
,"GAT-20GL-CL","Gatorade Gatorlyte Cherry Lime 12/20oz","Inventory Part",33.74,34.74,,0,0,"",0,"Pepsi Beverages Company"
,"GAT-20GL-GF","Gatorade Gatorlyte Glacier Freeze 12/20oz","Inventory Part",33.74,34.74,,0,0,"",0,"Pepsi Beverages Company"
,"GAT-20GL-LC","Gatorade Gatorlyte Lime Cucumber 12/20oz","Inventory Part",33.74,34.74,,0,0,"",0,"Pepsi Beverages Company"
,"GAT-20GL-MB","Gatorade Gatorlyte Mixed Berry 12/20oz","Inventory Part",33.74,34.74,,0,0,"",0,"Pepsi Beverages Company"
,"GAT-20GL-OR","Gatorade Gatorlyte Orange 12/20oz","Inventory Part",33.74,34.74,,0,0,"",0,"Pepsi Beverages Company"
,"GAT-20GL-SK","Gatorade Gatorlyte Strawberry Kiwi 12/20oz","Inventory Part",33.74,34.74,,0,0,"",0,"Pepsi Beverages Company"
,"GAT-20GL-WM","Gatorade Gatorlyte Watermelon 12/20oz","Inventory Part",33.74,34.74,,0,0,"",0,"Pepsi Beverages Company"
,"GAT-28-ZSK","Gatorade ZERO Straw Kiwi 15/28 oz","Inventory Part",30.49,31.49,,0,0,"",0,"Pepsi Beverages Company"
,"GAT-FIT-BLR","Gatorade G FIT Blackberry Rasp 12/16.9oz","Inventory Part",15.19,16.19,,0,0,"",0,"Pepsi Beverages Company"
,"GAT-FIT-CB","Gatorade G FIT Citrus Berry 12/16.9oz","Inventory Part",15.19,16.19,,0,0,"",0,"Pepsi Beverages Company"
,"GAT-FIT-PF","Gatorade G FIT Passion Fruit Citrus 12/16.9oz","Inventory Part",15.19,16.19,,0,0,"",0,"Pepsi Beverages Company"
,"GAT-FIT-TM","Gatorade G FIT Tropical Mango 12/16.9oz","Inventory Part",15.19,16.19,,0,0,"",0,"Pepsi Beverages Company"
,"GAT-FIT-WS","Gatorade G FIT Watermelon Strw 12/16.9oz","Inventory Part",15.19,16.19,,0,0,"",0,"Pepsi Beverages Company"
,"GDAF50","Gas Depot 5050 Green Antifreeze 6/1gal","Inventory Part",12.00,30.00,,0,0,"",0,
,"GDWW20","Gas Depot -20 Windshield Wash 6/1Gal","Inventory Part",6.00,20.00,,0,0,"",0,
,"GEF030","Bulk DEF Gallon Ea","Inventory Part",1.38,0.00,,52791,0,"",0,
,"Glycerine","Gylcerine 99.7% TG N774-0570","Inventory Part",0.44,0.44,,935,0,"",0,"SEELER CHEMICAL DISTRIBUTION"
,"GLYCOL-ETHER-EB","Glycol Ether EB lb","Inventory Part",0.747,0.00,,52830,0,"",0,"VIKING CHEMICAL COMPANY"
,"GT-22550","Giants Pumpkin Seeds Roasted & Salted 12/5.15oz","Inventory Part",41.64,71.88,,0,0,"",0,
,"GT-33365","Giants Original Roasted & Salted Seeds 12/5.75oz","Inventory Part",22.20,35.88,,0,0,"",0,
,"GT-33555","Giants Dill Seeds 12/5oz","Inventory Part",22.20,35.88,,0,0,"",0,
,"GT-33575","Giants BBQ Seeds 12/5oz","Inventory Part",22.20,35.88,,0,0,"",0,
,"GT-33685","Giants Bacon Ranch Seeds 12/5oz","Inventory Part",22.20,35.88,,0,0,"",0,
,"GT-33775","Giants Honey Mustard Seeds 12/5oz","Inventory Part",22.20,35.88,,0,0,"",0,
,"GT-33850","Giants Sweet Thai Chili Seeds 12/5oz","Inventory Part",22.20,35.88,,0,0,"",0,
,"GT-42265","Giants Tray Trio (Roasted & Salted, Dill, Bacon Ranch Seeds) 72/5oz","Inventory Part",133.20,215.28,,0,0,"",0,
,"GT-51650","Giants Pistachios Dill Pickle 8/4.5oz","Inventory Part",26.96,47.92,,0,0,"",0,
,"GT-51660","Giants Pistachios Roasted & Salted 8/4.5oz","Inventory Part",26.96,47.92,,0,0,"",0,
,"GT-51670","Giants Pistachios Sour Cream & Onion 8/4.5oz","Inventory Part",26.96,47.92,,0,0,"",0,
,"GT-51710","Giants Pistachio Naked Sweet Thai Chili 10/3oz","Inventory Part",43.20,59.90,,0,0,"",0,
,"GT-51720","Giants Pistachio Naked Dill Pickle 10/3oz","Inventory Part",43.20,59.90,,0,0,"",0,
,"GT-51730","Giants Pistachio Naked Salted 10/3oz","Inventory Part",43.20,59.90,,0,0,"",0,
,"GT-51940","Giants Pistachios Display (Original, Sour Cream & Onion, Dill Pickle) 48/4.5oz","Inventory Part",161.76,287.52,,0,0,"",0,
,"GT-61510","Giants Cashews Salted 8/4oz","Inventory Part",30.08,47.92,,0,0,"",0,
,"GT-61520","Giants Cashews Dill 8/4oz","Inventory Part",30.08,47.92,,0,0,"",0,
,"GT-61530","Giants Cashews Bacon Ranch 8/4oz","Inventory Part",30.08,47.92,,0,0,"",0,
,"GT-61540","Giants Cashews Sweet Thai Chili 8/4oz","Inventory Part",30.08,47.92,,0,0,"",0,
,"GT-61570","Giants Cashews Display (Salted, Dill, Sweet Thai Chili) 48/4oz","Inventory Part",180.48,287.52,,0,0,"",0,
,"GT-71510","Giants Pistachios/Cashews Bin Display (30 Salted & Dill Pistachios; 30 Sweet Thai Chili Cashews)...","Inventory Part",427.20,718.80,,0,0,"",0,
,"GTX-10W30","Castrol GTX 10w30 6/1qt","Inventory Part",25.00,44.99,,0,168,"",0,"IMPERIAL LUBES & SUPPLY"
,"GTX-10W40","Castrol GTX 10w40 6/1qt","Inventory Part",25.00,44.99,,0,168,"",0,"IMPERIAL LUBES & SUPPLY"
,"GTX-20W50","GTX 20W50 6/1QT","Inventory Part",25.00,44.99,,0,168,"",0,"IMPERIAL LUBES & SUPPLY"
,"GTX-5W20","GTX 5w20 6/1qt","Inventory Part",22.50,44.99,,0,168,"",0,
,"GTX-5W30","Castrol GTX 5w30 6/1qt","Inventory Part",22.50,44.99,,0,168,"",0,"IMPERIAL LUBES & SUPPLY"
,"GTX-ATF","Castrol GTX ATF 6/1qt","Inventory Part",23.50,44.99,,0,168,"",0,"IMPERIAL LUBES & SUPPLY"
,"GTX-FS-0W20","Castrol Full Synthetic 0w20 6/1qt","Inventory Part",24.50,30.00,,0,0,"",0,"IMPERIAL LUBES & SUPPLY"
,"GTX-HD30-QT","Castrol GTX HD30 6/1qt","Inventory Part",10.50,29.99,,0,0,"",0,
,"HAV-10W30","Havoline 10w30 12/1qt","Inventory Part",35.50,54.99,,0,84,"",0,"IMPERIAL LUBES & SUPPLY"
,"HAV-10W40","Havoline 10w40 12/1qt","Inventory Part",34.87,54.99,,0,0,"",0,"IMPERIAL LUBES & SUPPLY"
,"HAV-20W50","Havoline 20W50 12/1qt","Inventory Part",32.99,54.99,,0,0,"",0,"IMPERIAL LUBES & SUPPLY"
,"HAV-5W20","Havoline 5w20 12/1qt","Inventory Part",32.75,54.99,,0,84,"",0,"IMPERIAL LUBES & SUPPLY"
,"HAV-5W30","Havoline 5w30 12/1qt","Inventory Part",35.50,54.99,,0,84,"",0,"IMPERIAL LUBES & SUPPLY"
,"HAV-ATF","Havoline ATF MD3 12/1qt","Inventory Part",35.50,54.99,,0,0,"",0,"IMPERIAL LUBES & SUPPLY"
,"HAV-PL50","Haviland - Durachlor Tab 3 - 1/50lb","Inventory Part",181.94,250.00,,9,0,"",0,
,"HF-20410","SPRAYERS, FINE MIST, FR, CLEAR HOOD 2 13/16"" DT","Inventory Part",0.183,0.00,,19000,0,"",0,"Mckernan Packaging Clearing House"
,"HF-27799","SPRAYER SMOOTH CLEAR PP HOOD 450MCL, 3.38"" DT","Inventory Part",0.035,0.00,,0,0,"",0,"Mckernan Packaging Clearing House"
,"HF-31289","Sprayer for 2oz Black Gold ea","Inventory Part",0.14695,0.00,,0,0,"",0,
,"HS-16.9OZ","Smart care Hand Sanitizer 16.9oz 12ct","Inventory Part",2.00,20.00,,0,0,"",0,
,"HT-28201","Heet - Fuel line Antifreeze And Water Remover - 24/12oz","Inventory Part",29.99,36.99,,0,0,"",0,
,"IG-61127","ICE GOLD Premium Air Freshener 24/1oz","Inventory Part",12.00,29.99,,0,0,"",0,
,"IHIM50","Premium Grade Ice Heat (-7F) Ice Melt Bag - 1/50lb","Inventory Part",7.5011,16.99,,-245,0,"",0,
,"IPA-55","ISOPROPYL ALCOHOL 55 GAL","Inventory Part",329.42,0.00,,26,0,"",0,"VIKING CHEMICAL COMPANY"
,"ITA2CY8OZ","Itasca - 2 Cycle Engine Oil - 12/8oz","Inventory Part",10.50,13.99,,-396,198,"",0,
,"JB-2100","J-B Weld - Windshield Saver Repair Kit Carded - 1/4pk","Inventory Part",36.24,36.99,,0,0,"",0,"IMPERIAL LUBES & SUPPLY"
,"JB-2120","J-B Weld - Radiator & Plastic Tank Repair Kit Carded - 1/4pk","Inventory Part",34.24,34.99,,0,0,"",0,"IMPERIAL LUBES & SUPPLY"
,"JB-24206","J-B Weld - Blue Perma-Lock Medium Strength Thread Locker Carded - 12/6ml..","Inventory Part",46.24,46.99,,0,0,"",0,"IMPERIAL LUBES & SUPPLY"
,"JB-27106","J-B Weld - Red Perma-Lock High Strength Thread Locker Carded - 12/6ml","Inventory Part",46.24,46.99,,0,0,"",0,"IMPERIAL LUBES & SUPPLY"
,"JB-31310","J-B Weld - Clear Silicone - 6/3oz","Inventory Part",22.24,22.99,,0,0,"",0,"IMPERIAL LUBES & SUPPLY"
,"JB-31314","J-B Weld - Hi Temperature Red Silicone - 6/3oz","Inventory Part",25.24,25.99,,0,0,"",0,"IMPERIAL LUBES & SUPPLY"
,"JB-31316","J-B Weld - Blue Silicone - 6/3oz","Inventory Part",20.24,20.99,,0,0,"",0,"IMPERIAL LUBES & SUPPLY"
,"JB-31319","J-B Weld - Super Weld 1/6ct Carded - 6/20g..","Inventory Part",19.24,19.99,,0,0,"",0,"IMPERIAL LUBES & SUPPLY"
,"JB-33120","J-B Weld - Super Weld 1/6ct Carded - 6/20g..","Inventory Part",19.24,19.99,,0,0,"",0,"IMPERIAL LUBES & SUPPLY"
,"JB-39205","J-B Weld - Tiger Patch Kit - 1/6pk","Inventory Part",33.24,33.99,,0,0,"",0,"IMPERIAL LUBES & SUPPLY"
,"JB-50101","J-B Weld - Minute Weld Syringe Carded - 6/25ml","Inventory Part",29.24,29.99,,0,0,"",0,"IMPERIAL LUBES & SUPPLY"
,"JB-50138","J-B Weld - AutoWeld 1/6ct Carded - 6/25ml","Inventory Part",51.24,51.99,,0,0,"",0,"IMPERIAL LUBES & SUPPLY"
,"JB-50176","J-B Weld - Kwik Weld Syringe - 6/25ml","Inventory Part",29.24,29.99,,0,0,"",0,"IMPERIAL LUBES & SUPPLY"
,"JB-8217","J-B Weld - Tank Weld Puddy Stick  - 1/6pk","Inventory Part",19.24,19.99,,0,0,"",0,"IMPERIAL LUBES & SUPPLY"
,"JB-8237","J-B Weld - Plastic Weld Carded - 6/57g","Inventory Part",32.24,32.99,,0,0,"",0,"IMPERIAL LUBES & SUPPLY"
,"JB-HCL1B","Herculiner - Black Roll-On 2 Bed Liner Kit 1Gal - Each","Inventory Part",114.24,114.99,,0,0,"",0,"IMPERIAL LUBES & SUPPLY"
,"JB-HCL2K","Herculiner - Pro 2 Part Spray-On Bed Liner Kit - 1Gal","Inventory Part",125.24,125.99,,0,0,"",0,"IMPERIAL LUBES & SUPPLY"
,"KENDSBG4","Kendall L-427 Super Blu Grease #2 - 6/4lb","Inventory Part",47.94,80.00,,0,0,"",0,
,"KLF002","Kleen DEF 2.5 Gal Jug","Inventory Part",7.25,14.99,,0,0,"",0,"IMPERIAL LUBES & SUPPLY"
,"KOL15W40DR","SAE 15W40 API CK-4/SN (Viscosity at cSt 14.5@100°C) 208L/55Gal","Inventory Part",368.80,417.50,,0,30,"",30,
,"KOL15W40PLUSDR","SAE 15W40 API CI-4 PLUS/SL (TBN 12 / Viscosity above cSt 14.5@100°C) 208L/55gal","Inventory Part",368.80,417.50,,0,10,"",10,
,"KOL20W50PLUSDR","SAE 20W50 API CI-4 PLUS/SL (TBN 12)  208L/55gal","Inventory Part",373.96,415.80,,0,15,"",15,
,"KOL80W90DR","GEAR OIL EP 80W90 API-GL 5 EP, LSD 208L/55gal","Inventory Part",338.99,376.90,,0,10,"",10,
,"KOL85W140DR","GEAR OIL EP 85W140 API-GL 5 EP  LSD  (without BS-150) 208L/55gal","Inventory Part",342.98,382.00,,0,15,"",15,
,"KOLRLG15.8K","Red Lithium Complex Grease Hi-Temp, EP NLGI 2.5 (260°C) well load upto-320+ 15.8KG","Inventory Part",35.17,42.40,,0,150,"",150,
,"KRT-25","Mia Kitchen Roll Towel 80 sheet roll 25pk","Inventory Part",15.00,30.00,,0,0,"",0,"IMPERIAL LUBES & SUPPLY"
,"KVT-15-SPKL","KeVita Sparkling Probiotic Lemonade 6/15.2oz","Inventory Part",16.09,17.09,,0,0,"",0,
,"LABEL-00048-B","Label All Temp. Green Power 1Gal Back","Inventory Part",0.05,0.00,,702004,0,"",0,
,"LABEL-00048-F","Label All Temp. Green Power 1Gal. Front","Inventory Part",0.05,0.00,,702004,0,"",0,
,"label-00090-b","[00090B] Label for Cool Power 50/50 1gal Back","Inventory Part",0.00,0.00,,50000,0,"",0,
,"LABEL-11398-B","Asian Vehicles Blue 50/50 Back","Inventory Part",0.055,0.00,"Non",20568,0,"",0,"US TAPE AND LABEL"
,"LABEL-11398-BOX","Asian Vehicles Blue 50/50 Box","Inventory Part",0.055,0.00,"Non",4856,0,"",0,"US TAPE AND LABEL"
,"LABEL-11398-F","Asian Vehicles Blue 50/50 Front","Inventory Part",0.055,0.00,"Non",20568,0,"",0,"US TAPE AND LABEL"
,"LABEL-11404-B","Asian Vehicles Red/Pink 50/50 Back","Inventory Part",0.055,0.00,"Non",24068,0,"",0,"US TAPE AND LABEL"
,"LABEL-11404-BOX","Asian Vehicles Red/Pink 50/50 Box","Inventory Part",0.055,0.00,"Non",5856,0,"",0,"US TAPE AND LABEL"
,"LABEL-11404-F","Asian Vehicles Red/Pink 50/50 Front","Inventory Part",0.055,0.00,"Non",24068,0,"",0,"US TAPE AND LABEL"
,"LABEL-11411-B","European Vehicles Blue 50/50 Back","Inventory Part",0.055,0.00,"Non",24500,0,"",0,"US TAPE AND LABEL"
,"LABEL-11411-BOX","European Vehicles Blue 50/50 Box","Inventory Part",0.055,0.00,"Non",6000,0,"",0,"US TAPE AND LABEL"
,"LABEL-11411-F","European Vehicles Blue 50/50 Front","Inventory Part",0.055,0.00,"Non",24500,0,"",0,"US TAPE AND LABEL"
,"LABEL-11428-B","European Vehicles Pink 50/50 Back","Inventory Part",0.055,0.00,"Non",24500,0,"",0,"US TAPE AND LABEL"
,"LABEL-11428-BOX","European Vehicles Pink 50/50 Box","Inventory Part",0.055,0.00,"Non",6000,0,"",0,"US TAPE AND LABEL"
,"LABEL-11428-F","European Vehicles Pink 50/50 Front","Inventory Part",0.055,0.00,"Non",24500,0,"",0,"US TAPE AND LABEL"
,"LABEL-61107-B","Label 4 Season SAE 10W30 Motor Oil Syn Blend Back","Inventory Part",0.02,0.00,,114002,0,"",0,
,"LABEL-61107-F","Label 4 Season SAE 10W30 Motor Oil Syn Blend Front","Inventory Part",0.02,0.00,,114002,0,"",0,
,"LABEL-61108-B","Label 4 Season SAE 10W40 Motor Oil Syn Blend Back","Inventory Part",0.02,0.00,,60850,0,"",0,
,"LABEL-61108-F","Label 4 Season SAE 10W40 Motor Oil Syn Blend Front","Inventory Part",0.02,0.00,,60850,0,"",0,
,"LABEL-61109-B","Label 4 Season SAE 5W20 Motor Oil Syn Blend Back","Inventory Part",0.02,0.00,,60004,0,"",0,
,"LABEL-61109-F","Label 4 Season SAE 5W20 Motor Oil Syn Blend Front","Inventory Part",0.02,0.00,,60004,0,"",0,
,"LABEL-61110-B","Label 4 Season SAE 5W30 Motor Oil Syn Blend Back","Inventory Part",0.02,0.00,,141752,0,"",0,
,"LABEL-61110-F","Label 4 Season SAE 5W30 Motor Oil Syn Blend Front","Inventory Part",0.02,0.00,,141752,0,"",0,
,"LABEL-61111-B","Label 4 Season ATF Type -A 1qt Back","Inventory Part",0.02,0.00,,117812,0,"",0,
,"LABEL-61111-F","Label 4 Season ATF Type -A 1qt Front","Inventory Part",0.02,0.00,,85412,0,"",0,
,"LABEL-61115-B","Label Super Purple Cleaer & Degreaser Back","Inventory Part",0.06,0.60,,12000,0,"",0,
,"LABEL-61115-F","Label Super Purple Cleaner & Degreaser Front","Inventory Part",0.06,0.60,,12000,0,"",0,
,"LABEL-611220","Label All Temperature","Inventory Part",0.05,0.00,,75955,0,"",0,
,"LABEL-6155-B","Label 4 Season Con. Green 1 Gal Back","Inventory Part",0.05,0.00,,162000,0,"",0,
,"LABEL-6155-F","Label 4 Season Con. Green 1 Gal Front","Inventory Part",0.05,0.00,,162000,0,"",0,
,"LABEL-PLC50","PLC 50 SLEEVE LABEL","Inventory Part",0.06695,0.00,,29000,0,"",0,"KILIPER CORPORATION"
,"LABEL-PSLC125","SLEEVE LABEL FOR POOL SHOCK","Inventory Part",0.086,0.00,,110400,0,"",0,"KILIPER CORPORATION"
,"LBL-00075-1GAL","Label Pool Shock 1 Gallon Bottles","Inventory Part",0.072,0.00,,6000,0,"",0,"IMPERIAL LUBES & SUPPLY"
,"LBL-45912-MA","Label for Muriatic Acid Gallon","Inventory Part",0.20,0.00,,9440,0,"",0,"IMPERIAL LUBES & SUPPLY"
,"LBL-45915","Label All Temp RV & Marine 1 Gal","Inventory Part",0.06,0.07,,102000,0,"",0,
,"LBL-45916","Label All Temp RV & Marine 55 Gal Drum","Inventory Part",0.54,0.64,,422,0,"",0,
,"LBL-45955","Label ALL TEMP ZERO X ALL WEATHER WINDSHIELD","Inventory Part",0.05,0.06,,30000,0,"",0,
,"LBL-45956","Label ALL TEMP BUG X WINDSHIELD BUG WASH","Inventory Part",0.05,0.06,,30000,0,"",0,
,"LBL-45957","Label ALL TEMP AQUA X SUMMER WINDSHIELD WASH","Inventory Part",0.05,0.06,,60000,0,"",0,
,"LBL-45958","Label POLAR X WINDSHIELD WASHER AND DE-ICER","Inventory Part",0.05,0.06,,852000,0,"",0,
,"LBL-45959","Label ALL TEMP FROST X WINDSHIELD WASHER + DEICER","Inventory Part",0.05,0.06,,171000,0,"",0,
,"LBL-45960","Label ALL TEMP TOTAL X ALL-CLIMATE WINDSHIELD WASH","Inventory Part",0.05,0.06,,30000,0,"",0,
,"LBL-45975","Label Fresh Choice Gain 3.5 Gal Pail","Inventory Part",0.12,0.15,,1000,0,"",0,"IMPERIAL LUBES & SUPPLY"
,"LBL-45976","Label Fresh Choice Tide 3.5 Gal Pail","Inventory Part",0.12,0.15,,1000,0,"",0,"IMPERIAL LUBES & SUPPLY"
,"LBL-61121","Label All Temp Windshield Wash & Deicer -20 55 Gal Drum","Inventory Part",0.50,0.60,,5000,0,"",0,
,"LBL-61123-DEICER","All Temp De-Icer -30(1 Gal)","Inventory Part",0.04777,0.02833,,11120,0,"",0,"IMPERIAL LUBES & SUPPLY"
,"LBL-61126","Liquid Gold 1oz Bottle Label","Inventory Part",0.058,0.025,,50000,0,"",0,"IMPERIAL LUBES & SUPPLY"
,"LBL-61127","Liquid Ice 1oz Bottle Label","Inventory Part",0.058,0.025,,61000,0,"",0,"IMPERIAL LUBES & SUPPLY"
,"LBL-99983-B","Label Simply Auto Antifreeze Orange 50/50 1Gal. Back","Inventory Part",0.08,0.00,,-15000,0,"",0,"IMPERIAL LUBES & SUPPLY"
,"LBL-99983-F","Label Simply Auto Antifreeze Orange 50/50 1Gal. Front","Inventory Part",0.08,0.00,,0,0,"",0,"IMPERIAL LUBES & SUPPLY"
,"LBL-99987-B","Label Simply Auto Antifreeze Green 50/50 1Gal. Back","Inventory Part",0.083,0.00,,0,0,"",0,"IMPERIAL LUBES & SUPPLY"
,"LBL-99987-F","Label Simply Auto Antifreeze Green 50/50 1Gal. Front","Inventory Part",0.083,0.00,,15000,0,"",0,"IMPERIAL LUBES & SUPPLY"
,"LBL-ALLBLU","[61153] Label ALL BLU DEF 1 GAL","Inventory Part",0.09,0.00,,7500,0,"",0,"IMPERIAL LUBES & SUPPLY"
,"LBL-ASAF50-B","Back Label All Season Antifreeze ASAF50","Inventory Part",0.025,0.00,,0,0,"",0,"IMPERIAL LUBES & SUPPLY"
,"LBL-ASAF50-F","Front Label For All Seasons ASAF50","Inventory Part",0.025,0.00,,0,0,"",0,
,"LBL-ATABD1-BOT","LABEL FOR ATABD1 BOTTLES","Inventory Part",0.07,0.00,,0,0,"",0,
,"LBL-ATBW","Label All Temp Bug Wash (611220)","Inventory Part",0.05,0.02833,,6556,0,"",0,"IMPERIAL LUBES & SUPPLY"
,"LBL-ATCFP-B","Label Fleet Power Anti Coolant Back","Inventory Part",0.07,0.025,,13200,0,"",0,"US TAPE AND LABEL"
,"LBL-ATCFP-BOX","BOX Label Fleet Power Anti Coolant","Inventory Part",0.20,0.085,,0,0,"",0,"US TAPE AND LABEL"
,"LBL-ATCFP-F","Label Fleet Power Anti Coolant Front","Inventory Part",0.07,0.025,,13200,0,"",0,"US TAPE AND LABEL"
,"LBL-ATCP50-B","[00090B] Back Label for Cool Power ATCP50","Inventory Part",0.025,0.025,"Non",0,0,"",0,"US TAPE AND LABEL"
,"LBL-ATCP50-BOX","[IMP5] BOX Label For Cool Power ATCP5050","Inventory Part",0.10,0.00,,1400,0,"",0,"IMPERIAL LUBES & SUPPLY"
,"LBL-ATCP50-F","[00090F] Label for Cool Power ATCP50 Front","Inventory Part",0.025,0.025,"Non",51000,0,"",0,"US TAPE AND LABEL"
,"LBL-ATCPFS-B","[61135B] Label Cool Power Fulll Strength Back","Inventory Part",0.025,0.00,,1500,0,"",0,"IMPERIAL LUBES & SUPPLY"
,"LBL-ATCPFS-BOX","BOX LABEL FOR COOL POWER FULL STR","Inventory Part",0.095,0.00,,1000,0,"",0,"IMPERIAL LUBES & SUPPLY"
,"LBL-ATCPFS-F","[61135F] Label Cool Power Fulll Strength Front","Inventory Part",0.025,0.00,,1500,0,"",0,"IMPERIAL LUBES & SUPPLY"
,"LBL-ATGLP50-B","[00077B] Label for Global Power ATGLP50 Back","Inventory Part",0.025,0.00,"Non",20244,0,"",0,"US TAPE AND LABEL"
,"LBL-ATGLP50-BOX","[IMP6] Label Global Power Box","Inventory Part",0.085,0.00,,12248,0,"",0,"IMPERIAL LUBES & SUPPLY"
,"LBL-ATGLP50-F","[00077F] Label for Global Power ATGLP50 Front","Inventory Part",0.025,0.00,"Non",19224,0,"",0,"US TAPE AND LABEL"
,"LBL-ATGLPFS-B","[61133B] Label Global Power Full Strength Back","Inventory Part",0.025,0.00,,3980,0,"",0,"IMPERIAL LUBES & SUPPLY"
,"LBL-ATGLPFS-BOX","BOX LABEL FOR ATGLPFS FULL STR GLOBAL POWER","Inventory Part",0.095,0.00,,1160,0,"",0,"IMPERIAL LUBES & SUPPLY"
,"LBL-ATGLPFS-F","[61133F] Label Global Power Full Strength Front","Inventory Part",0.025,0.00,,5000,0,"",0,"IMPERIAL LUBES & SUPPLY"
,"LBL-ATGP50-55","Label for GREEN POWER 5050 55 GAL DRUM","Inventory Part",1.00,0.00,,0,0,"",0,"IMPERIAL LUBES & SUPPLY"
,"LBL-ATGP50-BOX","[000485] BOX Label For ATGP50","Inventory Part",0.025,0.00,,0,0,"",0,"IMPERIAL LUBES & SUPPLY"
,"LBL-ATGPFS-B","[61134B] Label Green Power Full Strength Back","Inventory Part",0.07,0.00,,25294,0,"",0,"IMPERIAL LUBES & SUPPLY"
,"LBL-ATGPFS-BOX","[61134] BOX LABEL FOR GREEN POWERS FULL STR","Inventory Part",0.20,0.00,,10098,0,"",0,"IMPERIAL LUBES & SUPPLY"
,"LBL-ATGPFS-F","[61134F] Label Green Power Full Strength Front","Inventory Part",0.07,0.00,,25294,0,"",0,"IMPERIAL LUBES & SUPPLY"
,"LBL-ATRV50-B","Back Label for Recreation Vehicle Antifreeze ATRV50","Inventory Part",0.02473,0.025,"Non",9000,0,"",0,"US TAPE AND LABEL"
,"LBL-ATRV50-F","Front Label for Recreation Vehicle Antifreeze ATRV50","Inventory Part",0.02473,0.025,"Non",9000,0,"",0,"US TAPE AND LABEL"
,"LBL-ATSWW-12507","Label Summer Blue WW 128OZ","Inventory Part",0.08,0.02833,,25900,0,"",0,"IMPERIAL LUBES & SUPPLY"
,"LBL-ATWW20","Label for All Temp Windshield Wash","Inventory Part",0.05,0.00,,0,0,"",0,"IMPERIAL LUBES & SUPPLY"
,"LBL-ATXLHD50-B","Back Lable for Xtend Life Heavy Duty ATXLHD50","Inventory Part",0.02473,0.025,"Non",0,0,"",0,"US TAPE AND LABEL"
,"LBL-ATXLHD50-F","Front Label for Xtend Life Heavy Duty ATXLHD50","Inventory Part",0.02473,0.025,"Non",0,0,"",0,"US TAPE AND LABEL"
,"LBL-BG61144","Bottle Label for 1oz Black Gold","Inventory Part",0.01,0.00,,3000,0,"",0,"IMPERIAL LUBES & SUPPLY"
,"LBL-CFB","Label Charcoal Fluid Back","Inventory Part",0.03,0.04,,132000,0,"",0,
,"LBL-CFF","Label Charcoal Fluid Front","Inventory Part",0.03,0.04,,132000,0,"",0,
,"LBL-FCBleach","Label Fresh Choice Bleach","Inventory Part",0.03933,0.03933,,12000,0,"",0,"IMPERIAL LUBES & SUPPLY"
,"LBL-FCHS","Label Fresh Choice hand sanitizer","Inventory Part",0.0215,0.0215,,37000,0,"",0,
,"LBL-FCHS-GAL","Label for Hand Sanitizer Gallon","Inventory Part",0.12,0.00,,5000,0,"",0,"IMPERIAL LUBES & SUPPLY"
,"LBL-GD-WWF","Gas Depot Windshield washer Front","Inventory Part",0.027,0.027,,0,0,"",0,
,"LBL-PLC01","Box Label Pool Shock","Inventory Part",0.07,0.02833,,6000,0,"",0,"IMPERIAL LUBES & SUPPLY"
,"LBL-PLC50","Label for PLC50 4/1gal (IM8)","Inventory Part",0.05,0.00,,33000,0,"",0,"IMPERIAL LUBES & SUPPLY"
,"LBL-PLC50-BOX","Box Label for PLC50 4/1gal (00076)","Inventory Part",0.07,0.00,,3000,0,"",0,"IMPERIAL LUBES & SUPPLY"
,"LBL-PROAF50-B","LABEL FOR PROPEL BACK","Inventory Part",0.05,0.00,,11000,0,"",0,"IMPERIAL LUBES & SUPPLY"
,"LBL-PROAF50-F","LABEL FOR PROPEL FRONT","Inventory Part",0.05,0.00,,11000,0,"",0,"IMPERIAL LUBES & SUPPLY"
,"LBL-Q1WWP5","Label for Quality DEF Windshield Wash -20","Inventory Part",0.01,0.01,,25000,0,"",0,
,"LBL-Q1WWZX","Label for Quality DEF Windshield Wash 0 F","Inventory Part",0.01,0.01,,25000,0,"",0,
,"LBL-QDWW+32","LABEL for Quality Def Windshield Wash +32","Inventory Part",0.01,0.02,,25000,0,"",0,
,"LBL-RBUG+32F","Label Resolute +32 Bug Wash","Inventory Part",0.05,0.07,,78000,0,"",0,
,"LBL-SuperPurple-5G","Label Super Purple Bucket 5G","Inventory Part",0.50,0.50,,6000,0,"",0,
,"LBLB-CHAR","Back Label - Quik Lite Charcoal Lighter Fluid","Inventory Part",0.00,0.00,,0,0,"",0,
,"LBLF-CHAR","Front Label - Quik Lite Charcoal Lighter Fluid","Inventory Part",0.00,0.00,,0,0,"",0,
,"LCWTPLY1-B-AST","Bic - Maxi Lighters Ecolutions - 50ct","Inventory Part",49.24,49.99,,0,0,"",0,"IMPERIAL LUBES & SUPPLY"
,"LCXR6F-A-AST","Bic - Maxi And Mini Lighter Display/Refill - 286ct","Inventory Part",279.24,279.99,,0,0,"",0,"IMPERIAL LUBES & SUPPLY"
,"LD1P24F-A-AST","DJEEP - Americana - 24ct","Inventory Part",23.76,40.00,,0,0,"",0,"IMPERIAL LUBES & SUPPLY"
,"LID-3.5-BLU","Blue Reike Lid Cover for 3.5 gal pail","Inventory Part",1.16,0.00,,3600,0,"",0,"NORTH AMERICAN CORPORATION"
,"LID-3.5-GRN","Green Reike Lid Cover for 3.5 gal pail","Inventory Part",1.16,0.00,,7344,0,"",0,"NORTH AMERICAN CORPORATION"
,"LID-5G-NAT","% Gallon Lid with Spout Natural","Inventory Part",1.72,1.80,,5520,0,"",0,
,"LIP-20-GT","Lipton Green Tea Citrus 24/20 oz","Inventory Part",20.77,21.77,,0,0,"",0,"Pepsi Beverages Company"
,"LIP-20-PE","Lipton Peach Iced Tea 24/20 oz","Inventory Part",20.77,21.77,,0,0,"",0,"Pepsi Beverages Company"
,"LLAFD1","Luxe Liquids Liquid Gold/Liquid Ice Combo Display 20/1oz","Inventory Part",18.00,29.99,,-720,0,"",0,"BELLE AIRE CREATIONS"
,"LUC-10001","Lucas - Oil Stabilizer - 12/1qt","Inventory Part",102.05,102.80,,0,0,"",0,"IMPERIAL LUBES & SUPPLY"
,"LUC-10002","Lucas - Oil Stabilizer - 4/1Gal","Inventory Part",88.81,89.56,,-9,0,"",0,"IMPERIAL LUBES & SUPPLY"
,"LUC-10003","Lucas - Fuel Injector Treatment - 12/32oz","Inventory Part",86.32,87.07,,0,0,"",0,"IMPERIAL LUBES & SUPPLY"
,"LUC-10008","Lucas - Power Steering Stop Leak - 12/12oz","Inventory Part",84.72,85.47,,0,0,"",0,"IMPERIAL LUBES & SUPPLY"
,"LUC-10009","Lucas - Transmission Fix - 12/1qt","Inventory Part",109.92,110.67,,0,0,"",0,"IMPERIAL LUBES & SUPPLY"
,"LUC-10013","Lucas - Fuel Injector Cleaner - 4/1Gal","Inventory Part",83.38,84.31,,0,0,"",0,"IMPERIAL LUBES & SUPPLY"
,"LUC-10014","Lucas - Chain Lubricant - 12/1qt","Inventory Part",82.18,82.93,,0,0,"",0,"IMPERIAL LUBES & SUPPLY"
,"LUC-10016","Lucas - Complete Engine Treatment - 12/16oz","Inventory Part",64.18,64.93,,0,0,"",0,"IMPERIAL LUBES & SUPPLY"
,"LUC-10017","Lucas - Universal Hydraulic Fluid - 4/1Gal","Inventory Part",58.18,58.93,,0,0,"",0,"IMPERIAL LUBES & SUPPLY"
,"LUC-10018","Lucas - Hydraulic Oil Booster/Stop Leak - 4/1Gal","Inventory Part",79.43,80.18,,0,0,"",0,"IMPERIAL LUBES & SUPPLY"
,"LUC-10019","Lucas - Hydraulic Oil Booster/Stop Leak - 12/1qt","Inventory Part",73.78,74.53,,0,0,"",0,"IMPERIAL LUBES & SUPPLY"
,"LUC-10020","Lucas - Fuel Injector Cleaner - 24/5.25oz","Inventory Part",75.25,76.00,,0,0,"",0,"IMPERIAL LUBES & SUPPLY"
,"LUC-10026","Lucas - Octane Booster - 12/15oz","Inventory Part",66.32,67.07,,0,0,"",0,"IMPERIAL LUBES & SUPPLY"
,"LUC-10030","Lucas - 5th Wheel & Slider Lube - 12/16oz","Inventory Part",63.65,64.40,,0,0,"",0,"IMPERIAL LUBES & SUPPLY"
,"LUC-10042","Lucas - SAE 85W-140 Plus H/D Gear Oil - 12/1qt","Inventory Part",75.78,76.53,,0,0,"",0,"IMPERIAL LUBES & SUPPLY"
,"LUC-10043","Lucas - 80W90 Gear Oil - 12/1qt","Inventory Part",71.78,72.53,,0,0,"",0,"IMPERIAL LUBES & SUPPLY"
,"LUC-10045","Lucas - SAE 85W-140 Plus H/D Gear Oil - 4/1Gal","Inventory Part",82.49,83.24,,0,0,"",0,"IMPERIAL LUBES & SUPPLY"
,"LUC-10046","Lucas - SAE 80W-90 Gear Oil - 4/1Gal","Inventory Part",79.78,80.53,,0,0,"",0,"IMPERIAL LUBES & SUPPLY"
,"LUC-10047","Lucas - Synthetic SAE 75W-90 Trans & Diff Lube - 12/1qt","Inventory Part",116.05,116.80,,0,0,"",0,"IMPERIAL LUBES & SUPPLY"
,"LUC-10048","Lucas - Synthetic SAE 75W-90 Trans & Diff Lube - 4/1Gal","Inventory Part",144.18,144.93,,0,0,"",0,"IMPERIAL LUBES & SUPPLY"
,"LUC-10052","Lucas - Sure-Shift Semi-Syn ATF - 6/1qt","Inventory Part",31.78,32.53,,0,0,"",0,"IMPERIAL LUBES & SUPPLY"
,"LUC-10058","Lucas - Semi-Synthetic 2-cycle oil - 24/2.6oz","Inventory Part",39.52,40.27,,0,0,"",0,"IMPERIAL LUBES & SUPPLY"
,"LUC-10059","Lucas - Semi-Synthetic 2-cycle oil - 24/6.4oz","Inventory Part",53.12,53.87,,0,0,"",0,"IMPERIAL LUBES & SUPPLY"
,"LUC-10070","Lucas - Tool Box Buddy  - 18/0.5oz","Inventory Part",42.09,42.84,,0,0,"",0,"IMPERIAL LUBES & SUPPLY"
,"LUC-10088","Lucas - Hub Oil - 12/32oz","Inventory Part",70.45,71.20,,0,0,"",0,"IMPERIAL LUBES & SUPPLY"
,"LUC-10111","Lucas - Synthetic CVT Transmission Fluid  - 6/1qt","Inventory Part",56.25,57.00,,0,0,"",0,"IMPERIAL LUBES & SUPPLY"
,"LUC-10118","Lucas - High Mileage Oil Stabilizer - 12/1qt","Inventory Part",79.43,80.18,,0,0,"",0,"IMPERIAL LUBES & SUPPLY"
,"LUC-10400","Lucas - 4 Tier Lucas Oil Display Rack (Red) - 1/Each","Inventory Part",0.00,0.00,,0,0,"",0,"IMPERIAL LUBES & SUPPLY"
,"LUC-10676","Lucas - Red ""N"" Tacky 5th Wheel Grease - 192/2.5oz","Inventory Part",492.69,493.44,,0,0,"",0,"IMPERIAL LUBES & SUPPLY"
,"LUC-10875","Lucas - Extreme Duty Gun Oil - 20/1oz","Inventory Part",94.85,95.60,,0,0,"",0,"IMPERIAL LUBES & SUPPLY"
,"LUC-10889","Lucas - Extreme Duty Gun Grease - 6/1oz","Inventory Part",50.07,50.82,,0,0,"",0,"IMPERIAL LUBES & SUPPLY"
,"M1-0W16","Mobil 1 0w16 6/1qt","Inventory Part",33.50,0.00,,0,0,"",0,"IMPERIAL LUBES & SUPPLY"
,"M1-0W20","Mobil 1 0w20 6/1qt","Inventory Part",33.50,0.00,,0,0,"",0,"IMPERIAL LUBES & SUPPLY"
,"M1-0W30","Mobil 1 0w30 6/1qt","Inventory Part",33.50,0.00,,0,0,"",0,"IMPERIAL LUBES & SUPPLY"
,"M1-0W40","Mobil 1 0w40 6/1qt","Inventory Part",33.50,0.00,,0,0,"",0,"IMPERIAL LUBES & SUPPLY"
,"M1-5Q-5W30","Mobil 1 5w30 3/5qt Jugs","Inventory Part",88.00,100.00,,0,0,"",0,
,"M1-5W20","Mobil 1 5w20 6/1qt","Inventory Part",33.50,0.00,,0,0,"",0,"IMPERIAL LUBES & SUPPLY"
,"M1-5W30","Mobil 1 5w30 6/1qt","Inventory Part",33.50,0.00,,0,0,"",0,"IMPERIAL LUBES & SUPPLY"
,"M1-5W40","Mobil 1 5w40 6/1qt","Inventory Part",33.50,0.00,,0,0,"",0,"IMPERIAL LUBES & SUPPLY"
,"M5000-10W30","Mobil 5000 10w30 6/1qt","Inventory Part",16.75,0.00,,156,0,"",0,"IMPERIAL LUBES & SUPPLY"
,"M5000-10W40","Mobil 5000 10w40 6/1qt","Inventory Part",16.75,0.00,,0,0,"",0,"IMPERIAL LUBES & SUPPLY"
,"M5000-5W20","Mobil 5000 5w20 6/1qt","Inventory Part",16.75,0.00,,0,0,"",0,"IMPERIAL LUBES & SUPPLY"
,"M5000-5W30","Mobil 5000 5w30 6/1qt","Inventory Part",16.75,0.00,,-26,0,"",0,"IMPERIAL LUBES & SUPPLY"
,"M96027X","Chromatint Green 1102 Liquid; Dye for ATWWB2 , All Temp Bug Wash","Inventory Part",0.00,0.00,,515,0,"",0,"Chromatech Inc."
,"ME-16","Monster - Energy Green - 24/16oz","Inventory Part",25.50,50.00,,0,0,"",0,"IMPERIAL LUBES & SUPPLY"
,"ME-16-UZ","Monster - Ultra Zero Energy Drink - 24/16oz","Inventory Part",25.50,50.00,,0,0,"",0,"IMPERIAL LUBES & SUPPLY"
,"ME-24","MONSTER 24 OZ","Inventory Part",25.50,50.00,,0,0,"",0,"MEMPHIS WHOLESALE"
,"MFS-0W20","Mobil Full Synthetic 0w20 6/1qt","Inventory Part",21.50,0.00,,0,0,"",0,"IMPERIAL LUBES & SUPPLY"
,"MFS-5W30","Mobil Full Synthetic 5w30 6/1qt","Inventory Part",21.50,0.00,,156,0,"",0,"IMPERIAL LUBES & SUPPLY"
,"MGN-10W30","Magnum Special 10w30 12/1qt","Inventory Part",22.00,30.00,,0,0,"",0,"IMPERIAL LUBES & SUPPLY"
,"MGN-10W40","Magnum Special 10w40 12/1qt","Inventory Part",22.00,30.00,,0,0,"",0,"IMPERIAL LUBES & SUPPLY"
,"MGN-20W50","MAGNUM 20W50 12/1QT","Inventory Part",22.00,30.00,,0,0,"",0,"IMPERIAL LUBES & SUPPLY"
,"MGN-5W20","Magnum Special 5w20 12/1qt","Inventory Part",22.00,30.00,,0,0,"",0,"IMPERIAL LUBES & SUPPLY"
,"MGN-5W30","Magnum Special 5w30 12/1qt","Inventory Part",22.00,30.00,,0,0,"",0,"IMPERIAL LUBES & SUPPLY"
,"MGN-ATF","Magnum Special ATF 12/1qt","Inventory Part",22.00,30.00,,0,0,"",0,"IMPERIAL LUBES & SUPPLY"
,"MID-1210","Midwest Gas Can 1 Gal 4 oz 12pk","Inventory Part",58.32,100.00,,0,0,"",0,"IMPERIAL LUBES & SUPPLY"
,"MID-1210-8","Midwest 1 Gal Gas Can 8PK","Inventory Part",38.88,65.00,,0,0,"",0,"IMPERIAL LUBES & SUPPLY"
,"MID-2310","Midwest Gas Can 2 Gal 8 oz 6pk","Inventory Part",32.32,80.00,,0,0,"",0,"IMPERIAL LUBES & SUPPLY"
,"MID-5610","Midwest Gas Can 5 GAL 4pk","Inventory Part",42.75,100.00,,0,0,"",0,"IMPERIAL LUBES & SUPPLY"
,"MID-7610-","5 GALLON KEROSENE CANS 4cs","Inventory Part",84.00,100.00,,14,0,"",0,"IMPERIAL LUBES & SUPPLY"
,"MID-8610","Midwest DIESELCan 5 GAL 4pk","Inventory Part",41.00,100.00,,0,0,"",0,"IMPERIAL LUBES & SUPPLY"
,"Misc",,"Inventory Part",0.00,0.00,,-2173,0,"",2196,
,"MOB-ATF","Moibil ATF DM 6/1qt","Inventory Part",17.00,0.00,,0,0,"",0,
,"MS-BULK-LB","Mineral Spirits - Recycled LB","Inventory Part",0.37993,0.40,,175108,0,"",0,
,"MS-SYN-10W30","Mobil - Super Full Synthetic 10W30 - 6/1qt","Inventory Part",18.50,0.00,,0,0,"",0,"IMPERIAL LUBES & SUPPLY"
,"MS-SYN-5W20","Mobil - Super Full Synthetic 5W20 - 6/1qt","Inventory Part",18.50,0.00,,0,0,"",0,"IMPERIAL LUBES & SUPPLY"
,"MTD-1L-CR","Mountain Dew 1 Liter CODE RED 15PK","Inventory Part",25.37,26.37,,0,0,"",0,
,"MTD-20","Mountain Dew 24/20 oz","Inventory Part",30.32,31.32,,0,0,"",0,
,"MTD-20-BB","Mountain Dew Baja Blast 24/20oz","Inventory Part",23.23,24.23,,24,0,"",15,"Pepsi Beverages Company"
,"MTD-20-BCS","Mountain Dew Baja Carribean Splash 24/20oz","Inventory Part",23.23,24.23,,0,0,"",0,"Pepsi Beverages Company"
,"MTD-20-BG","Mountain Dew Baja Gold 24/20oz","Inventory Part",23.23,24.23,,0,0,"",0,"Pepsi Beverages Company"
,"MTD-20-BLL","Mountain Dew Baja Laguna Lemonade 24/20oz","Inventory Part",23.23,24.23,,0,0,"",0,"Pepsi Beverages Company"
,"MTD-20-BM","Mountain Dew Baja Mango Gem 24/20oz","Inventory Part",23.23,24.23,,0,0,"",0,"Pepsi Beverages Company"
,"MTD-20-BPP","Mountain Dew Baja Passionfruit Punch 24/20oz","Inventory Part",23.23,24.23,,0,0,"",0,"Pepsi Beverages Company"
,"MTD-20-CH","Mountain Dew Game Fuel Citrus Cherry 24/20 oz","Inventory Part",23.23,24.23,,0,0,"",0,"Pepsi Beverages Company"
,"MTD-20-CR","Mountain Dew  Code Red 24/20 oz","Inventory Part",23.23,24.23,,30,0,"",15,
,"MTD-20-DIET","Mountain Dew Diet 24/20 oz","Inventory Part",30.32,31.32,,0,0,"",0,
,"MTD-20-FF","Mountain Dew Freedom Fusion 24/20oz","Inventory Part",23.23,24.23,,0,0,"",0,
,"MTD-20-FH","Mountain Dew Flamin' Hot 24/20 oz","Inventory Part",23.23,24.23,,0,0,"",0,
,"MTD-20-GB","Mountain Dew Gingerbread 24/20 oz","Inventory Part",23.23,24.23,,0,0,"",0,
,"MTD-20-LC","Mountain Dew Liberty Chill 24/20oz","Inventory Part",23.23,24.23,,0,0,"",0,
,"MTD-20-LW","Mountain Dew Live Wire (Orange) 24/20 oz","Inventory Part",23.23,24.23,,6,0,"",18,
,"MTD-20-MM","Mountain Dew Major Melon 24/20 oz","Inventory Part",23.23,24.23,,0,0,"",0,
,"MTD-20-MP","Mountain Dew Game Fuel Mystic Punch 24/20 oz","Inventory Part",23.23,24.23,,0,0,"",0,"Pepsi Beverages Company"
,"MTD-20-PB","Mountain Dew Pitch Black 24/20 oz","Inventory Part",23.23,24.23,,0,0,"",0,
,"MTD-20-RS","Mountain Dew Real Sugar 24/20 oz","Inventory Part",30.32,31.32,,0,0,"",0,
,"MTD-20-SF","Mountain Dew Summer Freeze 24/20oz","Inventory Part",23.23,24.23,,0,0,"",0,
,"MTD-20-SPK","Mountain Dew Spark 24/20 oz","Inventory Part",23.23,24.23,,0,0,"",0,
,"MTD-20-SPS","Mountain Dew Star Spangled Splash 24/20oz","Inventory Part",23.23,24.23,,0,0,"",0,
,"MTD-20-SZ","Mountain Dew Spark ZERO 24/20oz","Inventory Part",23.23,24.23,,0,0,"",0,
,"MTD-20-VD","Mountain Dew Voo Dew 24/20oz","Inventory Part",23.23,24.23,,0,0,"",0,
,"MTD-20-VO","Mountain Dew Voltage 24/20 oz","Inventory Part",23.23,24.23,,8,0,"",20,
,"MTD-20-WO","Mountain Dew White Out 24/20 oz","Inventory Part",23.23,24.23,,0,0,"",0,
,"MTD-20-ZBB","Mountain Dew ZS Baja Blast 24/20oz","Inventory Part",23.23,24.23,,0,0,"",0,"Pepsi Beverages Company"
,"MTD-20-ZMM","Mountain Dew ZS Major Melon 24/20 oz","Inventory Part",23.23,24.23,,0,0,"",0,
,"MTD-20-ZRO","Mountain Dew Zero 24/20 oz","Inventory Part",30.32,31.32,,0,0,"",0,
,"MTREATED",,"Inventory Part",0.00,0.00,,-882,0,"",0,
,"MUG-20","Mug Root Beer 24/20oz","Inventory Part",23.23,24.23,,0,0,"",2,
,"MUR-BULK","Muriatic Acid Bulk (Hydrochloric Acid 20Degree 31%)  lb","Inventory Part",0.16529,0.00,,21419.2,0,"",0,"ROWELL CHEMICAL CORPORATION"
,"MVP3WAY","AUTHENTIC MVP 3-WAY DEICER -15 DEICER 50LB BAG","Inventory Part",8.00,18.99,,882,0,"",0,
,"NAPKIN-16","ADA NAPKINS 16PACK","Inventory Part",14.00,25.00,,0,0,"",0,"IMPERIAL LUBES & SUPPLY"
,"NAR134-12","Johnsen's - 6312 R134a - 12/12oz","Inventory Part",111.24,111.99,,0,0,"",0,"IMPERIAL LUBES & SUPPLY"
,"NAR134-UV12","National - R134 w/uv Leak Check - 12/12oz..","Inventory Part",115.24,115.99,,0,0,"",0,"IMPERIAL LUBES & SUPPLY"
,"OAB5055","OEF ASIAN BLUE 5050 Antifreeze 55 gal Drum","Inventory Part",200.00,230.00,"Non",-4,0,"",0,
,"OAR5055","OEF ASIAN RED 5050 Antifreeze 55 gal Drum","Inventory Part",200.00,230.00,"Non",-7,0,"",0,
,"OEB5055","OEF EUROPEAN BLUE 5050 Antifreeze 55 gal Drum","Inventory Part",200.00,230.00,"Non",0,0,"",0,
,"OEFEVB50","OEF ALL TEMP EUROPEAN BLUE 5050 ANTIFREEZE/COOLANT 6/1GAL","Inventory Part",14.00,40.00,,-459,0,"",0,
,"OEFEVP50","OEF ALL TEMP EUROPEAN PINK 5050 ANTIFREEZE/COOLANT 6/1GAL","Inventory Part",14.00,40.00,,-302,0,"",0,
,"OEP5055","OEF EUROPEAN PINK 5050 Antifreeze 55 gal Drum","Inventory Part",200.00,230.00,"Non",0,0,"",0,
,"Oil-Dri40","Oil Dri 40Lb Bag","Inventory Part",8.00,10.67,,0,0,"",0,"IMPERIAL LUBES & SUPPLY"
,"OMS-55G","Odorless Mineral Spirits 55 GAL","Inventory Part",285.36,0.00,,0,0,"",0,"EMCO CHEMICAL DISTRIBUTORS, INC."
,"OTRWWSH01G","OTR 0 Degree Windshield Wash - 6/1 Gal","Inventory Part",7.50,10.02,,-1116,1116,"",0,
,"OTRWWSH055G","OTR 0 Degree Windshield Wash - 55-Gal Drum","Inventory Part",60.00,86.90,,-152,332,"",0,
,"OTRWWSH32BG1G","OTR +32 BugWash - 6/1 Gal","Inventory Part",7.00,7.98,,-756,1728,"",0,
,"OTRWWSH32BG55G","OTR +32 Bug Wash Windshield Wash - 55-Gal Drum","Inventory Part","",70.95,,-108,232,"",0,
,"OTRWWSHDEICER1G","OTR -25 Windshield Wash & De-Icer - 6/1 Gal","Inventory Part",8.00,12.48,,-2448,14580,"",0,
,"OTRWWSHDEICER275G","OTR -25 DE-ICER Wash - 275G","Inventory Part",299.00,572.00,,-3,0,"",0,
,"OTRWWSHDEICER55G","OTR -25 Windshield Wash & De-Icer - 55-Gal Drum","Inventory Part",70.80,112.20,,-304,2036,"",0,
,"PAIL-3.5-WHI","White 3.5 Gal Empty Bucket","Inventory Part",3.50,0.00,,15744,0,"",0,"NORTON PACKAGING, INC."
,"PAIL-5G-WHI","5 Gal Pail Metal Handle White","Inventory Part",3.32,0.00,,714,0,"",0,"PARAGON MANUFACTURING INC"
,"PALLET","Wood Pallets 48x40 Ea","Inventory Part",4.45,3.00,"Non",2560.5379,0,"",0,
,"PEPSI-20","Pepsi Cola 24/20 oz","Inventory Part",30.32,31.32,,0,0,"",0,
,"PEPSI-20-CS","Pepsi Cream Soda Cola 24/20 oz","Inventory Part",23.23,24.23,,0,0,"",0,
,"PEPSI-20-DIET","Diet Pepsi Cola 24/20 oz","Inventory Part",30.32,31.32,,0,0,"",0,
,"PEPSI-20-DWC","Diet Pepsi Wild Cherry 24/20 oz","Inventory Part",23.23,24.23,,0,0,"",0,
,"PEPSI-20-MA","Pepsi MANGO 24/20oz","Inventory Part",23.23,24.23,,0,0,"",0,"Pepsi Beverages Company"
,"PEPSI-20-MAZS","Pepsi Mango Zero Sugar 24/20 oz","Inventory Part",23.23,24.23,,0,0,"",0,"Pepsi Beverages Company"
,"PEPSI-20-PEEPS","Pepsi Cola PEEPS 24/20 oz","Inventory Part",23.23,24.23,,0,0,"",0,
,"PEPSI-20-RS","Pepsi Real Sugar Throwback 24/20 oz","Inventory Part",30.32,31.32,,0,0,"",0,
,"PEPSI-20-WC","Pepsi Wild Cherry 24/20 oz","Inventory Part",23.23,24.23,,71,0,"",8,
,"PEPSI-20-WCR","Pepsi - Wild Cherry & Cream - 20/20oz","Inventory Part",23.23,24.23,,0,0,"",0,
,"PEPSI-20-ZS","Pepsi Zero Sugar 24/20 oz","Inventory Part",30.32,31.32,,80,0,"",0,
,"PEPSI-20-ZSWC","Pepsi Zero Sugar Wild Cherry 24/20 oz","Inventory Part",23.23,24.23,,1,0,"",4,
,"PEPSI-20OZ-ALL","20 OZ PEPSI PRODUCTS","Inventory Part",18.30,40.00,,0,0,"",0,"CASH VENDOR"
,"PEPSI PRODUCTS","*******Pepsi Products***********","Inventory Part",0.00,0.00,,7,0,"",0,
,"PG-BULK","Propylene Glycol lb","Inventory Part",0.51,1.49,,141903.708,41870,"",0,
,"PG100-55","Propylene Glycol 55 gal Dr","Inventory Part",325.00,450.00,,0,0,"",0,
,"PK-10W40","PEAK 10w40 6/1qt","Inventory Part",17.50,29.99,,155,0,"",0,"IMPERIAL LUBES & SUPPLY"
,"PK-5050","Peak Ready Use Green 5050 6/1gal","Inventory Part",28.50,39.99,,613,720,"",720,
,"PK-AF","Peak Green Concentrate 6/1gal","Inventory Part",38.94,60.00,,0,0,"",0,
,"PK-CL-5050","Peak Cool 5050 6/1gal","Inventory Part",33.50,60.00,,72,0,"",144,"IMPERIAL LUBES & SUPPLY"
,"PK-EV-BL","Peak OET Electric Vehicle Blue 5050 6/1gal","Inventory Part",43.00,50.00,,0,0,"",0,"IMPERIAL LUBES & SUPPLY"
,"PK-GLB-5050","Peak Global 5050 6/1gal","Inventory Part",37.90,60.00,,72,0,"",0,"IMPERIAL LUBES & SUPPLY"
,"PK-HV-RED","Peak OET Hybrid Vehicle RED 5050 6/1gal","Inventory Part",43.00,50.00,,0,0,"",0,"IMPERIAL LUBES & SUPPLY"
,"PK-WW","Peak -20 Windshield 6/1gal","Inventory Part",11.00,15.00,,0,0,"",0,
,"PK-WW-0","Peak 0 All Season Blue WW 6/1gal","Inventory Part",9.18,19.99,,0,0,"",0,"IMPERIAL LUBES & SUPPLY"
,"PK-WW-30","PEAK - -30 Windshield Wash With Antifrost - 6/1Gal","Inventory Part",12.50,20.00,,35,0,"",0,
,"PK-WW-32","Peak Summer Blend Wash +32 6/1gal","Inventory Part",7.50,13.99,,0,2065,"",805,"IMPERIAL LUBES & SUPPLY"
,"PK-WW-ALL","PEAK - -30 Windshield Wash All In One - 6/1Gal","Inventory Part",12.50,20.00,,35,0,"",0,
,"PK-WW-BW","Peak Bug Wash 6/1gal","Inventory Part",7.50,20.00,,70,350,"",0,"IMPERIAL LUBES & SUPPLY"
,"PKPB53","Peak Premium 10x 5050 6/1gal","Inventory Part",36.00,0.00,,0,0,"",0,"IMPERIAL LUBES & SUPPLY"
,"PLC50-55","PLC 50 Antifreeze -50 55 ga Dr","Inventory Part",36.25,199.99,,-27,0,"",0,
,"PLC50-GAL","PLC 50 Antifreeze -50 4/1Gal","Inventory Part",3.88,14.99,,-215,0,"",0,
,"PLC50-TT","PLC 50 POOL & SPA  ANTIFREEZE 275 GAL TOTE","Inventory Part",790.00,1499.99,,-4,0,"",0,
,"PLC506","PLC 50 Pool & Spa Antifreeze 6/1Gal","Inventory Part",12.00,19.99,,-215,0,"",0,
,"POW-20-FP","Powerade - Fruit Punch - 24/20oz","Inventory Part",18.60,23.60,,0,0,"",0,"IMPERIAL LUBES & SUPPLY"
,"POW-20-GR","Powerade - Grape - 24/20oz","Inventory Part",18.60,23.60,,0,0,"",0,"IMPERIAL LUBES & SUPPLY"
,"POW-20-MB","Powerade - Mountian Berry Blast - 24/20oz","Inventory Part",18.60,23.60,,0,0,"",0,"IMPERIAL LUBES & SUPPLY"
,"POW-20-OR","Powerade - Orange - 24/20oz","Inventory Part",18.60,23.60,,0,0,"",0,"IMPERIAL LUBES & SUPPLY"
,"POW-20OZ","Powerade 24/20oz","Inventory Part",0.00,0.00,,0,0,"",0,"IMPERIAL LUBES & SUPPLY"
,"POW-28-FP","Powerade - Fruit Punch - 15/28oz","Inventory Part",15.99,20.99,,-120,0,"",0,"IMPERIAL LUBES & SUPPLY"
,"POW-28-GR","Powerade - Grape - 15/28oz","Inventory Part",15.99,20.99,,-60,0,"",0,"IMPERIAL LUBES & SUPPLY"
,"POW-28-IB","Powerade - Island Burst - 15/28oz","Inventory Part",15.99,20.99,,0,0,"",0,"IMPERIAL LUBES & SUPPLY"
,"POW-28-LL","Powerade - Lemon Lime - 15/28oz","Inventory Part",15.99,20.99,,0,0,"",0,"IMPERIAL LUBES & SUPPLY"
,"POW-28-MB","Powerade - Mountain Berry Blast - 15/28oz","Inventory Part",15.99,20.99,,-120,0,"",0,"IMPERIAL LUBES & SUPPLY"
,"POW-28-OR","Powerade - Orange - 15/28oz","Inventory Part",15.99,20.99,,0,0,"",0,"IMPERIAL LUBES & SUPPLY"
,"POW-28-SL","Powerade - Strawberry Lemonade - 15/28oz","Inventory Part",15.99,20.99,,-60,0,"",0,"IMPERIAL LUBES & SUPPLY"
,"POW-28OZ","Powerade 28 oz 15pk","Inventory Part",13.95,29.99,,0,0,"",0,"IMPERIAL LUBES & SUPPLY"
,"PRIME-SF12","Prime Starting Fluid 12/11oz","Inventory Part",24.50,40.00,,0,0,"",0,"IMPERIAL LUBES & SUPPLY"
,"PRO-55-10W30","Propel Syn Blend 10w30 55 gal","Inventory Part",0.00,0.00,,-23,0,"",0,"IMPERIAL LUBES & SUPPLY"
,"PRO-55-10W40","Propel Syn Blend 10w40 55 gal","Inventory Part",0.00,0.00,,-26,0,"",0,"IMPERIAL LUBES & SUPPLY"
,"PRO-55-5W20","Propel Syn Blend 5w20 55gal","Inventory Part",0.00,0.00,,-8,0,"",0,"IMPERIAL LUBES & SUPPLY"
,"PRO-55-5W30","Propel Syn Blend 5w30 55gal","Inventory Part",279.00,0.00,,-37,0,"",0,"IMPERIAL LUBES & SUPPLY"
,"PRO-55-ATF","Propel ATF 55gal","Inventory Part",400.00,600.00,,-1,0,"",0,"IMPERIAL LUBES & SUPPLY"
,"PRO55AW32","PROPEL HYDRAULIC OIL AW32 55 GAL","Inventory Part",325.00,450.00,,0,0,"",0,"IMPERIAL LUBES & SUPPLY"
,"PROAF50","Propel Easy Use Green Antifreeze 5050 6/1gal","Inventory Part",11.00,20.00,,-399,0,"",0,
,"Prtining Dies","Printing Dies 6-1 Gal. WW","Inventory Part",501.00,501.00,,1,0,"",1,
,"PSLC125","Pool Shock Liquid Chlorine12.5% 4/1gal","Inventory Part",7.00,35.00,,-11018,0,"",0,
,"PXA0B3","Peak Global Full Strength Concentrate 6/1gal","Inventory Part",0.00,0.00,,0,0,"",0,"IMPERIAL LUBES & SUPPLY"
,"PZ-10W30-6","Pennzoil 10W30 6/1qt (6pack)","Inventory Part",25.00,"",,0,175,"",0,"IMPERIAL LUBES & SUPPLY"
,"PZ-10W40-6","Pennzoil 10W40 6/1qt (6pack)","Inventory Part",25.00,"",,0,175,"",0,"IMPERIAL LUBES & SUPPLY"
,"PZ-14127","Pennzoil - 8ft Booster Cable - Each","Inventory Part",5.50,8.99,,60,0,"",0,"RAVI'S IMPORT WAREHOUSE INC"
,"PZ-14840","Pennzoil - Tubeless Tire Repair Kit - 12/1ct..","Inventory Part",11.88,30.00,,0,0,"",0,"IMPERIAL LUBES & SUPPLY"
,"PZ-14843","Pennzoil - Tire Gauge 10-100 PSI - 1/25ct","Inventory Part",24.24,24.99,,0,0,"",0,"IMPERIAL LUBES & SUPPLY"
,"PZ-5W20-6","Pennzoil 5W20 6/1qt (6pack)","Inventory Part",18.50,"",,-15,175,"",0,"IMPERIAL LUBES & SUPPLY"
,"PZ-5W30-6","Pennzoil 5W30 6/1qt (6pack)","Inventory Part",18.50,"",,560,175,"",0,"IMPERIAL LUBES & SUPPLY"
,"PZ-ATF-6","Pennzoil ATF 6/1qt","Inventory Part",19.75,24.99,,0,175,"",0,"RAVI'S IMPORT WAREHOUSE INC"
,"PZ-HD30","Pennzoil HD SAE30 6/1qt","Inventory Part",17.95,29.99,,0,0,"",0,"RAVI'S IMPORT WAREHOUSE INC"
,"PZ-HM-10W30","Pennzoil Hi Mileage 10w30 6/1qt","Inventory Part",20.36,29.99,,0,0,"",0,"RAVI'S IMPORT WAREHOUSE INC"
,"PZ-HM-10W40","Pennzoil Hi Mileage 10w40 6/1qt","Inventory Part",20.36,34.99,,0,0,"",0,"RAVI'S IMPORT WAREHOUSE INC"
,"PZ-HM-5W20","Pennzoil Hi Mileage 5w20 6/1qt","Inventory Part",20.36,29.99,,0,0,"",0,"RAVI'S IMPORT WAREHOUSE INC"
,"PZ-HM-5W30","Pennzoil Hi Mileage 5w30 6/1qt","Inventory Part",20.36,29.99,,0,0,"",0,"RAVI'S IMPORT WAREHOUSE INC"
,"PZ-PLT-0W20","Pennzoil Platinum Full Synthetic 0W20 6/1qt","Inventory Part",24.37,49.99,,0,0,"",0,
,"PZ-PLT-0W30","Pennzoil Platinum Full Synthetic 0W30 6/1qt","Inventory Part",23.94,49.99,,0,0,"",0,
,"PZ-PLT-10W30","Pennzoil Platinum Full Synthetic 10w30 6/1qt","Inventory Part",23.94,49.99,,0,0,"",0,
,"PZ-PLT-5W20","Pennzoil Platinum Full Synthetic 5w20 6/1qt","Inventory Part",24.37,49.99,,0,0,"",0,
,"PZ-PLT-5W30","Pennzoil Platinum Full Synthetic 5w30 6/1qt","Inventory Part",24.37,49.99,,0,0,"",0,
,"PZ-plt-5W40","Pennzoil Platinum Full Synthetic 5W30 6/1Qt","Inventory Part",27.94,0.00,,25,0,"",0,
,"PZ-PLT-ATF","Pennzoil Platinum Full Synthetic 0W20 6/1qt","Inventory Part",24.37,49.99,,0,0,"",0,
,"PZ-SAE-40","Pennzoil SAE-50 6/1qt","Inventory Part",15.29,29.99,,0,0,"",0,"RAVI'S IMPORT WAREHOUSE INC"
,"Q1WWP5","Q1 Blue- -20F Windshield Wash + Deicer- 6/1Gal","Inventory Part",9.92,10.92,,-350,0,"",0,
,"Q1WWZ5","Q1 Blue- 0F All Weather Windshield Wash- 55 Gal Drum","Inventory Part",75.25,85.25,,-16,0,"",0,
,"Q1WWZ5-275","Q1 Blue- 0F All Weather Windshield Wash- 275 Gal Tote","Inventory Part",326.25,426.25,,-2,0,"",0,
,"Q1WWZX","Q1 Blue- 0F All Weather Windshield Wash- 6/1Gal","Inventory Part",8.90,9.90,,-210,0,"",0,
,"QS-10W40-6","Quaker State Moror Oil 10w40 6/1qt","Inventory Part",18.00,40.00,,0,0,"",0,"IMPERIAL LUBES & SUPPLY"
,"R134A-12","National Refrigerant R134a 12/12oz","Inventory Part",65.00,150.00,,-10,0,"",0,"IMPERIAL LUBES & SUPPLY"
,"RB-12-ALL","Red Bull ALL FLAVORS 24/12oz","Inventory Part",46.00,47.00,,0,0,"",0,
,"RB-16-ALL","Red Bull ALL FLAVORS 12/16oz","Inventory Part",31.40,32.40,,0,0,"",0,
,"RB-20-ALL","Red Bull ALL FLAVORS 24/12oz","Inventory Part",40.72,41.72,,0,0,"",0,
,"RB-4P-ALL","Red Bull ALL FLAVORS 4Pack","Inventory Part",29.90,30.90,,0,0,"",0,
,"RB-8-ALL","Red Bull ALL FLAVORS 24/8.4oz","Inventory Part",32.44,33.44,,0,0,"",0,
,"RBB131","RESOLUTE ELITE Beam Wiper Blade 13"" - 10/1cs","Inventory Part",18.80,61.99,,0,75,"",900,
,"RBB141","RESOLUTE ELITE Beam Wiper Blade 14"" - 10/1cs","Inventory Part",20.03,61.99,,0,40,"",600,
,"RBB151","RESOLUTE ELITE Beam Wiper Blade 15"" - 10/1cs","Inventory Part",21.00,61.99,,0,60,"",720,
,"RBB161","RESOLUTE ELITE Beam Wiper Blade 16"" - 10/1cs","Inventory Part",22.50,61.99,,0,60,"",720,
,"RBB171","RESOLUTE ELITE Beam Wiper Blade 17"" - 10/1cs","Inventory Part",23.30,61.99,,0,50,"",690,
,"RBB181","RESOLUTE ELITE Beam Wiper Blade 18"" - 10/1cs","Inventory Part",24.00,61.99,,0,105,"",1260,
,"RBB191","RESOLUTE ELITE Beam Wiper Blade 19"" - 10/1cs","Inventory Part",24.80,61.99,,0,60,"",800,
,"RBB201","RESOLUTE ELITE Beam Wiper Blade 20"" - 10/1cs","Inventory Part",25.50,61.99,,0,120,"",1430,
,"RBB211","RESOLUTE ELITE Beam Wiper Blade 21"" - 10/1cs","Inventory Part",26.30,61.99,,0,105,"",1250,
,"RBB221","RESOLUTE ELITE Beam Wiper Blade 22"" - 10/1cs","Inventory Part",27.00,61.99,,0,600,"",7160,
,"RBB241","RESOLUTE ELITE Beam Wiper Blade 24"" - 10/1cs","Inventory Part",27.80,61.99,,0,150,"",1800,
,"RBB261","RESOLUTE ELITE Beam Wiper Blade 26"" - 10/1cs","Inventory Part",29.30,61.99,,0,120,"",1420,
,"RBB281","RESOLUTE ELITE Beam Wiper Blade 28"" - 10/1cs","Inventory Part",30.80,61.99,,0,60,"",700,
,"RBOXD25","Resolute Def 2.5 Gal Box","Inventory Part",0.83,0.90,,0,0,"",23000,
,"RBOXPRED25","Resolute Premium Def 2.5 Gal Box","Inventory Part",1.35,1.35,,10000,0,"",10000,
,"RCB121","RESOLUTE PRIME Conventional Wiper Blade 12"" - 10/1cs","Inventory Part",10.00,39.99,,0,35,"",410,
,"RCB131","RESOLUTE PRIME Conventional Wiper Blade 13"" - 10/1cs","Inventory Part",10.00,39.99,,0,35,"",410,
,"RCB141","RESOLUTE PRIME Conventional Wiper Blade 14"" - 10/1cs","Inventory Part",10.00,39.99,,0,35,"",420,
,"RCB151","RESOLUTE PRIME Conventional Wiper Blade 15"" - 10/1cs","Inventory Part",10.00,39.99,,0,35,"",420,
,"RCB161","RESOLUTE PRIME Conventional Wiper Blade 16"" - 10/1cs","Inventory Part",10.00,39.99,,0,50,"",600,
,"RCB171","RESOLUTE PRIME Conventional Wiper Blade 17"" - 10/1cs","Inventory Part",10.00,39.99,,0,35,"",420,
,"RCB181","RESOLUTE PRIME Conventional Wiper Blade 18"" - 10/1cs","Inventory Part",10.00,39.99,,0,56,"",670,
,"RCB191","RESOLUTE PRIME Conventional Wiper Blade 19"" - 10/1cs","Inventory Part",10.00,39.99,,0,40,"",480,
,"RCB201","RESOLUTE PRIME Conventional Wiper Blade 20"" - 10/1cs","Inventory Part",10.00,39.99,,0,56,"",670,
,"RCB211","RESOLUTE PRIME Conventional Wiper Blade 21"" - 10/1cs","Inventory Part",10.00,39.99,,0,50,"",600,
,"RCB221","RESOLUTE PRIME Conventional Wiper Blade 22"" - 10/1cs","Inventory Part",10.00,39.99,,0,154,"",1820,
,"RCB241","RESOLUTE PRIME Conventional Wiper Blade 24"" - 10/1cs","Inventory Part",10.00,39.99,,0,60,"",720,
,"RCB261","RESOLUTE PRIME Conventional Wiper Blade 26"" - 10/1cs","Inventory Part",10.00,39.99,,0,60,"",700,
,"RCB281","RESOLUTE PRIME Conventional Wiper Blade 28"" - 10/1cs","Inventory Part",10.00,39.99,,0,35,"",380,
,"RES-20F","Resolute -20 Windshield Wash Label","Inventory Part",0.05,0.07,,84000,0,"",0,
,"RES-30F","Resolute -30 Windshield wash Label","Inventory Part",0.05,0.07,,234000,0,"",0,
,"RHB161","RESOLUTE FUSION Hybrid Wiper Blade 16"" - 10/1cs","Inventory Part",21.50,59.99,,0,35,"",410,
,"RHB171","RESOLUTE FUSION Hybrid Wiper Blade 17"" - 10/1cs","Inventory Part",22.30,59.99,,0,35,"",410,
,"RHB181","RESOLUTE FUSION Hybrid Wiper Blade 18"" - 10/1cs","Inventory Part",23.00,59.99,,0,60,"",700,
,"RHB191","RESOLUTE FUSION Hybrid Wiper Blade 19"" - 10/1cs","Inventory Part",23.80,59.99,,0,35,"",430,
,"RHB201","RESOLUTE FUSION Hybrid Wiper Blade 20"" - 10/1cs","Inventory Part",24.50,59.99,,0,60,"",720,
,"RHB211","RESOLUTE FUSION Hybrid Wiper Blade 21"" - 10/1cs","Inventory Part",25.30,64.99,,0,60,"",720,
,"RHB221","RESOLUTE FUSION Hybrid Wiper Blade 22"" - 10/1cs","Inventory Part",26.00,64.99,,0,150,"",1790,
,"RHB241","RESOLUTE FUSION Hybrid Wiper Blade 24"" - 10/1cs","Inventory Part",26.80,64.99,,0,50,"",580,
,"RHB261","RESOLUTE FUSION Hybrid Wiper Blade 26"" - 10/1cs","Inventory Part",28.30,64.99,,0,35,"",410,
,"RHB281","RESOLUTE FUSION Hybrid Wiper Blade 28"" - 10/1cs","Inventory Part",29.80,64.99,,0,35,"",400,
,"RHT-120","RHT-120- Base Oil Bulk Gallon","Inventory Part",3.49,0.00,,6408,0,"",6592,
,"RRB10-1","RESOLUTE Rear Blade 10A1 Multi Function Rear Plastic","Inventory Part",24.00,61.99,,0,0,"",450,
,"RRB10-A","RESOLUTE Rear Blade 10-A Conventional Rear","Inventory Part",22.40,61.99,,0,0,"",420,
,"RRB11-1","RESOLUTE Rear Blade 11-G Multi Function Rear Plastic","Inventory Part",23.40,61.99,,0,0,"",450,
,"RRB11-2","RESOLUTE Rear Blade 11-A Multi Function Rear Flat","Inventory Part",24.00,61.99,,0,0,"",460,
,"RRB12-1","RESOLUTE Rear Blade 12-A Multi Function Rear Plastic","Inventory Part",24.60,61.99,,0,0,"",710,
,"RRB12-2","RESOLUTE Rear Blade 12-A Multi Function Rear Flat","Inventory Part",24.00,61.99,,0,0,"",710,
,"RRB13-2","RESOLUTE Rear Blade 13 Multi Function Rear Flat","Inventory Part",23.40,61.99,,0,0,"",600,
,"RRB14-1","RESOLUTE Rear Blade 14-A Multi Function Rear Plastic","Inventory Part",24.60,61.99,,0,0,"",670,
,"RRB15-2","RESOLUTE Rear Blade 15 Multi Function Rear Flat","Inventory Part",24.60,61.99,,0,0,"",460,
,"RRB16-1","RESOLUTE Rear Blade 16-B Multi Function Rear Plastic","Inventory Part",23.10,61.99,,0,0,"",430,
,"RS-16","Rockstar Original 12/16oz","Inventory Part",18.25,20.25,,0,0,"",0,
,"RSB161","RESOLUTE PLATINUM Silicone Beam Wiper Blade 16"" - 10/1cs","Inventory Part",32.90,72.99,,0,40,"",470,
,"RSB171","RESOLUTE PLATINUM Silicone Beam Wiper Blade 17"" - 10/1cs","Inventory Part",33.80,72.99,,0,35,"",410,
,"RSB181","RESOLUTE PLATINUM Silicone Beam Wiper Blade 18"" - 10/1cs","Inventory Part",34.60,72.99,,0,60,"",710,
,"RSB191","RESOLUTE PLATINUM Silicone Beam Wiper Blade 19"" - 10/1cs","Inventory Part",35.50,72.99,,0,35,"",420,
,"RSB201","RESOLUTE PLATINUM Silicone Beam Wiper Blade 20"" - 10/1cs","Inventory Part",36.40,72.99,,0,60,"",720,
,"RSB211","RESOLUTE PLATINUM Silicone Beam Wiper Blade 21"" - 10/1cs","Inventory Part",38.00,72.99,,0,60,"",720,
,"RSB221","RESOLUTE PLATINUM Silicone Beam Wiper Blade 22"" - 10/1cs","Inventory Part",38.10,82.99,,0,300,"",3580,
,"RSB241","RESOLUTE PLATINUM Silicone Beam Wiper Blade 24"" - 10/1cs","Inventory Part",39.30,82.99,,0,105,"",1250,
,"RSB261","RESOLUTE PLATINUM Silicone Beam Wiper Blade 26"" - 10/1cs","Inventory Part",41.10,82.99,,0,105,"",1230,
,"RSB281","RESOLUTE PLATINUM Silicone Beam Wiper Blade 28"" - 10/1cs","Inventory Part",43.00,82.99,,0,35,"",390,
,"RSW321","RESOLUTE +32 BUG WASH 1GAL","Inventory Part",0.00,1.07,,-3850,1085,"",0,
,"RV100-GAL","RV Antifreeze -100 6/1gal","Inventory Part",14.00,29.99,,-70,0,"",0,
,"RV50-GAL","RV Marine  Antifreeze -50 4/1gal","Inventory Part",8.50,19.99,,-35,0,"",0,
,"RVTP100","Propylene Glycol -100 Tote","Inventory Part",1000.00,1300.00,,-40,0,"",0,"IMPERIAL LUBES & SUPPLY"
,"RX-5071268","Rain X - 2 In 1 Glass Cleaner Trigger Spray Bottle - 6/23oz","Inventory Part",34.24,34.99,,0,0,"",0,"IMPERIAL LUBES & SUPPLY"
,"RX-630046","Rain X - Inerior Glass Anti-Fog Spray - 6/12oz","Inventory Part",32.24,32.99,,0,0,"",0,"IMPERIAL LUBES & SUPPLY"
,"SADC50","Simply Auto Dexcool 50/50  Antifreeze 6/1gal","Inventory Part",14.00,22.00,,-877,0,"",0,
,"SAGR50","Simply Auto Conventional Green 50/50  Antifreeze 6/1gal","Inventory Part",14.00,19.00,,-8320,0,"",0,
,"SALT-25","SALT ICE AWAY 25 LB BAG","Inventory Part",2.85,9.99,,0,0,"",0,"MIDWEST SALT"
,"SALT-50","Rock Salt 50lb Bag","Inventory Part",4.35,12.99,,0,0,"",0,"MIDWEST SALT"
,"SALT-GRAN","Top Flo Granular Salt 50lb","Inventory Part",7.12,0.00,,441,0,"",0,
,"SALT-SR","Splash Ready Pool Salt 40lb Bags","Inventory Part",5.30,7.99,,0,0,"",0,
,"SB-817G","84 PC Spinner Display w/Brushes","Inventory Part",289.00,399.00,,0,0,"",0,"IMPERIAL LUBES & SUPPLY"
,"SCH-20","Schweppes Ginger Ale 24/20oz","Inventory Part",23.23,24.23,,0,0,"",0,"Pepsi Beverages Company"
,"SF-13-CB","Starbucks Frap Oakmilk Dark Chocolate Brownie 12/13.7oz","Inventory Part",38.63,39.63,,0,0,"",0,"Pepsi Beverages Company"
,"SF-13-CW","Starbucks Frap Oakmilk Caramel Waffle Cookie 12/13.7oz","Inventory Part",38.63,39.63,,0,0,"",0,"Pepsi Beverages Company"
,"SF-15-WC","Starbucks Double Shot White Chocolate 12/15oz","Inventory Part",27.27,28.27,,0,0,"",0,"Pepsi Beverages Company"
,"SF-TS-CR","Starbucks Triple Shot Caramel 12/15oz","Inventory Part",27.27,28.27,,0,0,"",0,"Pepsi Beverages Company"
,"SF-TS-FV","Starbucks Triple Shot FRENCH Vanilla 12/15oz","Inventory Part",27.27,28.27,,0,0,"",0,"Pepsi Beverages Company"
,"SF-TS-MO","Starbucks Triple Shot Cafe Mocha 12/15oz","Inventory Part",27.27,28.27,,0,0,"",0,"Pepsi Beverages Company"
,"SF-TS11-CR","Starbucks Triple Shot Coffee Dark Caramel 12/11oz","Inventory Part",28.34,29.34,,0,0,"",0,"Pepsi Beverages Company"
,"SF-TS11-MO","Starbucks Triple Shot Coffee Bold Mocha 12/11oz","Inventory Part",28.34,29.34,,0,0,"",0,"Pepsi Beverages Company"
,"SF-TS11-VA","Starbucks Triple Shot Coffee Rich Vanilla 12/11oz","Inventory Part",28.34,29.34,,0,0,"",0,"Pepsi Beverages Company"
,"SF16","Sea Foam Motor Treatment - 24/16oz","Inventory Part",187.44,203.04,,-5,0,"",0,
,"SGM275","Super Green Magic Fleet Wash 275gal Tote","Inventory Part",100.00,459.99,,-2,0,"",0,
,"SH-1G-15W40","Rotella T4 15w40 3/1Gal","Inventory Part",42.50,0.00,,80,0,"",0,
,"SH-1G-15W40-3","Shell - ROTELLA T4 Triple Protection 15W40 - 3/1Gal..","Inventory Part",53.24,53.99,,0,0,"",0,"IMPERIAL LUBES & SUPPLY"
,"SH-T4-15W40-55","Shell - Rotella T4 15W40 - 55Gal","Inventory Part",679.00,899.99,,0,0,"",0,
,"SHR-WR","Shrink Wrap 18"" 1500ft 4 rolls/cs","Inventory Part",30.00,40.00,,274.8068,0,"",0,"IMPERIAL LUBES & SUPPLY"
,"SOD-MSP","Sodium Metasilicate Pentahydr DX58-0055 LB","Inventory Part",0.92,0.00,,5196.67,0,"",0,"SEELER CHEMICAL DISTRIBUTION"
,"SOD-TRP","Sodium Tripolyphosphate LT DL50-0050 LB","Inventory Part",1.04,0.00,,530.69,0,"",0,"SEELER CHEMICAL DISTRIBUTION"
,"SODIUM XYLENE","Sodium Xylene Sulfonate Solution 40%","Inventory Part",0.59,0.00,,5415,0,"",0,"VIKING CHEMICAL COMPANY"
,"SP-C60-1QT","Hav. Combat 60 C003062-CS20Q. 12/1QT","Inventory Part",258.00,349.99,,0,0,"",0,"IMPERIAL LUBES & SUPPLY"
,"SP-TAB3-50","Hav. Durachlor Tab 3'' Tabs 50lb pail","Inventory Part",160.00,194.99,,0,0,"",0,"IMPERIAL LUBES & SUPPLY"
,"SPCD-TT","Super Purple Cleaner & Degreaser 275 Gal Tote","Inventory Part",1000.00,819.50,,-8,0,"",0,
,"SPCD05G","Super Purple Cleaner & Degreaser 5 Gal Pail","Inventory Part",8.00,20.00,,-38,0,"",0,
,"SPFW5G","Super Purple Fleet Wash 5 Gal Pail","Inventory Part",20.00,40.00,,-20,0,"",0,
,"ST-0930-6","STP Power Steering Fluid 6/12oz #61282","Inventory Part",8.30,23.30,,0,0,"",0,"IMPERIAL LUBES & SUPPLY"
,"ST-0934-6","STP Power Steering w/ Stop Leak 6/12oz","Inventory Part",9.00,24.00,,0,0,"",0,"IMPERIAL LUBES & SUPPLY"
,"ST-BF-6","STP Brake Fluid 6/12oz #61278","Inventory Part",10.10,25.10,,0,0,"",0,"IMPERIAL LUBES & SUPPLY"
,"ST-FIC-12","STP Fuel Injector & Carb Treatment (White) 6/2x5.25oz","Inventory Part",16.74,31.74,,0,0,"",0,"IMPERIAL LUBES & SUPPLY"
,"ST-GT-12","STP Gas Treatment 12/6.25oz","Inventory Part",16.70,31.70,,0,0,"",0,"IMPERIAL LUBES & SUPPLY"
,"ST-OB","STP Octane Booster 12/5.25oz","Inventory Part",30.50,45.50,,0,0,"",0,"IMPERIAL LUBES & SUPPLY"
,"ST-OT","STP Oil Treatment 12/15oz","Inventory Part",30.50,45.50,,0,0,"",0,"IMPERIAL LUBES & SUPPLY"
,"ST-SFIC-12","STP Super Conc. Fuel Injector Cleaner 6/2x5.25oz BLACK","Inventory Part",24.50,39.50,,0,0,"",0,"IMPERIAL LUBES & SUPPLY"
,"STARRY-20","STARRY Lemon Lime 24/20 oz","Inventory Part",23.23,24.27,,0,0,"",0,
,"SUNG-168","Pirahna - Sunglasses Display - 168ct..","Inventory Part",939.24,939.99,,0,0,"",0,"IMPERIAL LUBES & SUPPLY"
,"SUS-5G-AHF","SUS AGRI PLUS HYDRAULIC FLUID 5 GAL","Inventory Part",22.00,50.00,,40,0,"",0,"IMPERIAL LUBES & SUPPLY"
,"SUS-BF","Super S DOT 3 Brake Fluid 12/12oz (sus31)","Inventory Part",16.00,19.00,,0,0,"",0,"IMPERIAL LUBES & SUPPLY"
,"SUS-ND30","Super S Non- Detergent SAE 30 12/1qt","Inventory Part",21.00,30.00,,0,0,"",0,"IMPERIAL LUBES & SUPPLY"
,"SUS-ND40","Super S Non- Detergent SAE 40 12/1qt","Inventory Part",21.00,30.00,,0,0,"",0,"IMPERIAL LUBES & SUPPLY"
,"SUS-PSF","Super S Power Steering Fluid 12/12oz (sus29L)","Inventory Part",14.00,0.00,,0,0,"",0,"IMPERIAL LUBES & SUPPLY"
,"TAPE-MACHINE","Machine Length Tape","Inventory Part",16.00,0.00,,136,0,"",0,
,"TCC2232","Johnsen's - Dot 3 Brake Fluid - 12/32oz","Inventory Part",38.70,50.00,,0,0,"",0,"IMPERIAL LUBES & SUPPLY"
,"TCC2417","Johnsen's NC Brake Cleaner 12/14OZ","Inventory Part",25.50,50.00,,142,0,"",0,"IMPERIAL LUBES & SUPPLY"
,"TCC3282","Johnson's [TCC3282] DeIcer 12/10oz","Inventory Part",19.00,24.00,,144,0,"",0,"IMPERIAL LUBES & SUPPLY"
,"TCC4610","Johnson's - Power Steering Fluid - 12/32oz","Inventory Part",33.00,50.00,,0,0,"",0,"IMPERIAL LUBES & SUPPLY"
,"TCC4642","Johnsen's Carburator cleaner 12/16.5OZ","Inventory Part",26.99,50.00,,143,0,"",0,"IMPERIAL LUBES & SUPPLY"
,"TCC6732","Johnsen's - Premium 50% Ether Starter Fluid - 12/7.2oz","Inventory Part",23.99,25.00,,144,0,"",0,"IMPERIAL LUBES & SUPPLY"
,"TCC6762","Johnsen's Starting Fluid 12/cs","Inventory Part",23.50,40.00,,288,0,"",0,
,"TETRASODIUM","TETRASODIUM EDTA LB","Inventory Part",0.53,0.00,,1100,0,"",0,"VIKING CHEMICAL COMPANY"
,"TI-12-51129","#51129 Air Force HD Tire Inflator w/ Hose 12/12oz","Inventory Part",16.75,0.00,,0,0,"",0,"IMPERIAL LUBES & SUPPLY"
,"TI-12-51130","#51130 Tire Inflator w/ Hose 12/12oz","Inventory Part",20.00,0.00,,0,0,"",0,"IMPERIAL LUBES & SUPPLY"
,"TN-KCBO-48","Turtle Nose - Key Chain Bottle Opener - 1/48ct","Inventory Part",16.24,16.99,,0,0,"",0,"IMPERIAL LUBES & SUPPLY"
,"TOTE-330","330 GAL EMPTY TOTE","Inventory Part",125.00,250.00,,24,0,"",0,"Midwest Container Service"
,"TOTE-MT275","Empty Totes Recon 275 gal","Inventory Part",115.00,0.00,,966,0,"",0,"HIGGINS BROTHERS., INC."
,"TRO-11-APL","Tropicana - Apple - 12/11oz","Inventory Part",22.52,23.52,,2,0,"",0,
,"TRO-11-OR","Tropicana - Orange - 12/11oz","Inventory Part",22.52,23.52,,2,0,"",0,
,"TT-36","FINE SMART TOILET TISSUE 6/3PK","Inventory Part",10.00,30.00,,0,0,"",0,
,"TT-40","MIA Toilet Tissue 10/4pk","Inventory Part",9.00,19.99,,-22,0,"",0,"BALKAN BROTHERS"
,"TT-80","Mia Toilet Tissue 20/4pk","Inventory Part",22.00,30.00,,0,0,"",0,"BALKAN BROTHERS"
,"TT-96","Toiliet Tissue 96/roll 500 2ply","Inventory Part",36.00,50.00,,0,0,"",0,"IMPERIAL LUBES & SUPPLY"
,"TTIRIS6-12","Iris - Perfumed Deluxe Toilet Tissue - 6/12ct","Inventory Part",18.50,25.99,,0,0,"",0,
,"TTZ5GL","Sodium Tolytriazole TTZ 5 Gal","Inventory Part",111.00,160.00,,0,0,"",0,
,"VAL-DEF","VALVOLINE DEF 2/2.5GAL","Inventory Part",14.40,30.00,,0,0,"",0,"IMPERIAL LUBES & SUPPLY"
,"VX2410","VOLTLITHX CLASS 24 100AH LITHIUM BATTERY","Inventory Part",95.00,131.00,,190,0,"",0,
,"VX3115","VOLTLITHX CLASS 31 150AH LITHIUM BATTERY","Inventory Part",155.00,215.00,,128,0,"",0,
,"WB-GYM12","Goodyear - Reveal Wiper Blade 12"" - Each","Inventory Part",3.24,3.99,,0,0,"",0,"IMPERIAL LUBES & SUPPLY"
,"WB-GYM13","Goodyear - Reveal Wiper Blade 13"" - Each","Inventory Part",3.24,3.99,,0,0,"",0,"IMPERIAL LUBES & SUPPLY"
,"WB-GYM14","Goodyear - Reveal Wiper Blade 14"" - Each..","Inventory Part",3.24,3.99,,0,0,"",0,"IMPERIAL LUBES & SUPPLY"
,"WB-GYM15","Goodyear - Reveal Wiper Blade 15"" - Each..","Inventory Part",3.24,3.99,,0,0,"",0,"IMPERIAL LUBES & SUPPLY"
,"WB-GYM16","Goodyear - Reveal Wiper Blade 16"" - Each..","Inventory Part",3.24,3.99,,0,0,"",0,"IMPERIAL LUBES & SUPPLY"
,"WB-GYM17","Goodyear - Reveal Wiper Blade 17"" - Each","Inventory Part",3.24,3.99,,0,0,"",0,"IMPERIAL LUBES & SUPPLY"
,"WB-GYM18","Goodyear - Reveal Wiper Blade 18"" - Each","Inventory Part",3.24,3.99,,0,0,"",0,"IMPERIAL LUBES & SUPPLY"
,"WB-GYM19","Goodyear - Reveal Wiper Blade 19"" - Each","Inventory Part",3.24,3.99,,0,0,"",0,"IMPERIAL LUBES & SUPPLY"
,"WB-GYM20","Goodyear - Reveal Wiper Blade 20"" - Each","Inventory Part",3.24,3.99,,0,0,"",0,"IMPERIAL LUBES & SUPPLY"
,"WB-GYM21","Goodyear - Reveal Wiper Blade 21"" - Each","Inventory Part",3.24,3.99,,0,0,"",0,"IMPERIAL LUBES & SUPPLY"
,"WB-GYM22","Goodyear - Reveal Wiper Blade 22"" - Each","Inventory Part",3.24,3.99,,0,0,"",0,"IMPERIAL LUBES & SUPPLY"
,"WB-GYM24","Goodyear - Reveal Wiper Blade 24"" - Each","Inventory Part",3.24,3.99,,0,0,"",0,"IMPERIAL LUBES & SUPPLY"
,"WB-GYM26","Goodyear - Reveal Wiper Blade 26"" - Each","Inventory Part",5.24,5.99,,0,0,"",0,"IMPERIAL LUBES & SUPPLY"
,"WB-GYM28","Goodyear - Reveal Wiper Blade 28"" - Each","Inventory Part",5.24,5.99,,0,0,"",0,"IMPERIAL LUBES & SUPPLY"
,"WD40-3OZ","WD40 Lubricant 12/3oz","Inventory Part",32.00,50.00,,0,0,"",0,"IMPERIAL LUBES & SUPPLY"
,"WD40-8OZ","WD40 Lubricant 12/8oz","Inventory Part",54.00,80.00,,0,0,"",0,"IMPERIAL LUBES & SUPPLY"
,"WH-PSF","Wolf's Head/Starfire Power Steering Fluid 12/12oz","Inventory Part",12.00,0.00,,0,0,"",0,"IMPERIAL LUBES & SUPPLY"
,"WM-25","DCD 100X Winter Melt Rock Salt 25lb","Inventory Part",6.00,0.00,,2,0,"",0,"MIDWEST SALT"
,"ZARMOD0W20","ZARCO Petrol Engine Oil Drum 0w20 / 203Ltr","Inventory Part",0.00,365.95,,0,86,"",0,
,"ZARMOD5W20","ZARCO Petrol Engine Oil Drum 5w20 / 203Ltr","Inventory Part",0.00,365.95,,0,16,"",0,
,"ZARMOD5W30","ZARCO Petrol Engine Oil Drum 5W30 / 203Ltr","Inventory Part",0.00,327.70,,0,40,"",0,
,"ZARMOQ0W20","ZARCO Petrol Engine Oil 0w20 12/1qt","Inventory Part",12.50,22.51,,0,900,"",0,
,"ZARMOQ10W30","ZARCO Petrol Engine Oil 10w30 12/1qt","Inventory Part",12.50,20.82,,0,240,"",0,
,"ZARMOQ5W20","ZARCO Petrol Engine Oil 5w20 12/1qt","Inventory Part",12.50,22.51,,0,480,"",0,
,"ZARMOQ5W30","ZARCO Petrol Engine Oil 5w30 12/1qt","Inventory Part",12.50,20.82,,0,880,"",0,
,"ASAF50","All Season Pre Mixed Antifreeze 6/1gal","Inventory Assembly",6.97,14.99,,0,0,"",0,
,"ATAB55","All Temp All Blue Def 55 gal Drum","Inventory Assembly",94.01,299.99,,-23,0,"",0,
,"ATABD2","All Temp Allblu Def 2.5 Gal","Inventory Assembly",0.00,14.99,,-964,80,"",0,
,"ATABG1","All Temp Allblu Def 6/1 Gal","Inventory Assembly",14.38,35.99,,0,0,"",0,
,"ATAF50-TT","All Temperature Green 5050 275 Gal Tote","Inventory Assembly",467.29,799.99,,1,0,"",0,
,"ATCP50","All Temp Cool Power Xtend Life 5050 6/1gal","Inventory Assembly",12.65,24.99,"Non",-1042,180,"",0,
,"ATCPFS","All Temp Cool Power Concetrate 6/1gal","Inventory Assembly",20.02,49.99,,0,0,"",0,
,"ATFP50","All Temp FLEET POWER 6/1gal","Inventory Assembly",14.19,29.99,,-18,1080,"",0,
,"ATGLP50","All Temp Global Power Xtendlife 5050 6/1gal","Inventory Assembly",13.28,24.99,"Non",-213,144,"",0,
,"ATGLP5055","All Temp Global Power 5050 55 gal Drum","Inventory Assembly",140.00,249.00,"Non",-11,0,"",0,
,"ATGLPFS","All Temp Global Power Concentrate 6/1gal","Inventory Assembly",20.53,60.00,,-28,36,"",0,
,"ATGP50","ALL TEMP Green Power 5050 6/1Gal","Inventory Assembly",12.39,19.99,,-21897,2052,"",0,
,"ATGP50-55","All Temperature 5050 Green Power 55 gal Drum","Inventory Assembly",82.73,200.00,,-6,8,"",0,
,"ATGP50-TT","All Temp Green Power 5050 275 Gal Tote","Inventory Assembly",467.16,1500.00,,0,0,"",0,
,"ATGPFS","All Temp Green Power Concentrate 6/1gal","Inventory Assembly",20.00,54.99,,-78,0,"",0,
,"ATGPFS-55","All Temp GREEN POWER Full Strength Concentrate 55 gal Drum","Inventory Assembly",158.09,400.00,,5,0,"",0,
,"ATPG55","All Temp Industrial Propylene Glycol 55 Gal Drum","Inventory Assembly",259.37,900.00,,0,0,"",0,
,"ATRE501","All Temp RV & Marine Antifreeze Flam -50 BF 55 Gal DR","Inventory Assembly",0.00,399.99,,10,16,"",0,
,"ATRE506","All Temp RV & Marine Antifreeze -50 BF 6/1 Gal","Inventory Assembly",0.00,25.99,,2675,910,"",0,
,"ATRP1006","All Temp RV & Marine - 100 6/1 Gal","Inventory Assembly",0.00,37.24,,665,0,"",0,
,"ATRV50","ALL TEMP -50 Recreational Vehicle Antifreeze 6/1gal","Inventory Assembly",11.15,19.99,"Non",0,0,"",0,
,"ATW3055","All Temp -30Windshield Wash & Deicer 55 Gal","Inventory Assembly",66.59,150.00,,-40,0,"",0,
,"ATWW-TT330","All Temp -20 Windshield Wash 330 Gal Tote","Inventory Assembly",325.40,1050.00,,0,0,"",0,
,"ATWW20","All Temp -20 Windhield Wash & Deicer 6/1 Gal","Inventory Assembly",7.43,11.99,,-798,0,"",0,
,"ATWW20-275TT","All Temp Windsheild Wash -20 275 Gal Tote","Inventory Assembly",266.88,1000.00,,0,0,"",0,
,"ATWW30","All Temp Deicer Windshield Wash -30 6/1gal","Inventory Assembly",8.38,20.00,,21,0,"",0,
,"ATWW32","All Temp Windshield Bug Wash +32 6/1gal","Inventory Assembly",4.15,12.00,,1824,210,"",0,
,"ATWW55","All Temp -20 Washer Solvent 55 Gal","Inventory Assembly",54.00,109.99,,4,12,"",0,
,"ATWW55-35","All Temp -35 Windshield Wash & Deicer 55 Gal","Inventory Assembly",66.59,150.00,,0,0,"",0,
,"ATWW55-BW","All Temp Bug Wash Washer Solvent 55 Gal","Inventory Assembly",54.00,109.99,,0,0,"",0,
,"ATWW55-CON","ALL Temp Windshield Washer Concentrate 55 gal","Inventory Assembly",118.35,250.00,,0,0,"",0,
,"ATWWAX","All Temp AquaX Summer Windshild Wash +32F 6/1gal","Inventory Assembly",4.52,12.00,,-1120,140,"",0,
,"ATWWSB+32","All Temp Windshield Summer  Wash +32 6/1gal","Inventory Assembly",4.52,12.00,,-679,0,"",0,
,"ATWWZX","All Temp ZeroX All Weather Windshild Wash 0'F 6/1gal","Inventory Assembly",4.04,12.00,,0,0,"",0,
,"ATXLGP50-55","All Temp Global Power 5050 55 gal Drum","Inventory Assembly",140.00,249.00,"Non",7,0,"",0,
,"FCMA1G","Muriatic Acid 31.45% 4/1Gal","Inventory Assembly",0.00,49.99,,-63,0,"",0,
,"FS5530","Four Season 55 GAl 10w30","Inventory Assembly",188.99,500.00,,0,0,"",0,
,"FS5540","Four Season 55 GAl 10w40","Inventory Assembly",188.99,500.00,,4,0,"",0,
,"FS5552","Four Season 55 GAl 5w20","Inventory Assembly",188.99,500.00,,-1,0,"",0,
,"FS5553","Four Season 55 GAl 5w30","Inventory Assembly",188.99,500.00,,-1,0,"",0,
,"FSAF50","4 Seasons Green 5050 Antifreeze 6/1gal","Inventory Assembly",8.50,21.99,,-25199,1116,"",0,
,"FSMO13","4 Seasons Motor Oil 10w30 6/1qt","Inventory Assembly",11.50,16.99,,-10327,4732,"",0,
,"FSMO14","4 Seasons Motor Oil 10w40 6/1qt","Inventory Assembly",11.50,16.99,,-4807,2548,"",0,
,"FSMO52","4 Seasons Motor Oil 5w20 6/1qt","Inventory Assembly",11.50,16.99,,-7303,2912,"",0,
,"FSMO53","4 Seasons Motor Oil 5w30 6/1qt","Inventory Assembly",11.50,16.99,,-18788,4732,"",0,
,"FSMOTF","4 Seasons ATF TYPE A 6/1qt","Inventory Assembly",11.50,16.99,,-9229,182,"",0,
,"JEGSBIOILQT","#555-28067 Break-In-Oil 10w30-  6/1qt","Inventory Assembly",0.00,26.16,,0,180,"",0,
,"OEFAVB50","OEF ALL TEMP ASIAN BLUE 5050 ANTIFREEZE/COOLANT 6/1GAL","Inventory Assembly",14.79,40.00,,-1083,0,"",0,
,"OEFAVRP50","OEF ALL TEMP ASIAN RED/PINK 5050 ANTIFREEZE/COOLANT 6/1GAL","Inventory Assembly",14.79,40.00,,-800,0,"",0,
,"PRED25","RESOLUTE PREMIUM DEF 2.5GAL","Inventory Assembly",0.00,9.84,,-5120,160,"",0,
,"Pro-5050-55","propel 5050 Green Power 55 gal Drum","Inventory Assembly",82.73,200.00,,-2,0,"",0,
,"RESD25","RESOLUTE DEF 2.5GAL","Inventory Assembly",0.00,5.70,,-8880,240,"",0,
,"RSW201","RESOLUTE -20 Windshield Wash & Deicer - 6/1Gal","Inventory Assembly",7.47,11.99,,-4480,0,"",0,
,"RSW301","RESOLUTE -30 Windshield Wash & Deicer - 6/1Gal","Inventory Assembly",8.43,20.00,,-5075,0,"",0,
,"RV100-TT","RV Marine Antifreeze -100 275 GAL TOTE","Inventory Assembly",838.75,1500.00,,0,0,"",0,
,"RV200-55","Marine Engine Antifreeze -200 Gal 55gal Dr","Inventory Assembly",297.00,599.99,,0,0,"",0,
,"RV200-TT","Marine Antifreeze -200 275 Gal Tote","Inventory Assembly",1364.80,2299.99,,0,0,"",0,
,"RV50-TT","RV Marine Antifreeze -50 275 gal Tote","Inventory Assembly",476.86,999.00,,-14,0,"",0,
,"RV50-TT-330","ALL TEMP RV Marine Antifreeeze 330 gal Tote","Inventory Assembly",559.27,999.99,,0,0,"",0,
,"RVP100","RV Marine Antifreeeze -100 55 gal Dr","Inventory Assembly",161.75,449.99,,-8,0,"",0,
,"RVP150","RV Antifreeze PG -50 55 gal Dr","Inventory Assembly",89.48,350.00,,-40,0,"",0,
,"SPCD55G","Super Purple Cleaner & Degreaser 55 Gal Dr","Inventory Assembly",75.00,200.00,,-77,0,"",0,
,"SUPER-PCD","Super Purple Cleaner Degreaser 6/1gal","Inventory Assembly",6.16,20.00,,-486,0,"",0,
,"CORE-CH","Core charge for totes","Non-inventory Part",0.00,125.00,,"","","","",
,"Machine part","Machine Parts","Non-inventory Part",0.00,0.00,,"","","","",
,"P-PLATE","Print Plate","Non-inventory Part",0.00,574.00,,"","","","",
,"Bad Debt",,"Other Charge",0.00,0.00,,"","","","",
,"Plate Charge","Plate Charge","Other Charge",0.00,52.00,,"","","","",
,"SETUP","Setup Charge","Other Charge",0.00,200.00,,"","","","",
,"Reimb Subt","Reimbursable Expenses Subtotal","Subtotal",0.00,"",,"","",0,"",
,"ST","Sub total","Subtotal",0.00,"",,"","","","",
,"Reimb Group","Total Reimbursable Expenses","Group",0.00,"",,"","",0,"",
,"DISCOUNT",,"Discount",0.00,0.00,"Tax","","","","",
,"FRT-ALLOWANCE","Vendor Freight Allowance","Discount",0.00,0.00,"Tax","","",0,"",
