,"Type","Date","Due Date","Num","P. O. #","Name","Qty","S. O. #","Invoiced","Backordered","Amount","Item","Item Description","Open Balance","Ship To City","Ship To Address 1","Ship To Address 2","Ship To State","Ship Zip"
"Inventory",,,,,,,,,,,,,,,,,,,
"ATFF16 (All Temp - Quik Inflate FLAT FIX 12/16.9oz)",,,,,,,,,,,,,,,,,,,
,"Sales Order","06/08/2026","06/08/2026","410944",,"INTERNATIONAL WHOLEASLE CLUB",1,,0,1,27.50,"ATFF16 (All Temp - Quik Inflate FLAT FIX 12/16.9oz)","All Temp - Quik Inflate FLAT FIX 12/16.9oz",27.50,"Metairie","INTERNATIONAL WHOLESALE CLUB","2901 Richland Ave,","LA","70002"
"Total ATFF16 (All Temp - Quik Inflate FLAT FIX 12/16.9oz)",,,,,,,1,,0,1,27.50,,,27.50,,,,,
"ATPX-EC (ENERGY SOLUTIONS POWERONX BATTERY CHARGER 15' EXTENSION CABLE)",,,,,,,,,,,,,,,,,,,
,"Sales Order","06/03/2026","09/01/2026","410939","4947355","FLEET FARM",48,,0,48,599.52,"ATPX-EC (ENERGY SOLUTIONS POWERONX BATTERY CHARGER 15' EXTENSION CABLE)","ENERGY SOLUTIONS POWERONX BATTERY CHARGER 15' EXTENSION CABLE",599.52,"Chippewa Falls","#98030 Chippewa Falls DC","2900 Lakeview Drive","WI","54729"
,"Sales Order","06/22/2026","09/20/2026","411054","4956536","FLEET FARM",24,,0,24,299.76,"ATPX-EC (ENERGY SOLUTIONS POWERONX BATTERY CHARGER 15' EXTENSION CABLE)","ENERGY SOLUTIONS POWERONX BATTERY CHARGER 15' EXTENSION CABLE",299.76,"Oak Creek","Fleet Farm care of AIM","150 W. Oakview Parkway","WI","53154"
"Total ATPX-EC (ENERGY SOLUTIONS POWERONX BATTERY CHARGER 15' EXTENSION CABLE)",,,,,,,72,,0,72,899.28,,,899.28,,,,,
"ATPX12-2P-10 (ENERGY SOLUTIONS POWERONX 12V 10A, 2 BANK)",,,,,,,,,,,,,,,,,,,
,"Sales Order","06/03/2026","09/01/2026","410939","4947355","FLEET FARM",12,,0,12,1320.00,"ATPX12-2P-10 (ENERGY SOLUTIONS POWERONX 12V 10A, 2 BANK)","ENERGY SOLUTIONS POWERONX 12V 10A, 2 BANK",1320.00,"Chippewa Falls","#98030 Chippewa Falls DC","2900 Lakeview Drive","WI","54729"
,"Sales Order","06/22/2026","09/20/2026","411054","4956536","FLEET FARM",36,,0,36,3960.00,"ATPX12-2P-10 (ENERGY SOLUTIONS POWERONX 12V 10A, 2 BANK)","ENERGY SOLUTIONS POWERONX 12V 10A, 2 BANK",3960.00,"Oak Creek","Fleet Farm care of AIM","150 W. Oakview Parkway","WI","53154"
"Total ATPX12-2P-10 (ENERGY SOLUTIONS POWERONX 12V 10A, 2 BANK)",,,,,,,48,,0,48,5280.00,,,5280.00,,,,,
"ATPX12-3P-10 (ENERGY SOLUTIONS POWERONX 12V 10A, 3 BANK)",,,,,,,,,,,,,,,,,,,
,"Sales Order","06/22/2026","09/20/2026","411054","4956536","FLEET FARM",12,,0,12,2160.00,"ATPX12-3P-10 (ENERGY SOLUTIONS POWERONX 12V 10A, 3 BANK)","ENERGY SOLUTIONS POWERONX 12V 10A, 3 BANK",2160.00,"Oak Creek","Fleet Farm care of AIM","150 W. Oakview Parkway","WI","53154"
"Total ATPX12-3P-10 (ENERGY SOLUTIONS POWERONX 12V 10A, 3 BANK)",,,,,,,12,,0,12,2160.00,,,2160.00,,,,,
"ATQL32 (All Temp Qucik Light Charcoal Fluid 12/32oz)",,,,,,,,,,,,,,,,,,,
,"Sales Order","06/08/2026","06/08/2026","410944",,"INTERNATIONAL WHOLEASLE CLUB",72,,0,72,2052.00,"ATQL32 (All Temp Qucik Light Charcoal Fluid 12/32oz)","All Temp Qucik Light Charcoal Fluid 12/32oz",2052.00,"Metairie","INTERNATIONAL WHOLESALE CLUB","2901 Richland Ave,","LA","70002"
"Total ATQL32 (All Temp Qucik Light Charcoal Fluid 12/32oz)",,,,,,,72,,0,72,2052.00,,,2052.00,,,,,
"ATSF11 (All Temp Starting Fluid 12/10oz)",,,,,,,,,,,,,,,,,,,
,"Sales Order","05/14/2026","05/14/2026","410916","51426","Mack Chem",200,,0,200,4800.00,"ATSF11 (All Temp Starting Fluid 12/10oz)","All Temp Starting Fluid 12/10oz",4800.00,"May Pen","Mack Chem","Palmers Cross Main Road",,
"Total ATSF11 (All Temp Starting Fluid 12/10oz)",,,,,,,200,,0,200,4800.00,,,4800.00,,,,,
"ATWWBX-275TT (All Temp Bug X Windshield Wash - 275 Tote)",,,,,,,,,,,,,,,,,,,
,"Sales Order","05/14/2026","05/14/2026","410916","51426","Mack Chem",1,,0,1,371.25,"ATWWBX-275TT (All Temp Bug X Windshield Wash - 275 Tote)","All Temp Bug X Windshield Wash - 275 Tote",371.25,"May Pen","Mack Chem","Palmers Cross Main Road",,
"Total ATWWBX-275TT (All Temp Bug X Windshield Wash - 275 Tote)",,,,,,,1,,0,1,371.25,,,371.25,,,,,
"ATWWPX (All Temp PolarX -20 Windshield Wash & Deicer 6/1Gal)",,,,,,,,,,,,,,,,,,,
,"Sales Order","06/22/2026","07/07/2026","411056",,"KELLER HEARTT OIL CO.",70,,0,70,798.00,"ATWWPX (All Temp PolarX -20 Windshield Wash & Deicer 6/1Gal)","All Temp PolarX -20 Windshield Wash & Deicer 6/1Gal",798.00,"Oak Creek","KELLER HEARTT Company, Inc. WI","7830 S 10th Street","WI","53154"
"Total ATWWPX (All Temp PolarX -20 Windshield Wash & Deicer 6/1Gal)",,,,,,,70,,0,70,798.00,,,798.00,,,,,
"AUTG-BF (Autoguard - DOT 3 Brake Fluid - 12/12oz)",,,,,,,,,,,,,,,,,,,
,"Sales Order","06/08/2026","06/08/2026","410944",,"INTERNATIONAL WHOLEASLE CLUB",162,,0,162,3645.00,"AUTG-BF (Autoguard - DOT 3 Brake Fluid - 12/12oz)","Autoguard - DOT 3 Brake Fluid - 12/12oz",3645.00,"Metairie","INTERNATIONAL WHOLESALE CLUB","2901 Richland Ave,","LA","70002"
"Total AUTG-BF (Autoguard - DOT 3 Brake Fluid - 12/12oz)",,,,,,,162,,0,162,3645.00,,,3645.00,,,,,
"AUTG-PSF (Autoguard - Power Steering Fluid - 12/12oz)",,,,,,,,,,,,,,,,,,,
,"Sales Order","06/08/2026","06/08/2026","410944",,"INTERNATIONAL WHOLEASLE CLUB",108,,0,108,1566.00,"AUTG-PSF (Autoguard - Power Steering Fluid - 12/12oz)","Autoguard - Power Steering Fluid - 12/12oz",1566.00,"Metairie","INTERNATIONAL WHOLESALE CLUB","2901 Richland Ave,","LA","70002"
"Total AUTG-PSF (Autoguard - Power Steering Fluid - 12/12oz)",,,,,,,108,,0,108,1566.00,,,1566.00,,,,,
"BRI-84053 (Briggs - Red Gas Cans 3/5Gal)",,,,,,,,,,,,,,,,,,,
,"Sales Order","06/08/2026","06/08/2026","410944",,"INTERNATIONAL WHOLEASLE CLUB",1,,0,1,31.50,"BRI-84053 (Briggs - Red Gas Cans 3/5Gal)","Briggs - Red Gas Cans 3/5Gal",31.50,"Metairie","INTERNATIONAL WHOLESALE CLUB","2901 Richland Ave,","LA","70002"
"Total BRI-84053 (Briggs - Red Gas Cans 3/5Gal)",,,,,,,1,,0,1,31.50,,,31.50,,,,,
"BRIG-1G (#84013 -Briggs - Gas Can with FMD - 8/1Gal)",,,,,,,,,,,,,,,,,,,
,"Sales Order","06/08/2026","06/08/2026","410944",,"INTERNATIONAL WHOLEASLE CLUB",1,,0,1,45.50,"BRIG-1G (#84013 -Briggs - Gas Can with FMD - 8/1Gal)","#84013 -Briggs - Gas Can with FMD - 8/1Gal",45.50,"Metairie","INTERNATIONAL WHOLESALE CLUB","2901 Richland Ave,","LA","70002"
"Total BRIG-1G (#84013 -Briggs - Gas Can with FMD - 8/1Gal)",,,,,,,1,,0,1,45.50,,,45.50,,,,,
"BRIG-2G (Briggs & Stratton - Gas Cans - 6/2+ Gal)",,,,,,,,,,,,,,,,,,,
,"Sales Order","06/08/2026","06/08/2026","410944",,"INTERNATIONAL WHOLEASLE CLUB",1,,0,1,41.50,"BRIG-2G (Briggs & Stratton - Gas Cans - 6/2+ Gal)","Briggs & Stratton - Gas Cans - 6/2+ Gal",41.50,"Metairie","INTERNATIONAL WHOLESALE CLUB","2901 Richland Ave,","LA","70002"
"Total BRIG-2G (Briggs & Stratton - Gas Cans - 6/2+ Gal)",,,,,,,1,,0,1,41.50,,,41.50,,,,,
"DEF002 (Peak Blue Def 2.5 Gal Ea)",,,,,,,,,,,,,,,,,,,
,"Sales Order","01/27/2026","01/27/2026","410820","46572","RAVI'S IMPORT WAREHOUSE",1760,,0,1760,16720.00,"DEF002 (Peak Blue Def 2.5 Gal Ea)","Peak Blue Def 2.5 Gal Ea",16720.00,"DALLAS","IMPORT WAREHOUSE, INC.","11029 HARRY HINE BLVD","TX","75229-0102"
,"Sales Order","01/27/2026","01/27/2026","410821","46573","RAVI'S IMPORT WAREHOUSE",1760,,0,1760,16720.00,"DEF002 (Peak Blue Def 2.5 Gal Ea)","Peak Blue Def 2.5 Gal Ea",16720.00,"DALLAS","IMPORT WAREHOUSE, INC.","11029 HARRY HINE BLVD","TX","75229-0102"
,"Sales Order","01/27/2026","01/27/2026","410822","46570","RAVI'S IMPORT WAREHOUSE",1760,,0,1760,16720.00,"DEF002 (Peak Blue Def 2.5 Gal Ea)","Peak Blue Def 2.5 Gal Ea",16720.00,"DALLAS","IMPORT WAREHOUSE, INC.","11029 HARRY HINE BLVD","TX","75229-0102"
,"Sales Order","01/27/2026","01/27/2026","410823","46574","RAVI'S IMPORT WAREHOUSE",1760,,0,1760,16720.00,"DEF002 (Peak Blue Def 2.5 Gal Ea)","Peak Blue Def 2.5 Gal Ea",16720.00,"DALLAS","IMPORT WAREHOUSE, INC.","11029 HARRY HINE BLVD","TX","75229-0102"
,"Sales Order","01/27/2026","01/27/2026","410824","46575","RAVI'S IMPORT WAREHOUSE",1760,,0,1760,16720.00,"DEF002 (Peak Blue Def 2.5 Gal Ea)","Peak Blue Def 2.5 Gal Ea",16720.00,"DALLAS","IMPORT WAREHOUSE, INC.","11029 HARRY HINE BLVD","TX","75229-0102"
,"Sales Order","01/27/2026","01/27/2026","410825","46576","RAVI'S IMPORT WAREHOUSE",1760,,0,1760,16720.00,"DEF002 (Peak Blue Def 2.5 Gal Ea)","Peak Blue Def 2.5 Gal Ea",16720.00,"DALLAS","IMPORT WAREHOUSE, INC.","11029 HARRY HINE BLVD","TX","75229-0102"
,"Sales Order","06/08/2026","06/08/2026","410947","NERF3","TEXAS WHOLESALE VENTURE #1 LTD",1760,,0,1760,18955.20,"DEF002 (Peak Blue Def 2.5 Gal Ea)","Peak Blue Def 2.5 Gal Ea",18955.20,"Grand Prairie","Texas Wholesale-Grand Prairie","502 Fountain Pkwy","TX","75050"
,"Sales Order","06/08/2026","06/08/2026","410954","NERF4","TEXAS WHOLESALE VENTURE #1 LTD",1760,,0,1760,18955.20,"DEF002 (Peak Blue Def 2.5 Gal Ea)","Peak Blue Def 2.5 Gal Ea",18955.20,"Grand Prairie","Texas Wholesale-Grand Prairie","502 Fountain Pkwy","TX","75050"
,"Sales Order","06/08/2026","06/08/2026","410955","NERF5","TEXAS WHOLESALE VENTURE #1 LTD",1760,,0,1760,18955.20,"DEF002 (Peak Blue Def 2.5 Gal Ea)","Peak Blue Def 2.5 Gal Ea",18955.20,"Grand Prairie","Texas Wholesale-Grand Prairie","502 Fountain Pkwy","TX","75050"
,"Sales Order","06/08/2026","06/08/2026","410956","NERF6","TEXAS WHOLESALE VENTURE #1 LTD",1760,,0,1760,18955.20,"DEF002 (Peak Blue Def 2.5 Gal Ea)","Peak Blue Def 2.5 Gal Ea",18955.20,"Grand Prairie","Texas Wholesale-Grand Prairie","502 Fountain Pkwy","TX","75050"
,"Sales Order","06/08/2026","06/08/2026","410957","NERF7","TEXAS WHOLESALE VENTURE #1 LTD",1760,,0,1760,18955.20,"DEF002 (Peak Blue Def 2.5 Gal Ea)","Peak Blue Def 2.5 Gal Ea",18955.20,"Grand Prairie","Texas Wholesale-Grand Prairie","502 Fountain Pkwy","TX","75050"
,"Sales Order","06/08/2026","06/08/2026","410958","NERF8","TEXAS WHOLESALE VENTURE #1 LTD",1760,,0,1760,18955.20,"DEF002 (Peak Blue Def 2.5 Gal Ea)","Peak Blue Def 2.5 Gal Ea",18955.20,"Grand Prairie","Texas Wholesale-Grand Prairie","502 Fountain Pkwy","TX","75050"
,"Sales Order","06/08/2026","06/08/2026","410959","NERF9","TEXAS WHOLESALE VENTURE #1 LTD",1760,,0,1760,18955.20,"DEF002 (Peak Blue Def 2.5 Gal Ea)","Peak Blue Def 2.5 Gal Ea",18955.20,"Grand Prairie","Texas Wholesale-Grand Prairie","502 Fountain Pkwy","TX","75050"
,"Sales Order","06/08/2026","06/08/2026","410960","NERG0","TEXAS WHOLESALE VENTURE #1 LTD",1760,,0,1760,18955.20,"DEF002 (Peak Blue Def 2.5 Gal Ea)","Peak Blue Def 2.5 Gal Ea",18955.20,"Grand Prairie","Texas Wholesale-Grand Prairie","502 Fountain Pkwy","TX","75050"
,"Sales Order","06/08/2026","06/08/2026","410961","NERG1","TEXAS WHOLESALE VENTURE #1 LTD",1760,,0,1760,18955.20,"DEF002 (Peak Blue Def 2.5 Gal Ea)","Peak Blue Def 2.5 Gal Ea",18955.20,"Grand Prairie","Texas Wholesale-Grand Prairie","502 Fountain Pkwy","TX","75050"
,"Sales Order","06/08/2026","06/08/2026","410962","NERG2","TEXAS WHOLESALE VENTURE #1 LTD",1760,,0,1760,18955.20,"DEF002 (Peak Blue Def 2.5 Gal Ea)","Peak Blue Def 2.5 Gal Ea",18955.20,"Grand Prairie","Texas Wholesale-Grand Prairie","502 Fountain Pkwy","TX","75050"
,"Sales Order","06/08/2026","06/08/2026","410963","NERG3","TEXAS WHOLESALE VENTURE #1 LTD",1760,,0,1760,18955.20,"DEF002 (Peak Blue Def 2.5 Gal Ea)","Peak Blue Def 2.5 Gal Ea",18955.20,"Grand Prairie","Texas Wholesale-Grand Prairie","502 Fountain Pkwy","TX","75050"
,"Sales Order","06/08/2026","06/08/2026","410964","NERG4","TEXAS WHOLESALE VENTURE #1 LTD",1760,,0,1760,18955.20,"DEF002 (Peak Blue Def 2.5 Gal Ea)","Peak Blue Def 2.5 Gal Ea",18955.20,"Grand Prairie","Texas Wholesale-Grand Prairie","502 Fountain Pkwy","TX","75050"
,"Sales Order","06/08/2026","06/08/2026","410965","NERG5","TEXAS WHOLESALE VENTURE #1 LTD",1760,,0,1760,18955.20,"DEF002 (Peak Blue Def 2.5 Gal Ea)","Peak Blue Def 2.5 Gal Ea",18955.20,"Grand Prairie","Texas Wholesale-Grand Prairie","502 Fountain Pkwy","TX","75050"
,"Sales Order","06/08/2026","06/08/2026","410966","NERG6","TEXAS WHOLESALE VENTURE #1 LTD",1760,,0,1760,18955.20,"DEF002 (Peak Blue Def 2.5 Gal Ea)","Peak Blue Def 2.5 Gal Ea",18955.20,"Grand Prairie","Texas Wholesale-Grand Prairie","502 Fountain Pkwy","TX","75050"
,"Sales Order","06/08/2026","06/08/2026","410967","NERG7","TEXAS WHOLESALE VENTURE #1 LTD",1760,,0,1760,18955.20,"DEF002 (Peak Blue Def 2.5 Gal Ea)","Peak Blue Def 2.5 Gal Ea",18955.20,"Grand Prairie","Texas Wholesale-Grand Prairie","502 Fountain Pkwy","TX","75050"
,"Sales Order","06/12/2026","06/12/2026","410977","47804","RAVI'S IMPORT WAREHOUSE",1760,,0,1760,20240.00,"DEF002 (Peak Blue Def 2.5 Gal Ea)","Peak Blue Def 2.5 Gal Ea",20240.00,"DALLAS","IMPORT WAREHOUSE, INC.","11029 HARRY HINE BLVD","TX","75229-0102"
,"Sales Order","06/23/2026","06/23/2026","410941","JVTXT","7 STARS TRADING",1760,,0,1760,19976.00,"DEF002 (Peak Blue Def 2.5 Gal Ea)","Peak Blue Def 2.5 Gal Ea",19976.00,"TOTOWA","7 STARS TRADING","100 GORDON DR","NJ","07512"
"Total DEF002 (Peak Blue Def 2.5 Gal Ea)",,,,,,,40480,,0,40480,424864.00,,,424864.00,,,,,
"DEFTT (Bulk DEF - 275 Tote)",,,,,,,,,,,,,,,,,,,
,"Sales Order","05/14/2026","05/14/2026","410916","51426","Mack Chem",1,,0,1,629.75,"DEFTT (Bulk DEF - 275 Tote)","Bulk DEF - 275 Tote",629.75,"May Pen","Mack Chem","Palmers Cross Main Road",,
"Total DEFTT (Bulk DEF - 275 Tote)",,,,,,,1,,0,1,629.75,,,629.75,,,,,
"DISVOLTLITHX (VOLTLITHX Metal Floor Display)",,,,,,,,,,,,,,,,,,,
,"Sales Order","06/22/2026","06/22/2026","411055",,"FLEET FARM",1,,0,1,0.01,"DISVOLTLITHX (VOLTLITHX Metal Floor Display)","VOLTLITHX Metal Floor Display",0.01,"Fargo","3730 36th St S,",,"ND","58104"
,"Sales Order","06/25/2026","06/25/2026","411052",,"FLEET FARM",1,,0,1,0.01,"DISVOLTLITHX (VOLTLITHX Metal Floor Display)","VOLTLITHX Metal Floor Display",0.01,"Oconomowoc","FLEET FARM - OCO","1555 Town Centre Way","WI","53066"
"Total DISVOLTLITHX (VOLTLITHX Metal Floor Display)",,,,,,,2,,0,2,0.02,,,0.02,,,,,
"FCBL01 (FRESH CHOICE Bleach 6/1Gal)",,,,,,,,,,,,,,,,,,,
,"Sales Order","06/11/2026","06/11/2026","411050",,"NATIONAL TRADING COMPANY",35,,0,35,507.50,"FCBL01 (FRESH CHOICE Bleach 6/1Gal)","FRESH CHOICE Bleach 6/1Gal",507.50,"Memphis","National Trading Company - Shelby","1232 E Shelby Dr","TN","38116"
"Total FCBL01 (FRESH CHOICE Bleach 6/1Gal)",,,,,,,35,,0,35,507.50,,,507.50,,,,,
"GTX-10W30 (Castrol GTX 10w30 6/1qt)",,,,,,,,,,,,,,,,,,,
,"Sales Order","06/08/2026","06/08/2026","410944",,"INTERNATIONAL WHOLEASLE CLUB",168,,0,168,4452.00,"GTX-10W30 (Castrol GTX 10w30 6/1qt)","Castrol GTX 10w30 6/1qt",4452.00,"Metairie","INTERNATIONAL WHOLESALE CLUB","2901 Richland Ave,","LA","70002"
"Total GTX-10W30 (Castrol GTX 10w30 6/1qt)",,,,,,,168,,0,168,4452.00,,,4452.00,,,,,
"GTX-10W40 (Castrol GTX 10w40 6/1qt)",,,,,,,,,,,,,,,,,,,
,"Sales Order","06/08/2026","06/08/2026","410944",,"INTERNATIONAL WHOLEASLE CLUB",168,,0,168,4452.00,"GTX-10W40 (Castrol GTX 10w40 6/1qt)","Castrol GTX 10w40 6/1qt",4452.00,"Metairie","INTERNATIONAL WHOLESALE CLUB","2901 Richland Ave,","LA","70002"
"Total GTX-10W40 (Castrol GTX 10w40 6/1qt)",,,,,,,168,,0,168,4452.00,,,4452.00,,,,,
"GTX-20W50 (GTX 20W50 6/1QT)",,,,,,,,,,,,,,,,,,,
,"Sales Order","06/08/2026","06/08/2026","410944",,"INTERNATIONAL WHOLEASLE CLUB",168,,0,168,4452.00,"GTX-20W50 (GTX 20W50 6/1QT)","GTX 20W50 6/1QT",4452.00,"Metairie","INTERNATIONAL WHOLESALE CLUB","2901 Richland Ave,","LA","70002"
"Total GTX-20W50 (GTX 20W50 6/1QT)",,,,,,,168,,0,168,4452.00,,,4452.00,,,,,
"GTX-5W20 (GTX 5w20 6/1qt)",,,,,,,,,,,,,,,,,,,
,"Sales Order","06/08/2026","06/08/2026","410944",,"INTERNATIONAL WHOLEASLE CLUB",168,,0,168,4452.00,"GTX-5W20 (GTX 5w20 6/1qt)","GTX 5w20 6/1qt",4452.00,"Metairie","INTERNATIONAL WHOLESALE CLUB","2901 Richland Ave,","LA","70002"
"Total GTX-5W20 (GTX 5w20 6/1qt)",,,,,,,168,,0,168,4452.00,,,4452.00,,,,,
"GTX-5W30 (Castrol GTX 5w30 6/1qt)",,,,,,,,,,,,,,,,,,,
,"Sales Order","06/08/2026","06/08/2026","410944",,"INTERNATIONAL WHOLEASLE CLUB",168,,0,168,4452.00,"GTX-5W30 (Castrol GTX 5w30 6/1qt)","Castrol GTX 5w30 6/1qt",4452.00,"Metairie","INTERNATIONAL WHOLESALE CLUB","2901 Richland Ave,","LA","70002"
"Total GTX-5W30 (Castrol GTX 5w30 6/1qt)",,,,,,,168,,0,168,4452.00,,,4452.00,,,,,
"GTX-ATF (Castrol GTX ATF 6/1qt)",,,,,,,,,,,,,,,,,,,
,"Sales Order","06/08/2026","06/08/2026","410944",,"INTERNATIONAL WHOLEASLE CLUB",168,,0,168,4620.00,"GTX-ATF (Castrol GTX ATF 6/1qt)","Castrol GTX ATF 6/1qt",4620.00,"Metairie","INTERNATIONAL WHOLESALE CLUB","2901 Richland Ave,","LA","70002"
"Total GTX-ATF (Castrol GTX ATF 6/1qt)",,,,,,,168,,0,168,4620.00,,,4620.00,,,,,
"HAV-10W30 (Havoline 10w30 12/1qt)",,,,,,,,,,,,,,,,,,,
,"Sales Order","06/11/2026","06/11/2026","411050",,"NATIONAL TRADING COMPANY",84,,0,84,4031.16,"HAV-10W30 (Havoline 10w30 12/1qt)","Havoline 10w30 12/1qt",4031.16,"Memphis","National Trading Company - Shelby","1232 E Shelby Dr","TN","38116"
"Total HAV-10W30 (Havoline 10w30 12/1qt)",,,,,,,84,,0,84,4031.16,,,4031.16,,,,,
"HAV-5W20 (Havoline 5w20 12/1qt)",,,,,,,,,,,,,,,,,,,
,"Sales Order","06/11/2026","06/11/2026","411050",,"NATIONAL TRADING COMPANY",84,,0,84,4031.16,"HAV-5W20 (Havoline 5w20 12/1qt)","Havoline 5w20 12/1qt",4031.16,"Memphis","National Trading Company - Shelby","1232 E Shelby Dr","TN","38116"
"Total HAV-5W20 (Havoline 5w20 12/1qt)",,,,,,,84,,0,84,4031.16,,,4031.16,,,,,
"HAV-5W30 (Havoline 5w30 12/1qt)",,,,,,,,,,,,,,,,,,,
,"Sales Order","06/11/2026","06/11/2026","411050",,"NATIONAL TRADING COMPANY",84,,0,84,4031.16,"HAV-5W30 (Havoline 5w30 12/1qt)","Havoline 5w30 12/1qt",4031.16,"Memphis","National Trading Company - Shelby","1232 E Shelby Dr","TN","38116"
"Total HAV-5W30 (Havoline 5w30 12/1qt)",,,,,,,84,,0,84,4031.16,,,4031.16,,,,,
"ITA2CY8OZ (Itasca - 2 Cycle Engine Oil - 12/8oz)",,,,,,,,,,,,,,,,,,,
,"Sales Order","06/08/2026","06/08/2026","410944",,"INTERNATIONAL WHOLEASLE CLUB",198,,0,198,2623.50,"ITA2CY8OZ (Itasca - 2 Cycle Engine Oil - 12/8oz)","Itasca - 2 Cycle Engine Oil - 12/8oz",2623.50,"Metairie","INTERNATIONAL WHOLESALE CLUB","2901 Richland Ave,","LA","70002"
"Total ITA2CY8OZ (Itasca - 2 Cycle Engine Oil - 12/8oz)",,,,,,,198,,0,198,2623.50,,,2623.50,,,,,
"OTRWWSH01G (OTR 0 Degree Windshield Wash - 6/1 Gal)",,,,,,,,,,,,,,,,,,,
,"Sales Order","06/15/2026","09/13/2026","411010","1082164","FleetPride",180,,0,180,1803.60,"OTRWWSH01G (OTR 0 Degree Windshield Wash - 6/1 Gal)","OTR 0 Degree Windshield Wash - 6/1 Gal",1803.60,"(972)","4050 Corporate Dr","Suite 400",,"966-5215"
,"Sales Order","06/15/2026","09/13/2026","411011","1082165","FleetPride",180,,0,180,1803.60,"OTRWWSH01G (OTR 0 Degree Windshield Wash - 6/1 Gal)","OTR 0 Degree Windshield Wash - 6/1 Gal",1803.60,"(972)","4050 Corporate Dr","Suite 400",,"966-5215"
,"Sales Order","06/15/2026","09/13/2026","411012","1082166","FleetPride",180,,0,180,1803.60,"OTRWWSH01G (OTR 0 Degree Windshield Wash - 6/1 Gal)","OTR 0 Degree Windshield Wash - 6/1 Gal",1803.60,"(972)","4050 Corporate Dr","Suite 400",,"966-5215"
,"Sales Order","06/15/2026","09/13/2026","411013","1082167","FleetPride",216,,0,216,2164.32,"OTRWWSH01G (OTR 0 Degree Windshield Wash - 6/1 Gal)","OTR 0 Degree Windshield Wash - 6/1 Gal",2164.32,"(972)","4050 Corporate Dr","Suite 400",,"966-5215"
,"Sales Order","06/15/2026","09/13/2026","411014","1082168","FleetPride",540,,0,540,5410.80,"OTRWWSH01G (OTR 0 Degree Windshield Wash - 6/1 Gal)","OTR 0 Degree Windshield Wash - 6/1 Gal",5410.80,"(972)","4050 Corporate Dr","Suite 400",,"966-5215"
"Total OTRWWSH01G (OTR 0 Degree Windshield Wash - 6/1 Gal)",,,,,,,1296,,0,1296,12985.92,,,12985.92,,,,,
"OTRWWSH055G (OTR 0 Degree Windshield Wash - 55-Gal Drum)",,,,,,,,,,,,,,,,,,,
,"Sales Order","06/15/2026","09/13/2026","410999","1082545","FleetPride",20,,0,20,1738.00,"OTRWWSH055G (OTR 0 Degree Windshield Wash - 55-Gal Drum)","OTR 0 Degree Windshield Wash - 55-Gal Drum",1738.00,"(630)","2770 Alft Ct","Elgin, IL 60124",,"912-7030"
,"Sales Order","06/15/2026","09/13/2026","411000","1082548","FleetPride",16,,0,16,1390.40,"OTRWWSH055G (OTR 0 Degree Windshield Wash - 55-Gal Drum)","OTR 0 Degree Windshield Wash - 55-Gal Drum",1390.40,"(630)","2770 Alft Ct","Elgin, IL 60124",,"912-7030"
,"Sales Order","06/15/2026","09/13/2026","411010","1082164","FleetPride",20,,0,20,1738.00,"OTRWWSH055G (OTR 0 Degree Windshield Wash - 55-Gal Drum)","OTR 0 Degree Windshield Wash - 55-Gal Drum",1738.00,"(972)","4050 Corporate Dr","Suite 400",,"966-5215"
,"Sales Order","06/15/2026","09/13/2026","411011","1082165","FleetPride",20,,0,20,1738.00,"OTRWWSH055G (OTR 0 Degree Windshield Wash - 55-Gal Drum)","OTR 0 Degree Windshield Wash - 55-Gal Drum",1738.00,"(972)","4050 Corporate Dr","Suite 400",,"966-5215"
,"Sales Order","06/15/2026","09/13/2026","411012","1082166","FleetPride",20,,0,20,1738.00,"OTRWWSH055G (OTR 0 Degree Windshield Wash - 55-Gal Drum)","OTR 0 Degree Windshield Wash - 55-Gal Drum",1738.00,"(972)","4050 Corporate Dr","Suite 400",,"966-5215"
,"Sales Order","06/15/2026","09/13/2026","411013","1082167","FleetPride",20,,0,20,1738.00,"OTRWWSH055G (OTR 0 Degree Windshield Wash - 55-Gal Drum)","OTR 0 Degree Windshield Wash - 55-Gal Drum",1738.00,"(972)","4050 Corporate Dr","Suite 400",,"966-5215"
,"Sales Order","06/15/2026","09/13/2026","411014","1082168","FleetPride",24,,0,24,2085.60,"OTRWWSH055G (OTR 0 Degree Windshield Wash - 55-Gal Drum)","OTR 0 Degree Windshield Wash - 55-Gal Drum",2085.60,"(972)","4050 Corporate Dr","Suite 400",,"966-5215"
,"Sales Order","06/15/2026","09/13/2026","411019","1082541","FleetPride",88,,0,88,7647.20,"OTRWWSH055G (OTR 0 Degree Windshield Wash - 55-Gal Drum)","OTR 0 Degree Windshield Wash - 55-Gal Drum",7647.20,"(972)","4050 Corporate Dr","Suite 400",,"966-5215"
,"Sales Order","06/15/2026","09/13/2026","411020","1082542","FleetPride",88,,0,88,7647.20,"OTRWWSH055G (OTR 0 Degree Windshield Wash - 55-Gal Drum)","OTR 0 Degree Windshield Wash - 55-Gal Drum",7647.20,"(972)","4050 Corporate Dr","Suite 400",,"966-5215"
,"Sales Order","06/15/2026","09/13/2026","411037","1082136","FleetPride",16,,0,16,1390.40,"OTRWWSH055G (OTR 0 Degree Windshield Wash - 55-Gal Drum)","OTR 0 Degree Windshield Wash - 55-Gal Drum",1390.40,"(470)","550 Indian Trail Rd","NW Suite 100",,"260-7100"
,"Sales Order","06/15/2026","09/13/2026","411038","1082137","FleetPride",20,,0,20,1738.00,"OTRWWSH055G (OTR 0 Degree Windshield Wash - 55-Gal Drum)","OTR 0 Degree Windshield Wash - 55-Gal Drum",1738.00,"(470)","550 Indian Trail Rd","NW Suite 100",,"260-7100"
"Total OTRWWSH055G (OTR 0 Degree Windshield Wash - 55-Gal Drum)",,,,,,,352,,0,352,30588.80,,,30588.80,,,,,
"OTRWWSH32BG1G (OTR +32 BugWash - 6/1 Gal)",,,,,,,,,,,,,,,,,,,
,"Sales Order","06/15/2026","09/13/2026","410991","1082559","FleetPride",144,,0,144,1149.12,"OTRWWSH32BG1G (OTR +32 BugWash - 6/1 Gal)","OTR +32 BugWash - 6/1 Gal",1149.12,"(559)","7101 W Sunnyview Ave","Visalia, CA 93291",,"651-2307"
,"Sales Order","06/15/2026","09/13/2026","410992","1082560","FleetPride",144,,0,144,1149.12,"OTRWWSH32BG1G (OTR +32 BugWash - 6/1 Gal)","OTR +32 BugWash - 6/1 Gal",1149.12,"(559)","7101 W Sunnyview Ave","Visalia, CA 93291",,"651-2307"
,"Sales Order","06/15/2026","09/13/2026","410994","1082562","FleetPride",828,,0,828,6607.44,"OTRWWSH32BG1G (OTR +32 BugWash - 6/1 Gal)","OTR +32 BugWash - 6/1 Gal",6607.44,"(559)","7101 W Sunnyview Ave","Visalia, CA 93291",,"651-2307"
,"Sales Order","06/15/2026","09/13/2026","410995","1082563","FleetPride",72,,0,72,574.56,"OTRWWSH32BG1G (OTR +32 BugWash - 6/1 Gal)","OTR +32 BugWash - 6/1 Gal",574.56,"(559)","7101 W Sunnyview Ave","Visalia, CA 93291",,"651-2307"
,"Sales Order","06/15/2026","09/13/2026","411010","1082164","FleetPride",108,,0,108,861.84,"OTRWWSH32BG1G (OTR +32 BugWash - 6/1 Gal)","OTR +32 BugWash - 6/1 Gal",861.84,"(972)","4050 Corporate Dr","Suite 400",,"966-5215"
,"Sales Order","06/15/2026","09/13/2026","411011","1082165","FleetPride",108,,0,108,861.84,"OTRWWSH32BG1G (OTR +32 BugWash - 6/1 Gal)","OTR +32 BugWash - 6/1 Gal",861.84,"(972)","4050 Corporate Dr","Suite 400",,"966-5215"
,"Sales Order","06/15/2026","09/13/2026","411012","1082166","FleetPride",108,,0,108,861.84,"OTRWWSH32BG1G (OTR +32 BugWash - 6/1 Gal)","OTR +32 BugWash - 6/1 Gal",861.84,"(972)","4050 Corporate Dr","Suite 400",,"966-5215"
,"Sales Order","06/15/2026","09/13/2026","411013","1082167","FleetPride",108,,0,108,861.84,"OTRWWSH32BG1G (OTR +32 BugWash - 6/1 Gal)","OTR +32 BugWash - 6/1 Gal",861.84,"(972)","4050 Corporate Dr","Suite 400",,"966-5215"
,"Sales Order","06/15/2026","09/13/2026","411037","1082136","FleetPride",216,,0,216,1723.68,"OTRWWSH32BG1G (OTR +32 BugWash - 6/1 Gal)","OTR +32 BugWash - 6/1 Gal",1723.68,"(470)","550 Indian Trail Rd","NW Suite 100",,"260-7100"
"Total OTRWWSH32BG1G (OTR +32 BugWash - 6/1 Gal)",,,,,,,1836,,0,1836,14651.28,,,14651.28,,,,,
"OTRWWSH32BG55G (OTR +32 Bug Wash Windshield Wash -55-Gal Drum)",,,,,,,,,,,,,,,,,,,
,"Sales Order","06/15/2026","09/13/2026","410991","1082559","FleetPride",40,,0,40,2838.00,"OTRWWSH32BG55G (OTR +32 Bug Wash Windshield Wash -55-Gal Drum)","OTR +32 Bug Wash Windshield Wash -55-Gal Drum",2838.00,"(559)","7101 W Sunnyview Ave","Visalia, CA 93291",,"651-2307"
,"Sales Order","06/15/2026","09/13/2026","410992","1082560","FleetPride",40,,0,40,2838.00,"OTRWWSH32BG55G (OTR +32 Bug Wash Windshield Wash -55-Gal Drum)","OTR +32 Bug Wash Windshield Wash -55-Gal Drum",2838.00,"(559)","7101 W Sunnyview Ave","Visalia, CA 93291",,"651-2307"
,"Sales Order","06/15/2026","09/13/2026","410993","1082561","FleetPride",56,,0,56,3973.20,"OTRWWSH32BG55G (OTR +32 Bug Wash Windshield Wash -55-Gal Drum)","OTR +32 Bug Wash Windshield Wash -55-Gal Drum",3973.20,"(559)","7101 W Sunnyview Ave","Visalia, CA 93291",,"651-2307"
,"Sales Order","06/15/2026","09/13/2026","411010","1082164","FleetPride",20,,0,20,1419.00,"OTRWWSH32BG55G (OTR +32 Bug Wash Windshield Wash -55-Gal Drum)","OTR +32 Bug Wash Windshield Wash -55-Gal Drum",1419.00,"(972)","4050 Corporate Dr","Suite 400",,"966-5215"
,"Sales Order","06/15/2026","09/13/2026","411011","1082165","FleetPride",20,,0,20,1419.00,"OTRWWSH32BG55G (OTR +32 Bug Wash Windshield Wash -55-Gal Drum)","OTR +32 Bug Wash Windshield Wash -55-Gal Drum",1419.00,"(972)","4050 Corporate Dr","Suite 400",,"966-5215"
,"Sales Order","06/15/2026","09/13/2026","411012","1082166","FleetPride",20,,0,20,1419.00,"OTRWWSH32BG55G (OTR +32 Bug Wash Windshield Wash -55-Gal Drum)","OTR +32 Bug Wash Windshield Wash -55-Gal Drum",1419.00,"(972)","4050 Corporate Dr","Suite 400",,"966-5215"
,"Sales Order","06/15/2026","09/13/2026","411013","1082167","FleetPride",16,,0,16,1135.20,"OTRWWSH32BG55G (OTR +32 Bug Wash Windshield Wash -55-Gal Drum)","OTR +32 Bug Wash Windshield Wash -55-Gal Drum",1135.20,"(972)","4050 Corporate Dr","Suite 400",,"966-5215"
,"Sales Order","06/15/2026","09/13/2026","411037","1082136","FleetPride",20,,0,20,1419.00,"OTRWWSH32BG55G (OTR +32 Bug Wash Windshield Wash -55-Gal Drum)","OTR +32 Bug Wash Windshield Wash -55-Gal Drum",1419.00,"(470)","550 Indian Trail Rd","NW Suite 100",,"260-7100"
,"Sales Order","06/15/2026","09/13/2026","411038","1082137","FleetPride",20,,0,20,1419.00,"OTRWWSH32BG55G (OTR +32 Bug Wash Windshield Wash -55-Gal Drum)","OTR +32 Bug Wash Windshield Wash -55-Gal Drum",1419.00,"(470)","550 Indian Trail Rd","NW Suite 100",,"260-7100"
"Total OTRWWSH32BG55G (OTR +32 Bug Wash Windshield Wash -55-Gal Drum)",,,,,,,252,,0,252,17879.40,,,17879.40,,,,,
"OTRWWSHDEICER1G (OTR -25 Windshield Wash & De-Icer - 6/1 Gal)",,,,,,,,,,,,,,,,,,,
,"Sales Order","06/15/2026","09/13/2026","410991","1082559","FleetPride",144,,0,144,1797.12,"OTRWWSHDEICER1G (OTR -25 Windshield Wash & De-Icer - 6/1 Gal)","OTR -25 Windshield Wash & De-Icer - 6/1 Gal",1797.12,"(559)","7101 W Sunnyview Ave","Visalia, CA 93291",,"651-2307"
,"Sales Order","06/15/2026","09/13/2026","410992","1082560","FleetPride",144,,0,144,1797.12,"OTRWWSHDEICER1G (OTR -25 Windshield Wash & De-Icer - 6/1 Gal)","OTR -25 Windshield Wash & De-Icer - 6/1 Gal",1797.12,"(559)","7101 W Sunnyview Ave","Visalia, CA 93291",,"651-2307"
,"Sales Order","06/15/2026","09/13/2026","410993","1082561","FleetPride",144,,0,144,1797.12,"OTRWWSHDEICER1G (OTR -25 Windshield Wash & De-Icer - 6/1 Gal)","OTR -25 Windshield Wash & De-Icer - 6/1 Gal",1797.12,"(559)","7101 W Sunnyview Ave","Visalia, CA 93291",,"651-2307"
,"Sales Order","06/15/2026","09/13/2026","410995","1082563","FleetPride",72,,0,72,898.56,"OTRWWSHDEICER1G (OTR -25 Windshield Wash & De-Icer - 6/1 Gal)","OTR -25 Windshield Wash & De-Icer - 6/1 Gal",898.56,"(559)","7101 W Sunnyview Ave","Visalia, CA 93291",,"651-2307"
,"Sales Order","06/15/2026","09/13/2026","410996","1082564","FleetPride",828,,0,828,10333.44,"OTRWWSHDEICER1G (OTR -25 Windshield Wash & De-Icer - 6/1 Gal)","OTR -25 Windshield Wash & De-Icer - 6/1 Gal",10333.44,"(559)","7101 W Sunnyview Ave","Visalia, CA 93291",,"651-2307"
,"Sales Order","06/15/2026","09/13/2026","410999","1082545","FleetPride",216,,0,216,2695.68,"OTRWWSHDEICER1G (OTR -25 Windshield Wash & De-Icer - 6/1 Gal)","OTR -25 Windshield Wash & De-Icer - 6/1 Gal",2695.68,"(630)","2770 Alft Ct","Elgin, IL 60124",,"912-7030"
,"Sales Order","06/15/2026","09/13/2026","411000","1082548","FleetPride",252,,0,252,3144.96,"OTRWWSHDEICER1G (OTR -25 Windshield Wash & De-Icer - 6/1 Gal)","OTR -25 Windshield Wash & De-Icer - 6/1 Gal",3144.96,"(630)","2770 Alft Ct","Elgin, IL 60124",,"912-7030"
,"Sales Order","06/15/2026","09/13/2026","411001","1082549","FleetPride",432,,0,432,5391.36,"OTRWWSHDEICER1G (OTR -25 Windshield Wash & De-Icer - 6/1 Gal)","OTR -25 Windshield Wash & De-Icer - 6/1 Gal",5391.36,"(630)","2770 Alft Ct","Elgin, IL 60124",,"912-7030"
,"Sales Order","06/15/2026","09/13/2026","411002","1082550","FleetPride",432,,0,432,5391.36,"OTRWWSHDEICER1G (OTR -25 Windshield Wash & De-Icer - 6/1 Gal)","OTR -25 Windshield Wash & De-Icer - 6/1 Gal",5391.36,"(630)","2770 Alft Ct","Elgin, IL 60124",,"912-7030"
,"Sales Order","06/15/2026","09/13/2026","411003","1082551","FleetPride",828,,0,828,10333.44,"OTRWWSHDEICER1G (OTR -25 Windshield Wash & De-Icer - 6/1 Gal)","OTR -25 Windshield Wash & De-Icer - 6/1 Gal",10333.44,"(630)","2770 Alft Ct","Elgin, IL 60124",,"912-7030"
,"Sales Order","06/15/2026","09/13/2026","411004","1082552","FleetPride",828,,0,828,10333.44,"OTRWWSHDEICER1G (OTR -25 Windshield Wash & De-Icer - 6/1 Gal)","OTR -25 Windshield Wash & De-Icer - 6/1 Gal",10333.44,"(630)","2770 Alft Ct","Elgin, IL 60124",,"912-7030"
,"Sales Order","06/15/2026","09/13/2026","411005","1082553","FleetPride",252,,0,252,3144.96,"OTRWWSHDEICER1G (OTR -25 Windshield Wash & De-Icer - 6/1 Gal)","OTR -25 Windshield Wash & De-Icer - 6/1 Gal",3144.96,"(630)","2770 Alft Ct","Elgin, IL 60124",,"912-7030"
,"Sales Order","06/15/2026","09/13/2026","411010","1082164","FleetPride",72,,0,72,898.56,"OTRWWSHDEICER1G (OTR -25 Windshield Wash & De-Icer - 6/1 Gal)","OTR -25 Windshield Wash & De-Icer - 6/1 Gal",898.56,"(972)","4050 Corporate Dr","Suite 400",,"966-5215"
,"Sales Order","06/15/2026","09/13/2026","411011","1082165","FleetPride",72,,0,72,898.56,"OTRWWSHDEICER1G (OTR -25 Windshield Wash & De-Icer - 6/1 Gal)","OTR -25 Windshield Wash & De-Icer - 6/1 Gal",898.56,"(972)","4050 Corporate Dr","Suite 400",,"966-5215"
,"Sales Order","06/15/2026","09/13/2026","411012","1082166","FleetPride",72,,0,72,898.56,"OTRWWSHDEICER1G (OTR -25 Windshield Wash & De-Icer - 6/1 Gal)","OTR -25 Windshield Wash & De-Icer - 6/1 Gal",898.56,"(972)","4050 Corporate Dr","Suite 400",,"966-5215"
,"Sales Order","06/15/2026","09/13/2026","411013","1082167","FleetPride",72,,0,72,898.56,"OTRWWSHDEICER1G (OTR -25 Windshield Wash & De-Icer - 6/1 Gal)","OTR -25 Windshield Wash & De-Icer - 6/1 Gal",898.56,"(972)","4050 Corporate Dr","Suite 400",,"966-5215"
,"Sales Order","06/15/2026","09/13/2026","411015","1082169","FleetPride",828,,0,828,10333.44,"OTRWWSHDEICER1G (OTR -25 Windshield Wash & De-Icer - 6/1 Gal)","OTR -25 Windshield Wash & De-Icer - 6/1 Gal",10333.44,"(972)","4050 Corporate Dr","Suite 400",,"966-5215"
,"Sales Order","06/15/2026","09/13/2026","411016","1082170","FleetPride",252,,0,252,3144.96,"OTRWWSHDEICER1G (OTR -25 Windshield Wash & De-Icer - 6/1 Gal)","OTR -25 Windshield Wash & De-Icer - 6/1 Gal",3144.96,"(972)","4050 Corporate Dr","Suite 400",,"966-5215"
,"Sales Order","06/15/2026","09/13/2026","411018","1082540","FleetPride",432,,0,432,5391.36,"OTRWWSHDEICER1G (OTR -25 Windshield Wash & De-Icer - 6/1 Gal)","OTR -25 Windshield Wash & De-Icer - 6/1 Gal",5391.36,"(972)","4050 Corporate Dr","Suite 400",,"966-5215"
,"Sales Order","06/15/2026","09/13/2026","411023","1082152","FleetPride",432,,0,432,5391.36,"OTRWWSHDEICER1G (OTR -25 Windshield Wash & De-Icer - 6/1 Gal)","OTR -25 Windshield Wash & De-Icer - 6/1 Gal",5391.36,"(203)","15 Dwight St","North Haven, CT 06473",,"234-9163"
,"Sales Order","06/15/2026","09/13/2026","411024","1082818","FleetPride",432,,0,432,5391.36,"OTRWWSHDEICER1G (OTR -25 Windshield Wash & De-Icer - 6/1 Gal)","OTR -25 Windshield Wash & De-Icer - 6/1 Gal",5391.36,"(203)","15 Dwight St","North Haven, CT 06473",,"234-9163"
,"Sales Order","06/15/2026","09/13/2026","411025","1082154","FleetPride",432,,0,432,5391.36,"OTRWWSHDEICER1G (OTR -25 Windshield Wash & De-Icer - 6/1 Gal)","OTR -25 Windshield Wash & De-Icer - 6/1 Gal",5391.36,"(203)","15 Dwight St","North Haven, CT 06473",,"234-9163"
,"Sales Order","06/15/2026","09/13/2026","411026","1082155","FleetPride",432,,0,432,5391.36,"OTRWWSHDEICER1G (OTR -25 Windshield Wash & De-Icer - 6/1 Gal)","OTR -25 Windshield Wash & De-Icer - 6/1 Gal",5391.36,"(203)","15 Dwight St","North Haven, CT 06473",,"234-9163"
,"Sales Order","06/15/2026","09/13/2026","411032","1082161","FleetPride",828,,0,828,10333.44,"OTRWWSHDEICER1G (OTR -25 Windshield Wash & De-Icer - 6/1 Gal)","OTR -25 Windshield Wash & De-Icer - 6/1 Gal",10333.44,"(203)","15 Dwight St","North Haven, CT 06473",,"234-9163"
,"Sales Order","06/15/2026","09/13/2026","411033","1082162","FleetPride",828,,0,828,10333.44,"OTRWWSHDEICER1G (OTR -25 Windshield Wash & De-Icer - 6/1 Gal)","OTR -25 Windshield Wash & De-Icer - 6/1 Gal",10333.44,"(203)","15 Dwight St","North Haven, CT 06473",,"234-9163"
,"Sales Order","06/15/2026","09/13/2026","411034","1082163","FleetPride",828,,0,828,10333.44,"OTRWWSHDEICER1G (OTR -25 Windshield Wash & De-Icer - 6/1 Gal)","OTR -25 Windshield Wash & De-Icer - 6/1 Gal",10333.44,"(203)","15 Dwight St","North Haven, CT 06473",,"234-9163"
,"Sales Order","06/15/2026","09/13/2026","411037","1082136","FleetPride",72,,0,72,898.56,"OTRWWSHDEICER1G (OTR -25 Windshield Wash & De-Icer - 6/1 Gal)","OTR -25 Windshield Wash & De-Icer - 6/1 Gal",898.56,"(470)","550 Indian Trail Rd","NW Suite 100",,"260-7100"
,"Sales Order","06/15/2026","09/13/2026","411038","1082137","FleetPride",72,,0,72,898.56,"OTRWWSHDEICER1G (OTR -25 Windshield Wash & De-Icer - 6/1 Gal)","OTR -25 Windshield Wash & De-Icer - 6/1 Gal",898.56,"(470)","550 Indian Trail Rd","NW Suite 100",,"260-7100"
,"Sales Order","06/15/2026","09/13/2026","411039","1082138","FleetPride",252,,0,252,3144.96,"OTRWWSHDEICER1G (OTR -25 Windshield Wash & De-Icer - 6/1 Gal)","OTR -25 Windshield Wash & De-Icer - 6/1 Gal",3144.96,"(470)","550 Indian Trail Rd","NW Suite 100",,"260-7100"
,"Sales Order","06/15/2026","09/13/2026","411040","1082139","FleetPride",252,,0,252,3144.96,"OTRWWSHDEICER1G (OTR -25 Windshield Wash & De-Icer - 6/1 Gal)","OTR -25 Windshield Wash & De-Icer - 6/1 Gal",3144.96,"(470)","550 Indian Trail Rd","NW Suite 100",,"260-7100"
,"Sales Order","06/15/2026","09/13/2026","411041","1082140","FleetPride",252,,0,252,3144.96,"OTRWWSHDEICER1G (OTR -25 Windshield Wash & De-Icer - 6/1 Gal)","OTR -25 Windshield Wash & De-Icer - 6/1 Gal",3144.96,"(470)","550 Indian Trail Rd","NW Suite 100",,"260-7100"
,"Sales Order","06/15/2026","09/13/2026","411042","1082141","FleetPride",252,,0,252,3144.96,"OTRWWSHDEICER1G (OTR -25 Windshield Wash & De-Icer - 6/1 Gal)","OTR -25 Windshield Wash & De-Icer - 6/1 Gal",3144.96,"(470)","550 Indian Trail Rd","NW Suite 100",,"260-7100"
,"Sales Order","06/15/2026","09/13/2026","411043","1082143","FleetPride",252,,0,252,3144.96,"OTRWWSHDEICER1G (OTR -25 Windshield Wash & De-Icer - 6/1 Gal)","OTR -25 Windshield Wash & De-Icer - 6/1 Gal",3144.96,"(470)","550 Indian Trail Rd","NW Suite 100",,"260-7100"
,"Sales Order","06/15/2026","09/13/2026","411044","1082145","FleetPride",180,,0,180,2246.40,"OTRWWSHDEICER1G (OTR -25 Windshield Wash & De-Icer - 6/1 Gal)","OTR -25 Windshield Wash & De-Icer - 6/1 Gal",2246.40,"(470)","550 Indian Trail Rd","NW Suite 100",,"260-7100"
,"Sales Order","06/15/2026","09/13/2026","411045","1082146","FleetPride",828,,0,828,10333.44,"OTRWWSHDEICER1G (OTR -25 Windshield Wash & De-Icer - 6/1 Gal)","OTR -25 Windshield Wash & De-Icer - 6/1 Gal",10333.44,"(470)","550 Indian Trail Rd","NW Suite 100",,"260-7100"
,"Sales Order","06/15/2026","09/13/2026","411046","1082147","FleetPride",828,,0,828,10333.44,"OTRWWSHDEICER1G (OTR -25 Windshield Wash & De-Icer - 6/1 Gal)","OTR -25 Windshield Wash & De-Icer - 6/1 Gal",10333.44,"(470)","550 Indian Trail Rd","NW Suite 100",,"260-7100"
,"Sales Order","06/15/2026","09/13/2026","411047","1082148","FleetPride",828,,0,828,10333.44,"OTRWWSHDEICER1G (OTR -25 Windshield Wash & De-Icer - 6/1 Gal)","OTR -25 Windshield Wash & De-Icer - 6/1 Gal",10333.44,"(470)","550 Indian Trail Rd","NW Suite 100",,"260-7100"
"Total OTRWWSHDEICER1G (OTR -25 Windshield Wash & De-Icer - 6/1 Gal)",,,,,,,14652,,0,14652,182856.96,,,182856.96,,,,,
"OTRWWSHDEICER55G (OTR -25 Windshield Wash & De-Icer - 55-Gal Drum)",,,,,,,,,,,,,,,,,,,
,"Sales Order","06/15/2026","09/13/2026","410991","1082559","FleetPride",16,,0,16,1795.20,"OTRWWSHDEICER55G (OTR -25 Windshield Wash & De-Icer - 55-Gal Drum)","OTR -25 Windshield Wash & De-Icer - 55-Gal Drum",1795.20,"(559)","7101 W Sunnyview Ave","Visalia, CA 93291",,"651-2307"
,"Sales Order","06/15/2026","09/13/2026","410992","1082560","FleetPride",16,,0,16,1795.20,"OTRWWSHDEICER55G (OTR -25 Windshield Wash & De-Icer - 55-Gal Drum)","OTR -25 Windshield Wash & De-Icer - 55-Gal Drum",1795.20,"(559)","7101 W Sunnyview Ave","Visalia, CA 93291",,"651-2307"
,"Sales Order","06/15/2026","09/13/2026","410993","1082561","FleetPride",16,,0,16,1795.20,"OTRWWSHDEICER55G (OTR -25 Windshield Wash & De-Icer - 55-Gal Drum)","OTR -25 Windshield Wash & De-Icer - 55-Gal Drum",1795.20,"(559)","7101 W Sunnyview Ave","Visalia, CA 93291",,"651-2307"
,"Sales Order","06/15/2026","09/13/2026","410995","1082563","FleetPride",72,,0,72,8078.40,"OTRWWSHDEICER55G (OTR -25 Windshield Wash & De-Icer - 55-Gal Drum)","OTR -25 Windshield Wash & De-Icer - 55-Gal Drum",8078.40,"(559)","7101 W Sunnyview Ave","Visalia, CA 93291",,"651-2307"
,"Sales Order","06/15/2026","09/13/2026","410997","1082565","FleetPride",88,,0,88,9873.60,"OTRWWSHDEICER55G (OTR -25 Windshield Wash & De-Icer - 55-Gal Drum)","OTR -25 Windshield Wash & De-Icer - 55-Gal Drum",9873.60,"Youngstown","134 E Woodland Ave",,"OH","44502-1956"
,"Sales Order","06/15/2026","09/13/2026","410999","1082545","FleetPride",44,,0,44,4936.80,"OTRWWSHDEICER55G (OTR -25 Windshield Wash & De-Icer - 55-Gal Drum)","OTR -25 Windshield Wash & De-Icer - 55-Gal Drum",4936.80,"(630)","2770 Alft Ct","Elgin, IL 60124",,"912-7030"
,"Sales Order","06/15/2026","09/13/2026","411000","1082548","FleetPride",44,,0,44,4936.80,"OTRWWSHDEICER55G (OTR -25 Windshield Wash & De-Icer - 55-Gal Drum)","OTR -25 Windshield Wash & De-Icer - 55-Gal Drum",4936.80,"(630)","2770 Alft Ct","Elgin, IL 60124",,"912-7030"
,"Sales Order","06/15/2026","09/13/2026","411001","1082549","FleetPride",40,,0,40,4488.00,"OTRWWSHDEICER55G (OTR -25 Windshield Wash & De-Icer - 55-Gal Drum)","OTR -25 Windshield Wash & De-Icer - 55-Gal Drum",4488.00,"(630)","2770 Alft Ct","Elgin, IL 60124",,"912-7030"
,"Sales Order","06/15/2026","09/13/2026","411002","1082550","FleetPride",40,,0,40,4488.00,"OTRWWSHDEICER55G (OTR -25 Windshield Wash & De-Icer - 55-Gal Drum)","OTR -25 Windshield Wash & De-Icer - 55-Gal Drum",4488.00,"(630)","2770 Alft Ct","Elgin, IL 60124",,"912-7030"
,"Sales Order","06/15/2026","09/13/2026","411005","1082553","FleetPride",60,,0,60,6732.00,"OTRWWSHDEICER55G (OTR -25 Windshield Wash & De-Icer - 55-Gal Drum)","OTR -25 Windshield Wash & De-Icer - 55-Gal Drum",6732.00,"(630)","2770 Alft Ct","Elgin, IL 60124",,"912-7030"
,"Sales Order","06/15/2026","09/13/2026","411006","1082554","FleetPride",88,,0,88,9873.60,"OTRWWSHDEICER55G (OTR -25 Windshield Wash & De-Icer - 55-Gal Drum)","OTR -25 Windshield Wash & De-Icer - 55-Gal Drum",9873.60,"(630)","2770 Alft Ct","Elgin, IL 60124",,"912-7030"
,"Sales Order","06/15/2026","09/13/2026","411007","1082555","FleetPride",88,,0,88,9873.60,"OTRWWSHDEICER55G (OTR -25 Windshield Wash & De-Icer - 55-Gal Drum)","OTR -25 Windshield Wash & De-Icer - 55-Gal Drum",9873.60,"(630)","2770 Alft Ct","Elgin, IL 60124",,"912-7030"
,"Sales Order","06/15/2026","09/13/2026","411008","1082556","FleetPride",88,,0,88,9873.60,"OTRWWSHDEICER55G (OTR -25 Windshield Wash & De-Icer - 55-Gal Drum)","OTR -25 Windshield Wash & De-Icer - 55-Gal Drum",9873.60,"(630)","2770 Alft Ct","Elgin, IL 60124",,"912-7030"
,"Sales Order","06/15/2026","09/13/2026","411009","1082557","FleetPride",88,,0,88,9873.60,"OTRWWSHDEICER55G (OTR -25 Windshield Wash & De-Icer - 55-Gal Drum)","OTR -25 Windshield Wash & De-Icer - 55-Gal Drum",9873.60,"(630)","2770 Alft Ct","Elgin, IL 60124",,"912-7030"
,"Sales Order","06/15/2026","09/13/2026","411010","1082164","FleetPride",8,,0,8,897.60,"OTRWWSHDEICER55G (OTR -25 Windshield Wash & De-Icer - 55-Gal Drum)","OTR -25 Windshield Wash & De-Icer - 55-Gal Drum",897.60,"(972)","4050 Corporate Dr","Suite 400",,"966-5215"
,"Sales Order","06/15/2026","09/13/2026","411011","1082165","FleetPride",8,,0,8,897.60,"OTRWWSHDEICER55G (OTR -25 Windshield Wash & De-Icer - 55-Gal Drum)","OTR -25 Windshield Wash & De-Icer - 55-Gal Drum",897.60,"(972)","4050 Corporate Dr","Suite 400",,"966-5215"
,"Sales Order","06/15/2026","09/13/2026","411012","1082166","FleetPride",8,,0,8,897.60,"OTRWWSHDEICER55G (OTR -25 Windshield Wash & De-Icer - 55-Gal Drum)","OTR -25 Windshield Wash & De-Icer - 55-Gal Drum",897.60,"(972)","4050 Corporate Dr","Suite 400",,"966-5215"
,"Sales Order","06/15/2026","09/13/2026","411013","1082167","FleetPride",8,,0,8,897.60,"OTRWWSHDEICER55G (OTR -25 Windshield Wash & De-Icer - 55-Gal Drum)","OTR -25 Windshield Wash & De-Icer - 55-Gal Drum",897.60,"(972)","4050 Corporate Dr","Suite 400",,"966-5215"
,"Sales Order","06/15/2026","09/13/2026","411014","1082168","FleetPride",4,,0,4,448.80,"OTRWWSHDEICER55G (OTR -25 Windshield Wash & De-Icer - 55-Gal Drum)","OTR -25 Windshield Wash & De-Icer - 55-Gal Drum",448.80,"(972)","4050 Corporate Dr","Suite 400",,"966-5215"
,"Sales Order","06/15/2026","09/13/2026","411016","1082170","FleetPride",64,,0,64,7180.80,"OTRWWSHDEICER55G (OTR -25 Windshield Wash & De-Icer - 55-Gal Drum)","OTR -25 Windshield Wash & De-Icer - 55-Gal Drum",7180.80,"(972)","4050 Corporate Dr","Suite 400",,"966-5215"
,"Sales Order","06/15/2026","09/13/2026","411017","1082539","FleetPride",88,,0,88,9873.60,"OTRWWSHDEICER55G (OTR -25 Windshield Wash & De-Icer - 55-Gal Drum)","OTR -25 Windshield Wash & De-Icer - 55-Gal Drum",9873.60,"(972)","4050 Corporate Dr","Suite 400",,"966-5215"
,"Sales Order","06/15/2026","09/13/2026","411018","1082540","FleetPride",40,,0,40,4488.00,"OTRWWSHDEICER55G (OTR -25 Windshield Wash & De-Icer - 55-Gal Drum)","OTR -25 Windshield Wash & De-Icer - 55-Gal Drum",4488.00,"(972)","4050 Corporate Dr","Suite 400",,"966-5215"
,"Sales Order","06/15/2026","09/13/2026","411023","1082152","FleetPride",40,,0,40,4488.00,"OTRWWSHDEICER55G (OTR -25 Windshield Wash & De-Icer - 55-Gal Drum)","OTR -25 Windshield Wash & De-Icer - 55-Gal Drum",4488.00,"(203)","15 Dwight St","North Haven, CT 06473",,"234-9163"
,"Sales Order","06/15/2026","09/13/2026","411024","1082818","FleetPride",40,,0,40,4488.00,"OTRWWSHDEICER55G (OTR -25 Windshield Wash & De-Icer - 55-Gal Drum)","OTR -25 Windshield Wash & De-Icer - 55-Gal Drum",4488.00,"(203)","15 Dwight St","North Haven, CT 06473",,"234-9163"
,"Sales Order","06/15/2026","09/13/2026","411025","1082154","FleetPride",40,,0,40,4488.00,"OTRWWSHDEICER55G (OTR -25 Windshield Wash & De-Icer - 55-Gal Drum)","OTR -25 Windshield Wash & De-Icer - 55-Gal Drum",4488.00,"(203)","15 Dwight St","North Haven, CT 06473",,"234-9163"
,"Sales Order","06/15/2026","09/13/2026","411026","1082155","FleetPride",40,,0,40,4488.00,"OTRWWSHDEICER55G (OTR -25 Windshield Wash & De-Icer - 55-Gal Drum)","OTR -25 Windshield Wash & De-Icer - 55-Gal Drum",4488.00,"(203)","15 Dwight St","North Haven, CT 06473",,"234-9163"
,"Sales Order","06/15/2026","09/13/2026","411027","1082156","FleetPride",88,,0,88,9873.60,"OTRWWSHDEICER55G (OTR -25 Windshield Wash & De-Icer - 55-Gal Drum)","OTR -25 Windshield Wash & De-Icer - 55-Gal Drum",9873.60,"(203)","15 Dwight St","North Haven, CT 06473",,"234-9163"
,"Sales Order","06/15/2026","09/13/2026","411028","1082157","FleetPride",88,,0,88,9873.60,"OTRWWSHDEICER55G (OTR -25 Windshield Wash & De-Icer - 55-Gal Drum)","OTR -25 Windshield Wash & De-Icer - 55-Gal Drum",9873.60,"(203)","15 Dwight St","North Haven, CT 06473",,"234-9163"
,"Sales Order","06/15/2026","09/13/2026","411029","1082158","FleetPride",88,,0,88,9873.60,"OTRWWSHDEICER55G (OTR -25 Windshield Wash & De-Icer - 55-Gal Drum)","OTR -25 Windshield Wash & De-Icer - 55-Gal Drum",9873.60,"(203)","15 Dwight St","North Haven, CT 06473",,"234-9163"
,"Sales Order","06/15/2026","09/13/2026","411030","1082159","FleetPride",88,,0,88,9873.60,"OTRWWSHDEICER55G (OTR -25 Windshield Wash & De-Icer - 55-Gal Drum)","OTR -25 Windshield Wash & De-Icer - 55-Gal Drum",9873.60,"(203)","15 Dwight St","North Haven, CT 06473",,"234-9163"
,"Sales Order","06/15/2026","09/13/2026","411031","1082160","FleetPride",88,,0,88,9873.60,"OTRWWSHDEICER55G (OTR -25 Windshield Wash & De-Icer - 55-Gal Drum)","OTR -25 Windshield Wash & De-Icer - 55-Gal Drum",9873.60,"(203)","15 Dwight St","North Haven, CT 06473",,"234-9163"
,"Sales Order","06/15/2026","09/13/2026","411037","1082136","FleetPride",20,,0,20,2244.00,"OTRWWSHDEICER55G (OTR -25 Windshield Wash & De-Icer - 55-Gal Drum)","OTR -25 Windshield Wash & De-Icer - 55-Gal Drum",2244.00,"(470)","550 Indian Trail Rd","NW Suite 100",,"260-7100"
,"Sales Order","06/15/2026","09/13/2026","411038","1082137","FleetPride",40,,0,40,4488.00,"OTRWWSHDEICER55G (OTR -25 Windshield Wash & De-Icer - 55-Gal Drum)","OTR -25 Windshield Wash & De-Icer - 55-Gal Drum",4488.00,"(470)","550 Indian Trail Rd","NW Suite 100",,"260-7100"
,"Sales Order","06/15/2026","09/13/2026","411039","1082138","FleetPride",60,,0,60,6732.00,"OTRWWSHDEICER55G (OTR -25 Windshield Wash & De-Icer - 55-Gal Drum)","OTR -25 Windshield Wash & De-Icer - 55-Gal Drum",6732.00,"(470)","550 Indian Trail Rd","NW Suite 100",,"260-7100"
,"Sales Order","06/15/2026","09/13/2026","411040","1082139","FleetPride",60,,0,60,6732.00,"OTRWWSHDEICER55G (OTR -25 Windshield Wash & De-Icer - 55-Gal Drum)","OTR -25 Windshield Wash & De-Icer - 55-Gal Drum",6732.00,"(470)","550 Indian Trail Rd","NW Suite 100",,"260-7100"
,"Sales Order","06/15/2026","09/13/2026","411041","1082140","FleetPride",60,,0,60,6732.00,"OTRWWSHDEICER55G (OTR -25 Windshield Wash & De-Icer - 55-Gal Drum)","OTR -25 Windshield Wash & De-Icer - 55-Gal Drum",6732.00,"(470)","550 Indian Trail Rd","NW Suite 100",,"260-7100"
,"Sales Order","06/15/2026","09/13/2026","411042","1082141","FleetPride",60,,0,60,6732.00,"OTRWWSHDEICER55G (OTR -25 Windshield Wash & De-Icer - 55-Gal Drum)","OTR -25 Windshield Wash & De-Icer - 55-Gal Drum",6732.00,"(470)","550 Indian Trail Rd","NW Suite 100",,"260-7100"
,"Sales Order","06/15/2026","09/13/2026","411043","1082143","FleetPride",60,,0,60,6732.00,"OTRWWSHDEICER55G (OTR -25 Windshield Wash & De-Icer - 55-Gal Drum)","OTR -25 Windshield Wash & De-Icer - 55-Gal Drum",6732.00,"(470)","550 Indian Trail Rd","NW Suite 100",,"260-7100"
,"Sales Order","06/15/2026","09/13/2026","411044","1082145","FleetPride",68,,0,68,7629.60,"OTRWWSHDEICER55G (OTR -25 Windshield Wash & De-Icer - 55-Gal Drum)","OTR -25 Windshield Wash & De-Icer - 55-Gal Drum",7629.60,"(470)","550 Indian Trail Rd","NW Suite 100",,"260-7100"
"Total OTRWWSHDEICER55G (OTR -25 Windshield Wash & De-Icer - 55-Gal Drum)",,,,,,,2044,,0,2044,229336.80,,,229336.80,,,,,
"PG-BULK (Propylene Glycol lb)",,,,,,,,,,,,,,,,,,,
,"Sales Order","04/29/2026","04/29/2026","410900","26.1380-S","Radchem Products, Inc.",41870,,0,41870,75366.00,"PG-BULK (Propylene Glycol lb)","Propylene Glycol lb",75366.00,"Romeoville","Radchem Products, Inc","1264 Windham Parkway","IL","60446"
"Total PG-BULK (Propylene Glycol lb)",,,,,,,41870,,0,41870,75366.00,,,75366.00,,,,,
"PK-5050 (Peak Ready Use Green 5050 6/1gal)",,,,,,,,,,,,,,,,,,,
,"Sales Order","04/29/2026","04/29/2026","410901","47420","RAVI'S IMPORT WAREHOUSE",720,,0,720,17964.00,"PK-5050 (Peak Ready Use Green 5050 6/1gal)","Peak Ready Use Green 5050 6/1gal",17964.00,"DALLAS","IMPORT WAREHOUSE, INC.","11029 HARRY HINE BLVD","TX","75229-0102"
"Total PK-5050 (Peak Ready Use Green 5050 6/1gal)",,,,,,,720,,0,720,17964.00,,,17964.00,,,,,
"PK-WW-32 (Peak Summer Blend Wash +32 6/1gal)",,,,,,,,,,,,,,,,,,,
,"Sales Order","06/10/2026","06/10/2026","410951","NERJ7","TEXAS WHOLESALE VENTURE #1 LTD",455,,0,455,4777.50,"PK-WW-32 (Peak Summer Blend Wash +32 6/1gal)","Peak Summer Blend Wash +32 6/1gal",4777.50,"Grand Prairie","Texas Wholesale-Grand Prairie","502 Fountain Pkwy","TX","75050"
,"Sales Order","06/10/2026","06/10/2026","410952",,"7 STARS TRADING",805,,0,805,7728.00,"PK-WW-32 (Peak Summer Blend Wash +32 6/1gal)","Peak Summer Blend Wash +32 6/1gal",7728.00,"COMMERCE","VALUE DISTRIBUTOR INC","7344 BANDINI BLVD","CA","90040"
,"Sales Order","06/10/2026","06/10/2026","410953",,"7 STARS TRADING",805,,0,805,7728.00,"PK-WW-32 (Peak Summer Blend Wash +32 6/1gal)","Peak Summer Blend Wash +32 6/1gal",7728.00,"COMMERCE","VALUE DISTRIBUTOR INC","7344 BANDINI BLVD","CA","90040"
"Total PK-WW-32 (Peak Summer Blend Wash +32 6/1gal)",,,,,,,2065,,0,2065,20233.50,,,20233.50,,,,,
"PK-WW-BW (Peak Bug Wash 6/1gal)",,,,,,,,,,,,,,,,,,,
,"Sales Order","06/10/2026","06/10/2026","410951","NERJ7","TEXAS WHOLESALE VENTURE #1 LTD",350,,0,350,3920.00,"PK-WW-BW (Peak Bug Wash 6/1gal)","Peak Bug Wash 6/1gal",3920.00,"Grand Prairie","Texas Wholesale-Grand Prairie","502 Fountain Pkwy","TX","75050"
"Total PK-WW-BW (Peak Bug Wash 6/1gal)",,,,,,,350,,0,350,3920.00,,,3920.00,,,,,
"PZ-10W30-6 (Pennzoil 10W30 6/1qt (6pack))",,,,,,,,,,,,,,,,,,,
,"Sales Order","06/08/2026","06/08/2026","410944",,"INTERNATIONAL WHOLEASLE CLUB",175,,0,175,4707.50,"PZ-10W30-6 (Pennzoil 10W30 6/1qt (6pack))","Pennzoil 10W30 6/1qt (6pack)",4707.50,"Metairie","INTERNATIONAL WHOLESALE CLUB","2901 Richland Ave,","LA","70002"
"Total PZ-10W30-6 (Pennzoil 10W30 6/1qt (6pack))",,,,,,,175,,0,175,4707.50,,,4707.50,,,,,
"PZ-10W40-6 (Pennzoil 10W40 6/1qt (6pack))",,,,,,,,,,,,,,,,,,,
,"Sales Order","06/08/2026","06/08/2026","410944",,"INTERNATIONAL WHOLEASLE CLUB",175,,0,175,4707.50,"PZ-10W40-6 (Pennzoil 10W40 6/1qt (6pack))","Pennzoil 10W40 6/1qt (6pack)",4707.50,"Metairie","INTERNATIONAL WHOLESALE CLUB","2901 Richland Ave,","LA","70002"
"Total PZ-10W40-6 (Pennzoil 10W40 6/1qt (6pack))",,,,,,,175,,0,175,4707.50,,,4707.50,,,,,
"PZ-5W20-6 (Pennzoil 5W20 6/1qt (6pack))",,,,,,,,,,,,,,,,,,,
,"Sales Order","06/08/2026","06/08/2026","410944",,"INTERNATIONAL WHOLEASLE CLUB",175,,0,175,4707.50,"PZ-5W20-6 (Pennzoil 5W20 6/1qt (6pack))","Pennzoil 5W20 6/1qt (6pack)",4707.50,"Metairie","INTERNATIONAL WHOLESALE CLUB","2901 Richland Ave,","LA","70002"
"Total PZ-5W20-6 (Pennzoil 5W20 6/1qt (6pack))",,,,,,,175,,0,175,4707.50,,,4707.50,,,,,
"PZ-5W30-6 (Pennzoil 5W30 6/1qt (6pack))",,,,,,,,,,,,,,,,,,,
,"Sales Order","06/08/2026","06/08/2026","410944",,"INTERNATIONAL WHOLEASLE CLUB",175,,0,175,4707.50,"PZ-5W30-6 (Pennzoil 5W30 6/1qt (6pack))","Pennzoil 5W30 6/1qt (6pack)",4707.50,"Metairie","INTERNATIONAL WHOLESALE CLUB","2901 Richland Ave,","LA","70002"
"Total PZ-5W30-6 (Pennzoil 5W30 6/1qt (6pack))",,,,,,,175,,0,175,4707.50,,,4707.50,,,,,
"PZ-ATF-6 (Pennzoil ATF 6/1qt)",,,,,,,,,,,,,,,,,,,
,"Sales Order","06/08/2026","06/08/2026","410944",,"INTERNATIONAL WHOLEASLE CLUB",175,,0,175,4882.50,"PZ-ATF-6 (Pennzoil ATF 6/1qt)","Pennzoil ATF 6/1qt",4882.50,"Metairie","INTERNATIONAL WHOLESALE CLUB","2901 Richland Ave,","LA","70002"
"Total PZ-ATF-6 (Pennzoil ATF 6/1qt)",,,,,,,175,,0,175,4882.50,,,4882.50,,,,,
"RBB131 (RESOLUTE ELITE Beam Wiper Blade 13"" - 10/1cs)",,,,,,,,,,,,,,,,,,,
,"Sales Order","03/05/2026","06/03/2026","410882","4891189","FLEET FARM",75,,0,75,2347.50,"RBB131 (RESOLUTE ELITE Beam Wiper Blade 13"" - 10/1cs)","RESOLUTE ELITE Beam Wiper Blade 13"" - 10/1cs",2347.50,"Chippewa Falls","#98030 Chippewa Falls DC","2900 Lakeview Drive","WI","54729"
"Total RBB131 (RESOLUTE ELITE Beam Wiper Blade 13"" - 10/1cs)",,,,,,,75,,0,75,2347.50,,,2347.50,,,,,
"RBB141 (RESOLUTE ELITE Beam Wiper Blade 14"" - 10/1cs)",,,,,,,,,,,,,,,,,,,
,"Sales Order","03/05/2026","06/03/2026","410882","4891189","FLEET FARM",40,,0,40,1252.00,"RBB141 (RESOLUTE ELITE Beam Wiper Blade 14"" - 10/1cs)","RESOLUTE ELITE Beam Wiper Blade 14"" - 10/1cs",1252.00,"Chippewa Falls","#98030 Chippewa Falls DC","2900 Lakeview Drive","WI","54729"
"Total RBB141 (RESOLUTE ELITE Beam Wiper Blade 14"" - 10/1cs)",,,,,,,40,,0,40,1252.00,,,1252.00,,,,,
"RBB151 (RESOLUTE ELITE Beam Wiper Blade 15"" - 10/1cs)",,,,,,,,,,,,,,,,,,,
,"Sales Order","03/05/2026","06/03/2026","410882","4891189","FLEET FARM",60,,0,60,1878.00,"RBB151 (RESOLUTE ELITE Beam Wiper Blade 15"" - 10/1cs)","RESOLUTE ELITE Beam Wiper Blade 15"" - 10/1cs",1878.00,"Chippewa Falls","#98030 Chippewa Falls DC","2900 Lakeview Drive","WI","54729"
"Total RBB151 (RESOLUTE ELITE Beam Wiper Blade 15"" - 10/1cs)",,,,,,,60,,0,60,1878.00,,,1878.00,,,,,
"RBB161 (RESOLUTE ELITE Beam Wiper Blade 16"" - 10/1cs)",,,,,,,,,,,,,,,,,,,
,"Sales Order","03/05/2026","06/03/2026","410882","4891189","FLEET FARM",60,,0,60,1878.00,"RBB161 (RESOLUTE ELITE Beam Wiper Blade 16"" - 10/1cs)","RESOLUTE ELITE Beam Wiper Blade 16"" - 10/1cs",1878.00,"Chippewa Falls","#98030 Chippewa Falls DC","2900 Lakeview Drive","WI","54729"
"Total RBB161 (RESOLUTE ELITE Beam Wiper Blade 16"" - 10/1cs)",,,,,,,60,,0,60,1878.00,,,1878.00,,,,,
"RBB171 (RESOLUTE ELITE Beam Wiper Blade 17"" - 10/1cs)",,,,,,,,,,,,,,,,,,,
,"Sales Order","03/05/2026","06/03/2026","410882","4891189","FLEET FARM",50,,0,50,1730.00,"RBB171 (RESOLUTE ELITE Beam Wiper Blade 17"" - 10/1cs)","RESOLUTE ELITE Beam Wiper Blade 17"" - 10/1cs",1730.00,"Chippewa Falls","#98030 Chippewa Falls DC","2900 Lakeview Drive","WI","54729"
"Total RBB171 (RESOLUTE ELITE Beam Wiper Blade 17"" - 10/1cs)",,,,,,,50,,0,50,1730.00,,,1730.00,,,,,
"RBB181 (RESOLUTE ELITE Beam Wiper Blade 18"" - 10/1cs)",,,,,,,,,,,,,,,,,,,
,"Sales Order","03/05/2026","06/03/2026","410882","4891189","FLEET FARM",105,,0,105,3633.00,"RBB181 (RESOLUTE ELITE Beam Wiper Blade 18"" - 10/1cs)","RESOLUTE ELITE Beam Wiper Blade 18"" - 10/1cs",3633.00,"Chippewa Falls","#98030 Chippewa Falls DC","2900 Lakeview Drive","WI","54729"
"Total RBB181 (RESOLUTE ELITE Beam Wiper Blade 18"" - 10/1cs)",,,,,,,105,,0,105,3633.00,,,3633.00,,,,,
"RBB191 (RESOLUTE ELITE Beam Wiper Blade 19"" - 10/1cs)",,,,,,,,,,,,,,,,,,,
,"Sales Order","03/05/2026","06/03/2026","410882","4891189","FLEET FARM",60,,0,60,2076.00,"RBB191 (RESOLUTE ELITE Beam Wiper Blade 19"" - 10/1cs)","RESOLUTE ELITE Beam Wiper Blade 19"" - 10/1cs",2076.00,"Chippewa Falls","#98030 Chippewa Falls DC","2900 Lakeview Drive","WI","54729"
"Total RBB191 (RESOLUTE ELITE Beam Wiper Blade 19"" - 10/1cs)",,,,,,,60,,0,60,2076.00,,,2076.00,,,,,
"RBB201 (RESOLUTE ELITE Beam Wiper Blade 20"" - 10/1cs)",,,,,,,,,,,,,,,,,,,
,"Sales Order","03/05/2026","06/03/2026","410882","4891189","FLEET FARM",120,,0,120,4152.00,"RBB201 (RESOLUTE ELITE Beam Wiper Blade 20"" - 10/1cs)","RESOLUTE ELITE Beam Wiper Blade 20"" - 10/1cs",4152.00,"Chippewa Falls","#98030 Chippewa Falls DC","2900 Lakeview Drive","WI","54729"
"Total RBB201 (RESOLUTE ELITE Beam Wiper Blade 20"" - 10/1cs)",,,,,,,120,,0,120,4152.00,,,4152.00,,,,,
"RBB211 (RESOLUTE ELITE Beam Wiper Blade 21"" - 10/1cs)",,,,,,,,,,,,,,,,,,,
,"Sales Order","03/05/2026","06/03/2026","410882","4891189","FLEET FARM",105,,0,105,4095.00,"RBB211 (RESOLUTE ELITE Beam Wiper Blade 21"" - 10/1cs)","RESOLUTE ELITE Beam Wiper Blade 21"" - 10/1cs",4095.00,"Chippewa Falls","#98030 Chippewa Falls DC","2900 Lakeview Drive","WI","54729"
"Total RBB211 (RESOLUTE ELITE Beam Wiper Blade 21"" - 10/1cs)",,,,,,,105,,0,105,4095.00,,,4095.00,,,,,
"RBB221 (RESOLUTE ELITE Beam Wiper Blade 22"" - 10/1cs)",,,,,,,,,,,,,,,,,,,
,"Sales Order","03/05/2026","06/03/2026","410882","4891189","FLEET FARM",600,,0,600,23400.00,"RBB221 (RESOLUTE ELITE Beam Wiper Blade 22"" - 10/1cs)","RESOLUTE ELITE Beam Wiper Blade 22"" - 10/1cs",23400.00,"Chippewa Falls","#98030 Chippewa Falls DC","2900 Lakeview Drive","WI","54729"
"Total RBB221 (RESOLUTE ELITE Beam Wiper Blade 22"" - 10/1cs)",,,,,,,600,,0,600,23400.00,,,23400.00,,,,,
"RBB241 (RESOLUTE ELITE Beam Wiper Blade 24"" - 10/1cs)",,,,,,,,,,,,,,,,,,,
,"Sales Order","03/05/2026","06/03/2026","410882","4891189","FLEET FARM",150,,0,150,5850.00,"RBB241 (RESOLUTE ELITE Beam Wiper Blade 24"" - 10/1cs)","RESOLUTE ELITE Beam Wiper Blade 24"" - 10/1cs",5850.00,"Chippewa Falls","#98030 Chippewa Falls DC","2900 Lakeview Drive","WI","54729"
"Total RBB241 (RESOLUTE ELITE Beam Wiper Blade 24"" - 10/1cs)",,,,,,,150,,0,150,5850.00,,,5850.00,,,,,
"RBB261 (RESOLUTE ELITE Beam Wiper Blade 26"" - 10/1cs)",,,,,,,,,,,,,,,,,,,
,"Sales Order","03/05/2026","06/03/2026","410882","4891189","FLEET FARM",120,,0,120,5160.00,"RBB261 (RESOLUTE ELITE Beam Wiper Blade 26"" - 10/1cs)","RESOLUTE ELITE Beam Wiper Blade 26"" - 10/1cs",5160.00,"Chippewa Falls","#98030 Chippewa Falls DC","2900 Lakeview Drive","WI","54729"
"Total RBB261 (RESOLUTE ELITE Beam Wiper Blade 26"" - 10/1cs)",,,,,,,120,,0,120,5160.00,,,5160.00,,,,,
"RBB281 (RESOLUTE ELITE Beam Wiper Blade 28"" - 10/1cs)",,,,,,,,,,,,,,,,,,,
,"Sales Order","03/05/2026","06/03/2026","410882","4891189","FLEET FARM",60,,0,60,2580.00,"RBB281 (RESOLUTE ELITE Beam Wiper Blade 28"" - 10/1cs)","RESOLUTE ELITE Beam Wiper Blade 28"" - 10/1cs",2580.00,"Chippewa Falls","#98030 Chippewa Falls DC","2900 Lakeview Drive","WI","54729"
"Total RBB281 (RESOLUTE ELITE Beam Wiper Blade 28"" - 10/1cs)",,,,,,,60,,0,60,2580.00,,,2580.00,,,,,
"RCB121 (RESOLUTE PRIME Conventional Wiper Blade 12"" - 10/1cs)",,,,,,,,,,,,,,,,,,,
,"Sales Order","03/05/2026","06/03/2026","410882","4891189","FLEET FARM",35,,0,35,490.00,"RCB121 (RESOLUTE PRIME Conventional Wiper Blade 12"" - 10/1cs)","RESOLUTE PRIME Conventional Wiper Blade 12"" - 10/1cs",490.00,"Chippewa Falls","#98030 Chippewa Falls DC","2900 Lakeview Drive","WI","54729"
"Total RCB121 (RESOLUTE PRIME Conventional Wiper Blade 12"" - 10/1cs)",,,,,,,35,,0,35,490.00,,,490.00,,,,,
"RCB131 (RESOLUTE PRIME Conventional Wiper Blade 13"" - 10/1cs)",,,,,,,,,,,,,,,,,,,
,"Sales Order","03/05/2026","06/03/2026","410882","4891189","FLEET FARM",35,,0,35,490.00,"RCB131 (RESOLUTE PRIME Conventional Wiper Blade 13"" - 10/1cs)","RESOLUTE PRIME Conventional Wiper Blade 13"" - 10/1cs",490.00,"Chippewa Falls","#98030 Chippewa Falls DC","2900 Lakeview Drive","WI","54729"
"Total RCB131 (RESOLUTE PRIME Conventional Wiper Blade 13"" - 10/1cs)",,,,,,,35,,0,35,490.00,,,490.00,,,,,
"RCB141 (RESOLUTE PRIME Conventional Wiper Blade 14"" - 10/1cs)",,,,,,,,,,,,,,,,,,,
,"Sales Order","03/05/2026","06/03/2026","410882","4891189","FLEET FARM",35,,0,35,490.00,"RCB141 (RESOLUTE PRIME Conventional Wiper Blade 14"" - 10/1cs)","RESOLUTE PRIME Conventional Wiper Blade 14"" - 10/1cs",490.00,"Chippewa Falls","#98030 Chippewa Falls DC","2900 Lakeview Drive","WI","54729"
"Total RCB141 (RESOLUTE PRIME Conventional Wiper Blade 14"" - 10/1cs)",,,,,,,35,,0,35,490.00,,,490.00,,,,,
"RCB151 (RESOLUTE PRIME Conventional Wiper Blade 15"" - 10/1cs)",,,,,,,,,,,,,,,,,,,
,"Sales Order","03/05/2026","06/03/2026","410882","4891189","FLEET FARM",35,,0,35,490.00,"RCB151 (RESOLUTE PRIME Conventional Wiper Blade 15"" - 10/1cs)","RESOLUTE PRIME Conventional Wiper Blade 15"" - 10/1cs",490.00,"Chippewa Falls","#98030 Chippewa Falls DC","2900 Lakeview Drive","WI","54729"
"Total RCB151 (RESOLUTE PRIME Conventional Wiper Blade 15"" - 10/1cs)",,,,,,,35,,0,35,490.00,,,490.00,,,,,
"RCB161 (RESOLUTE PRIME Conventional Wiper Blade 16"" - 10/1cs)",,,,,,,,,,,,,,,,,,,
,"Sales Order","03/05/2026","06/03/2026","410882","4891189","FLEET FARM",50,,0,50,700.00,"RCB161 (RESOLUTE PRIME Conventional Wiper Blade 16"" - 10/1cs)","RESOLUTE PRIME Conventional Wiper Blade 16"" - 10/1cs",700.00,"Chippewa Falls","#98030 Chippewa Falls DC","2900 Lakeview Drive","WI","54729"
"Total RCB161 (RESOLUTE PRIME Conventional Wiper Blade 16"" - 10/1cs)",,,,,,,50,,0,50,700.00,,,700.00,,,,,
"RCB171 (RESOLUTE PRIME Conventional Wiper Blade 17"" - 10/1cs)",,,,,,,,,,,,,,,,,,,
,"Sales Order","03/05/2026","06/03/2026","410882","4891189","FLEET FARM",35,,0,35,549.50,"RCB171 (RESOLUTE PRIME Conventional Wiper Blade 17"" - 10/1cs)","RESOLUTE PRIME Conventional Wiper Blade 17"" - 10/1cs",549.50,"Chippewa Falls","#98030 Chippewa Falls DC","2900 Lakeview Drive","WI","54729"
"Total RCB171 (RESOLUTE PRIME Conventional Wiper Blade 17"" - 10/1cs)",,,,,,,35,,0,35,549.50,,,549.50,,,,,
"RCB181 (RESOLUTE PRIME Conventional Wiper Blade 18"" - 10/1cs)",,,,,,,,,,,,,,,,,,,
,"Sales Order","03/05/2026","06/03/2026","410882","4891189","FLEET FARM",56,,0,56,879.20,"RCB181 (RESOLUTE PRIME Conventional Wiper Blade 18"" - 10/1cs)","RESOLUTE PRIME Conventional Wiper Blade 18"" - 10/1cs",879.20,"Chippewa Falls","#98030 Chippewa Falls DC","2900 Lakeview Drive","WI","54729"
"Total RCB181 (RESOLUTE PRIME Conventional Wiper Blade 18"" - 10/1cs)",,,,,,,56,,0,56,879.20,,,879.20,,,,,
"RCB191 (RESOLUTE PRIME Conventional Wiper Blade 19"" - 10/1cs)",,,,,,,,,,,,,,,,,,,
,"Sales Order","03/05/2026","06/03/2026","410882","4891189","FLEET FARM",40,,0,40,628.00,"RCB191 (RESOLUTE PRIME Conventional Wiper Blade 19"" - 10/1cs)","RESOLUTE PRIME Conventional Wiper Blade 19"" - 10/1cs",628.00,"Chippewa Falls","#98030 Chippewa Falls DC","2900 Lakeview Drive","WI","54729"
"Total RCB191 (RESOLUTE PRIME Conventional Wiper Blade 19"" - 10/1cs)",,,,,,,40,,0,40,628.00,,,628.00,,,,,
"RCB201 (RESOLUTE PRIME Conventional Wiper Blade 20"" - 10/1cs)",,,,,,,,,,,,,,,,,,,
,"Sales Order","03/05/2026","06/03/2026","410882","4891189","FLEET FARM",56,,0,56,879.20,"RCB201 (RESOLUTE PRIME Conventional Wiper Blade 20"" - 10/1cs)","RESOLUTE PRIME Conventional Wiper Blade 20"" - 10/1cs",879.20,"Chippewa Falls","#98030 Chippewa Falls DC","2900 Lakeview Drive","WI","54729"
"Total RCB201 (RESOLUTE PRIME Conventional Wiper Blade 20"" - 10/1cs)",,,,,,,56,,0,56,879.20,,,879.20,,,,,
"RCB211 (RESOLUTE PRIME Conventional Wiper Blade 21"" - 10/1cs)",,,,,,,,,,,,,,,,,,,
,"Sales Order","03/05/2026","06/03/2026","410882","4891189","FLEET FARM",50,,0,50,785.00,"RCB211 (RESOLUTE PRIME Conventional Wiper Blade 21"" - 10/1cs)","RESOLUTE PRIME Conventional Wiper Blade 21"" - 10/1cs",785.00,"Chippewa Falls","#98030 Chippewa Falls DC","2900 Lakeview Drive","WI","54729"
"Total RCB211 (RESOLUTE PRIME Conventional Wiper Blade 21"" - 10/1cs)",,,,,,,50,,0,50,785.00,,,785.00,,,,,
"RCB221 (RESOLUTE PRIME Conventional Wiper Blade 22"" - 10/1cs)",,,,,,,,,,,,,,,,,,,
,"Sales Order","03/05/2026","06/03/2026","410882","4891189","FLEET FARM",154,,0,154,2417.80,"RCB221 (RESOLUTE PRIME Conventional Wiper Blade 22"" - 10/1cs)","RESOLUTE PRIME Conventional Wiper Blade 22"" - 10/1cs",2417.80,"Chippewa Falls","#98030 Chippewa Falls DC","2900 Lakeview Drive","WI","54729"
"Total RCB221 (RESOLUTE PRIME Conventional Wiper Blade 22"" - 10/1cs)",,,,,,,154,,0,154,2417.80,,,2417.80,,,,,
"RCB241 (RESOLUTE PRIME Conventional Wiper Blade 24"" - 10/1cs)",,,,,,,,,,,,,,,,,,,
,"Sales Order","03/05/2026","06/03/2026","410882","4891189","FLEET FARM",60,,0,60,942.00,"RCB241 (RESOLUTE PRIME Conventional Wiper Blade 24"" - 10/1cs)","RESOLUTE PRIME Conventional Wiper Blade 24"" - 10/1cs",942.00,"Chippewa Falls","#98030 Chippewa Falls DC","2900 Lakeview Drive","WI","54729"
"Total RCB241 (RESOLUTE PRIME Conventional Wiper Blade 24"" - 10/1cs)",,,,,,,60,,0,60,942.00,,,942.00,,,,,
"RCB261 (RESOLUTE PRIME Conventional Wiper Blade 26"" - 10/1cs)",,,,,,,,,,,,,,,,,,,
,"Sales Order","03/05/2026","06/03/2026","410882","4891189","FLEET FARM",60,,0,60,1746.00,"RCB261 (RESOLUTE PRIME Conventional Wiper Blade 26"" - 10/1cs)","RESOLUTE PRIME Conventional Wiper Blade 26"" - 10/1cs",1746.00,"Chippewa Falls","#98030 Chippewa Falls DC","2900 Lakeview Drive","WI","54729"
"Total RCB261 (RESOLUTE PRIME Conventional Wiper Blade 26"" - 10/1cs)",,,,,,,60,,0,60,1746.00,,,1746.00,,,,,
"RCB281 (RESOLUTE PRIME Conventional Wiper Blade 28"" - 10/1cs)",,,,,,,,,,,,,,,,,,,
,"Sales Order","03/05/2026","06/03/2026","410882","4891189","FLEET FARM",35,,0,35,1018.50,"RCB281 (RESOLUTE PRIME Conventional Wiper Blade 28"" - 10/1cs)","RESOLUTE PRIME Conventional Wiper Blade 28"" - 10/1cs",1018.50,"Chippewa Falls","#98030 Chippewa Falls DC","2900 Lakeview Drive","WI","54729"
"Total RCB281 (RESOLUTE PRIME Conventional Wiper Blade 28"" - 10/1cs)",,,,,,,35,,0,35,1018.50,,,1018.50,,,,,
"RHB161 (RESOLUTE FUSION Hybrid Wiper Blade 16"" - 10/1cs)",,,,,,,,,,,,,,,,,,,
,"Sales Order","03/05/2026","06/03/2026","410882","4891189","FLEET FARM",35,,0,35,948.50,"RHB161 (RESOLUTE FUSION Hybrid Wiper Blade 16"" - 10/1cs)","RESOLUTE FUSION Hybrid Wiper Blade 16"" - 10/1cs",948.50,"Chippewa Falls","#98030 Chippewa Falls DC","2900 Lakeview Drive","WI","54729"
"Total RHB161 (RESOLUTE FUSION Hybrid Wiper Blade 16"" - 10/1cs)",,,,,,,35,,0,35,948.50,,,948.50,,,,,
"RHB171 (RESOLUTE FUSION Hybrid Wiper Blade 17"" - 10/1cs)",,,,,,,,,,,,,,,,,,,
,"Sales Order","03/05/2026","06/03/2026","410882","4891189","FLEET FARM",35,,0,35,1102.50,"RHB171 (RESOLUTE FUSION Hybrid Wiper Blade 17"" - 10/1cs)","RESOLUTE FUSION Hybrid Wiper Blade 17"" - 10/1cs",1102.50,"Chippewa Falls","#98030 Chippewa Falls DC","2900 Lakeview Drive","WI","54729"
"Total RHB171 (RESOLUTE FUSION Hybrid Wiper Blade 17"" - 10/1cs)",,,,,,,35,,0,35,1102.50,,,1102.50,,,,,
"RHB181 (RESOLUTE FUSION Hybrid Wiper Blade 18"" - 10/1cs)",,,,,,,,,,,,,,,,,,,
,"Sales Order","03/05/2026","06/03/2026","410882","4891189","FLEET FARM",60,,0,60,1890.00,"RHB181 (RESOLUTE FUSION Hybrid Wiper Blade 18"" - 10/1cs)","RESOLUTE FUSION Hybrid Wiper Blade 18"" - 10/1cs",1890.00,"Chippewa Falls","#98030 Chippewa Falls DC","2900 Lakeview Drive","WI","54729"
"Total RHB181 (RESOLUTE FUSION Hybrid Wiper Blade 18"" - 10/1cs)",,,,,,,60,,0,60,1890.00,,,1890.00,,,,,
"RHB191 (RESOLUTE FUSION Hybrid Wiper Blade 19"" - 10/1cs)",,,,,,,,,,,,,,,,,,,
,"Sales Order","03/05/2026","06/03/2026","410882","4891189","FLEET FARM",35,,0,35,1102.50,"RHB191 (RESOLUTE FUSION Hybrid Wiper Blade 19"" - 10/1cs)","RESOLUTE FUSION Hybrid Wiper Blade 19"" - 10/1cs",1102.50,"Chippewa Falls","#98030 Chippewa Falls DC","2900 Lakeview Drive","WI","54729"
"Total RHB191 (RESOLUTE FUSION Hybrid Wiper Blade 19"" - 10/1cs)",,,,,,,35,,0,35,1102.50,,,1102.50,,,,,
"RHB201 (RESOLUTE FUSION Hybrid Wiper Blade 20"" - 10/1cs)",,,,,,,,,,,,,,,,,,,
,"Sales Order","03/05/2026","06/03/2026","410882","4891189","FLEET FARM",60,,0,60,2130.00,"RHB201 (RESOLUTE FUSION Hybrid Wiper Blade 20"" - 10/1cs)","RESOLUTE FUSION Hybrid Wiper Blade 20"" - 10/1cs",2130.00,"Chippewa Falls","#98030 Chippewa Falls DC","2900 Lakeview Drive","WI","54729"
"Total RHB201 (RESOLUTE FUSION Hybrid Wiper Blade 20"" - 10/1cs)",,,,,,,60,,0,60,2130.00,,,2130.00,,,,,
"RHB211 (RESOLUTE FUSION Hybrid Wiper Blade 21"" - 10/1cs)",,,,,,,,,,,,,,,,,,,
,"Sales Order","03/05/2026","06/03/2026","410882","4891189","FLEET FARM",60,,0,60,2130.00,"RHB211 (RESOLUTE FUSION Hybrid Wiper Blade 21"" - 10/1cs)","RESOLUTE FUSION Hybrid Wiper Blade 21"" - 10/1cs",2130.00,"Chippewa Falls","#98030 Chippewa Falls DC","2900 Lakeview Drive","WI","54729"
"Total RHB211 (RESOLUTE FUSION Hybrid Wiper Blade 21"" - 10/1cs)",,,,,,,60,,0,60,2130.00,,,2130.00,,,,,
"RHB221 (RESOLUTE FUSION Hybrid Wiper Blade 22"" - 10/1cs)",,,,,,,,,,,,,,,,,,,
,"Sales Order","03/05/2026","06/03/2026","410882","4891189","FLEET FARM",150,,0,150,5325.00,"RHB221 (RESOLUTE FUSION Hybrid Wiper Blade 22"" - 10/1cs)","RESOLUTE FUSION Hybrid Wiper Blade 22"" - 10/1cs",5325.00,"Chippewa Falls","#98030 Chippewa Falls DC","2900 Lakeview Drive","WI","54729"
"Total RHB221 (RESOLUTE FUSION Hybrid Wiper Blade 22"" - 10/1cs)",,,,,,,150,,0,150,5325.00,,,5325.00,,,,,
"RHB241 (RESOLUTE FUSION Hybrid Wiper Blade 24"" - 10/1cs)",,,,,,,,,,,,,,,,,,,
,"Sales Order","03/05/2026","06/03/2026","410882","4891189","FLEET FARM",50,,0,50,1775.00,"RHB241 (RESOLUTE FUSION Hybrid Wiper Blade 24"" - 10/1cs)","RESOLUTE FUSION Hybrid Wiper Blade 24"" - 10/1cs",1775.00,"Chippewa Falls","#98030 Chippewa Falls DC","2900 Lakeview Drive","WI","54729"
"Total RHB241 (RESOLUTE FUSION Hybrid Wiper Blade 24"" - 10/1cs)",,,,,,,50,,0,50,1775.00,,,1775.00,,,,,
"RHB261 (RESOLUTE FUSION Hybrid Wiper Blade 26"" - 10/1cs)",,,,,,,,,,,,,,,,,,,
,"Sales Order","03/05/2026","06/03/2026","410882","4891189","FLEET FARM",35,,0,35,1424.50,"RHB261 (RESOLUTE FUSION Hybrid Wiper Blade 26"" - 10/1cs)","RESOLUTE FUSION Hybrid Wiper Blade 26"" - 10/1cs",1424.50,"Chippewa Falls","#98030 Chippewa Falls DC","2900 Lakeview Drive","WI","54729"
"Total RHB261 (RESOLUTE FUSION Hybrid Wiper Blade 26"" - 10/1cs)",,,,,,,35,,0,35,1424.50,,,1424.50,,,,,
"RHB281 (RESOLUTE FUSION Hybrid Wiper Blade 28"" - 10/1cs)",,,,,,,,,,,,,,,,,,,
,"Sales Order","03/05/2026","06/03/2026","410882","4891189","FLEET FARM",35,,0,35,1424.50,"RHB281 (RESOLUTE FUSION Hybrid Wiper Blade 28"" - 10/1cs)","RESOLUTE FUSION Hybrid Wiper Blade 28"" - 10/1cs",1424.50,"Chippewa Falls","#98030 Chippewa Falls DC","2900 Lakeview Drive","WI","54729"
"Total RHB281 (RESOLUTE FUSION Hybrid Wiper Blade 28"" - 10/1cs)",,,,,,,35,,0,35,1424.50,,,1424.50,,,,,
"RSB161 (RESOLUTE PLATINUM Silicone Beam Wiper Blade 16"" - 10/1cs)",,,,,,,,,,,,,,,,,,,
,"Sales Order","03/05/2026","06/03/2026","410882","4891189","FLEET FARM",40,,0,40,1952.00,"RSB161 (RESOLUTE PLATINUM Silicone Beam Wiper Blade 16"" - 10/1cs)","RESOLUTE PLATINUM Silicone Beam Wiper Blade 16"" - 10/1cs",1952.00,"Chippewa Falls","#98030 Chippewa Falls DC","2900 Lakeview Drive","WI","54729"
"Total RSB161 (RESOLUTE PLATINUM Silicone Beam Wiper Blade 16"" - 10/1cs)",,,,,,,40,,0,40,1952.00,,,1952.00,,,,,
"RSB171 (RESOLUTE PLATINUM Silicone Beam Wiper Blade 17"" - 10/1cs)",,,,,,,,,,,,,,,,,,,
,"Sales Order","03/05/2026","06/03/2026","410882","4891189","FLEET FARM",35,,0,35,1708.00,"RSB171 (RESOLUTE PLATINUM Silicone Beam Wiper Blade 17"" - 10/1cs)","RESOLUTE PLATINUM Silicone Beam Wiper Blade 17"" - 10/1cs",1708.00,"Chippewa Falls","#98030 Chippewa Falls DC","2900 Lakeview Drive","WI","54729"
"Total RSB171 (RESOLUTE PLATINUM Silicone Beam Wiper Blade 17"" - 10/1cs)",,,,,,,35,,0,35,1708.00,,,1708.00,,,,,
"RSB181 (RESOLUTE PLATINUM Silicone Beam Wiper Blade 18"" - 10/1cs)",,,,,,,,,,,,,,,,,,,
,"Sales Order","03/05/2026","06/03/2026","410882","4891189","FLEET FARM",60,,0,60,2928.00,"RSB181 (RESOLUTE PLATINUM Silicone Beam Wiper Blade 18"" - 10/1cs)","RESOLUTE PLATINUM Silicone Beam Wiper Blade 18"" - 10/1cs",2928.00,"Chippewa Falls","#98030 Chippewa Falls DC","2900 Lakeview Drive","WI","54729"
"Total RSB181 (RESOLUTE PLATINUM Silicone Beam Wiper Blade 18"" - 10/1cs)",,,,,,,60,,0,60,2928.00,,,2928.00,,,,,
"RSB191 (RESOLUTE PLATINUM Silicone Beam Wiper Blade 19"" - 10/1cs)",,,,,,,,,,,,,,,,,,,
,"Sales Order","03/05/2026","06/03/2026","410882","4891189","FLEET FARM",35,,0,35,1928.50,"RSB191 (RESOLUTE PLATINUM Silicone Beam Wiper Blade 19"" - 10/1cs)","RESOLUTE PLATINUM Silicone Beam Wiper Blade 19"" - 10/1cs",1928.50,"Chippewa Falls","#98030 Chippewa Falls DC","2900 Lakeview Drive","WI","54729"
"Total RSB191 (RESOLUTE PLATINUM Silicone Beam Wiper Blade 19"" - 10/1cs)",,,,,,,35,,0,35,1928.50,,,1928.50,,,,,
"RSB201 (RESOLUTE PLATINUM Silicone Beam Wiper Blade 20"" - 10/1cs)",,,,,,,,,,,,,,,,,,,
,"Sales Order","03/05/2026","06/03/2026","410882","4891189","FLEET FARM",60,,0,60,3306.00,"RSB201 (RESOLUTE PLATINUM Silicone Beam Wiper Blade 20"" - 10/1cs)","RESOLUTE PLATINUM Silicone Beam Wiper Blade 20"" - 10/1cs",3306.00,"Chippewa Falls","#98030 Chippewa Falls DC","2900 Lakeview Drive","WI","54729"
"Total RSB201 (RESOLUTE PLATINUM Silicone Beam Wiper Blade 20"" - 10/1cs)",,,,,,,60,,0,60,3306.00,,,3306.00,,,,,
"RSB211 (RESOLUTE PLATINUM Silicone Beam Wiper Blade 21"" - 10/1cs)",,,,,,,,,,,,,,,,,,,
,"Sales Order","03/05/2026","06/03/2026","410882","4891189","FLEET FARM",60,,0,60,3306.00,"RSB211 (RESOLUTE PLATINUM Silicone Beam Wiper Blade 21"" - 10/1cs)","RESOLUTE PLATINUM Silicone Beam Wiper Blade 21"" - 10/1cs",3306.00,"Chippewa Falls","#98030 Chippewa Falls DC","2900 Lakeview Drive","WI","54729"
"Total RSB211 (RESOLUTE PLATINUM Silicone Beam Wiper Blade 21"" - 10/1cs)",,,,,,,60,,0,60,3306.00,,,3306.00,,,,,
"RSB221 (RESOLUTE PLATINUM Silicone Beam Wiper Blade 22"" - 10/1cs)",,,,,,,,,,,,,,,,,,,
,"Sales Order","03/05/2026","06/03/2026","410882","4891189","FLEET FARM",300,,0,300,16530.00,"RSB221 (RESOLUTE PLATINUM Silicone Beam Wiper Blade 22"" - 10/1cs)","RESOLUTE PLATINUM Silicone Beam Wiper Blade 22"" - 10/1cs",16530.00,"Chippewa Falls","#98030 Chippewa Falls DC","2900 Lakeview Drive","WI","54729"
"Total RSB221 (RESOLUTE PLATINUM Silicone Beam Wiper Blade 22"" - 10/1cs)",,,,,,,300,,0,300,16530.00,,,16530.00,,,,,
"RSB241 (RESOLUTE PLATINUM Silicone Beam Wiper Blade 24"" - 10/1cs)",,,,,,,,,,,,,,,,,,,
,"Sales Order","03/05/2026","06/03/2026","410882","4891189","FLEET FARM",105,,0,105,5785.50,"RSB241 (RESOLUTE PLATINUM Silicone Beam Wiper Blade 24"" - 10/1cs)","RESOLUTE PLATINUM Silicone Beam Wiper Blade 24"" - 10/1cs",5785.50,"Chippewa Falls","#98030 Chippewa Falls DC","2900 Lakeview Drive","WI","54729"
"Total RSB241 (RESOLUTE PLATINUM Silicone Beam Wiper Blade 24"" - 10/1cs)",,,,,,,105,,0,105,5785.50,,,5785.50,,,,,
"RSB261 (RESOLUTE PLATINUM Silicone Beam Wiper Blade 26"" - 10/1cs)",,,,,,,,,,,,,,,,,,,
,"Sales Order","03/05/2026","06/03/2026","410882","4891189","FLEET FARM",105,,0,105,6436.50,"RSB261 (RESOLUTE PLATINUM Silicone Beam Wiper Blade 26"" - 10/1cs)","RESOLUTE PLATINUM Silicone Beam Wiper Blade 26"" - 10/1cs",6436.50,"Chippewa Falls","#98030 Chippewa Falls DC","2900 Lakeview Drive","WI","54729"
"Total RSB261 (RESOLUTE PLATINUM Silicone Beam Wiper Blade 26"" - 10/1cs)",,,,,,,105,,0,105,6436.50,,,6436.50,,,,,
"RSB281 (RESOLUTE PLATINUM Silicone Beam Wiper Blade 28"" - 10/1cs)",,,,,,,,,,,,,,,,,,,
,"Sales Order","03/05/2026","06/03/2026","410882","4891189","FLEET FARM",35,,0,35,2145.50,"RSB281 (RESOLUTE PLATINUM Silicone Beam Wiper Blade 28"" - 10/1cs)","RESOLUTE PLATINUM Silicone Beam Wiper Blade 28"" - 10/1cs",2145.50,"Chippewa Falls","#98030 Chippewa Falls DC","2900 Lakeview Drive","WI","54729"
"Total RSB281 (RESOLUTE PLATINUM Silicone Beam Wiper Blade 28"" - 10/1cs)",,,,,,,35,,0,35,2145.50,,,2145.50,,,,,
"RSW321 (RESOLUTE +32 BUG WASH 1GAL)",,,,,,,,,,,,,,,,,,,
,"Sales Order","06/17/2026","09/15/2026","410981","4947354","FLEET FARM",245,,0,245,1866.90,"RSW321 (RESOLUTE +32 BUG WASH 1GAL)","RESOLUTE +32 BUG WASH 1GAL",1866.90,"Chippewa Falls","#98030 Chippewa Falls DC","2900 Lakeview Drive","WI","54729"
,"Sales Order","06/17/2026","09/15/2026","410983","4952051","FLEET FARM",560,,0,560,4267.20,"RSW321 (RESOLUTE +32 BUG WASH 1GAL)","RESOLUTE +32 BUG WASH 1GAL",4267.20,"Chippewa Falls","#98030 Chippewa Falls DC","2900 Lakeview Drive","WI","54729"
,"Sales Order","06/22/2026","09/20/2026","411053","4956553","FLEET FARM",280,,0,280,2133.60,"RSW321 (RESOLUTE +32 BUG WASH 1GAL)","RESOLUTE +32 BUG WASH 1GAL",2133.60,"Oak Creek","Fleet Farm care of AIM","150 W. Oakview Parkway","WI","53154"
"Total RSW321 (RESOLUTE +32 BUG WASH 1GAL)",,,,,,,1085,,0,1085,8267.70,,,8267.70,,,,,
"ZARMOD0W20 (ZARCO Petrol Engine Oil Drum 0w20 / 203Ltr)",,,,,,,,,,,,,,,,,,,
,"Sales Order","06/08/2026","06/08/2026","410946","011260-26","ZARCO USA INC",86,,0,86,31471.70,"ZARMOD0W20 (ZARCO Petrol Engine Oil Drum 0w20 / 203Ltr)","ZARCO Petrol Engine Oil Drum 0w20 / 203Ltr",31471.70,"Melville","ZARCO USA INC","8 Legends Circle,","NY","11747"
"Total ZARMOD0W20 (ZARCO Petrol Engine Oil Drum 0w20 / 203Ltr)",,,,,,,86,,0,86,31471.70,,,31471.70,,,,,
"ZARMOD5W20 (ZARCO Petrol Engine Oil Drum 5w20 / 203Ltr)",,,,,,,,,,,,,,,,,,,
,"Sales Order","06/08/2026","06/08/2026","410946","011260-26","ZARCO USA INC",16,,0,16,5855.20,"ZARMOD5W20 (ZARCO Petrol Engine Oil Drum 5w20 / 203Ltr)","ZARCO Petrol Engine Oil Drum 5w20 / 203Ltr",5855.20,"Melville","ZARCO USA INC","8 Legends Circle,","NY","11747"
"Total ZARMOD5W20 (ZARCO Petrol Engine Oil Drum 5w20 / 203Ltr)",,,,,,,16,,0,16,5855.20,,,5855.20,,,,,
"ZARMOD5W30 (ZARCO Petrol Engine Oil Drum 5W30 / 203Ltr)",,,,,,,,,,,,,,,,,,,
,"Sales Order","06/08/2026","06/08/2026","410946","011260-26","ZARCO USA INC",40,,0,40,13108.00,"ZARMOD5W30 (ZARCO Petrol Engine Oil Drum 5W30 / 203Ltr)","ZARCO Petrol Engine Oil Drum 5W30 / 203Ltr",13108.00,"Melville","ZARCO USA INC","8 Legends Circle,","NY","11747"
"Total ZARMOD5W30 (ZARCO Petrol Engine Oil Drum 5W30 / 203Ltr)",,,,,,,40,,0,40,13108.00,,,13108.00,,,,,
"ZARMOQ0W20 (ZARCO Petrol Engine Oil 0w20 12/1qt)",,,,,,,,,,,,,,,,,,,
,"Sales Order","06/10/2026","06/10/2026","410949","011261-26","ZARCO USA INC",900,,0,900,20259.00,"ZARMOQ0W20 (ZARCO Petrol Engine Oil 0w20 12/1qt)","ZARCO Petrol Engine Oil 0w20 12/1qt",20259.00,"Melville","ZARCO USA INC","8 Legends Circle,","NY","11747"
"Total ZARMOQ0W20 (ZARCO Petrol Engine Oil 0w20 12/1qt)",,,,,,,900,,0,900,20259.00,,,20259.00,,,,,
"ZARMOQ10W30 (ZARCO Petrol Engine Oil 10w30 12/1qt)",,,,,,,,,,,,,,,,,,,
,"Sales Order","06/10/2026","06/10/2026","410949","011261-26","ZARCO USA INC",240,,0,240,4996.80,"ZARMOQ10W30 (ZARCO Petrol Engine Oil 10w30 12/1qt)","ZARCO Petrol Engine Oil 10w30 12/1qt",4996.80,"Melville","ZARCO USA INC","8 Legends Circle,","NY","11747"
"Total ZARMOQ10W30 (ZARCO Petrol Engine Oil 10w30 12/1qt)",,,,,,,240,,0,240,4996.80,,,4996.80,,,,,
"ZARMOQ5W20 (ZARCO Petrol Engine Oil 5w20 12/1qt)",,,,,,,,,,,,,,,,,,,
,"Sales Order","06/10/2026","06/10/2026","410949","011261-26","ZARCO USA INC",480,,0,480,10804.80,"ZARMOQ5W20 (ZARCO Petrol Engine Oil 5w20 12/1qt)","ZARCO Petrol Engine Oil 5w20 12/1qt",10804.80,"Melville","ZARCO USA INC","8 Legends Circle,","NY","11747"
"Total ZARMOQ5W20 (ZARCO Petrol Engine Oil 5w20 12/1qt)",,,,,,,480,,0,480,10804.80,,,10804.80,,,,,
"ZARMOQ5W30 (ZARCO Petrol Engine Oil 5w30 12/1qt)",,,,,,,,,,,,,,,,,,,
,"Sales Order","06/10/2026","06/10/2026","410949","011261-26","ZARCO USA INC",880,,0,880,18321.60,"ZARMOQ5W30 (ZARCO Petrol Engine Oil 5w30 12/1qt)","ZARCO Petrol Engine Oil 5w30 12/1qt",18321.60,"Melville","ZARCO USA INC","8 Legends Circle,","NY","11747"
"Total ZARMOQ5W30 (ZARCO Petrol Engine Oil 5w30 12/1qt)",,,,,,,880,,0,880,18321.60,,,18321.60,,,,,
"Total Inventory",,,,,,,116495,,0,116495,1369710.94,,,1369710.94,,,,,
"Assembly",,,,,,,,,,,,,,,,,,,
"ATABD2 (All Temp Allblu Def 2.5 Gal)",,,,,,,,,,,,,,,,,,,
,"Sales Order","06/17/2026","07/17/2026","411048","RWE0617-P","RWE DISTRIBUTORS, INC.",80,,0,80,660.00,"ATABD2 (All Temp Allblu Def 2.5 Gal)","All Temp Allblu Def 2.5 Gal",660.00,"No Friday Delivery","RWE DISTRIBUTORS, INC.","208 Blydenburgh Rd, Unit E",,
"Total ATABD2 (All Temp Allblu Def 2.5 Gal)",,,,,,,80,,0,80,660.00,,,660.00,,,,,
"ATCP50 (All Temp Cool Power Xtend Life 5050 6/1gal)",,,,,,,,,,,,,,,,,,,
,"Sales Order","06/17/2026","07/17/2026","411048","RWE0617-P","RWE DISTRIBUTORS, INC.",180,,0,180,4680.00,"ATCP50 (All Temp Cool Power Xtend Life 5050 6/1gal)","All Temp Cool Power Xtend Life 5050 6/1gal",4680.00,"No Friday Delivery","RWE DISTRIBUTORS, INC.","208 Blydenburgh Rd, Unit E",,
"Total ATCP50 (All Temp Cool Power Xtend Life 5050 6/1gal)",,,,,,,180,,0,180,4680.00,,,4680.00,,,,,
"ATFP50 (All Temp FLEET POWER 6/1gal)",,,,,,,,,,,,,,,,,,,
,"Sales Order","05/28/2026","05/28/2026","410936",,"Rooprai Brothers Inc",648,,0,648,13569.12,"ATFP50 (All Temp FLEET POWER 6/1gal)","All Temp FLEET POWER 6/1gal",13569.12,"Stockton","Rooprai Brothers Inc","1551 Stimson St, Suite 4","CA","95206"
,"Sales Order","06/10/2026","06/10/2026","410950",,"RB TRUCK PARTS INDY",432,,0,432,9046.08,"ATFP50 (All Temp FLEET POWER 6/1gal)","All Temp FLEET POWER 6/1gal",9046.08,"Indianapolis","RB TRUCK PARTS INDY","4810 Punjab Dr Suite 4001,","IN","46218"
"Total ATFP50 (All Temp FLEET POWER 6/1gal)",,,,,,,1080,,0,1080,22615.20,,,22615.20,,,,,
"ATGLP50 (All Temp Global Power Xtendlife 5050 6/1gal)",,,,,,,,,,,,,,,,,,,
,"Sales Order","06/17/2026","07/17/2026","411048","RWE0617-P","RWE DISTRIBUTORS, INC.",144,,0,144,3744.00,"ATGLP50 (All Temp Global Power Xtendlife 5050 6/1gal)","All Temp Global Power Xtendlife 5050 6/1gal",3744.00,"No Friday Delivery","RWE DISTRIBUTORS, INC.","208 Blydenburgh Rd, Unit E",,
"Total ATGLP50 (All Temp Global Power Xtendlife 5050 6/1gal)",,,,,,,144,,0,144,3744.00,,,3744.00,,,,,
"ATGLPFS (All Temp Global Power Concentrate 6/1gal)",,,,,,,,,,,,,,,,,,,
,"Sales Order","06/17/2026","07/17/2026","411048","RWE0617-P","RWE DISTRIBUTORS, INC.",36,,0,36,1440.00,"ATGLPFS (All Temp Global Power Concentrate 6/1gal)","All Temp Global Power Concentrate 6/1gal",1440.00,"No Friday Delivery","RWE DISTRIBUTORS, INC.","208 Blydenburgh Rd, Unit E",,
"Total ATGLPFS (All Temp Global Power Concentrate 6/1gal)",,,,,,,36,,0,36,1440.00,,,1440.00,,,,,
"ATGP50 (ALL TEMP Green Power 5050 6/1Gal)",,,,,,,,,,,,,,,,,,,
,"Sales Order","01/27/2026","01/27/2026","410788","46587","RAVI'S IMPORT WAREHOUSE",720,,0,720,13318.56,"ATGP50 (ALL TEMP Green Power 5050 6/1Gal)","ALL TEMP Green Power 5050 6/1Gal",13318.56,"DALLAS","IMPORT WAREHOUSE, INC.","11029 HARRY HINE BLVD","TX","75229-0102"
,"Sales Order","04/29/2026","04/29/2026","410905","47415","RAVI'S IMPORT WAREHOUSE",756,,0,756,15346.80,"ATGP50 (ALL TEMP Green Power 5050 6/1Gal)","ALL TEMP Green Power 5050 6/1Gal",15346.80,"DALLAS","IMPORT WAREHOUSE, INC.","11029 HARRY HINE BLVD","TX","75229-0102"
,"Sales Order","06/11/2026","06/11/2026","411050",,"NATIONAL TRADING COMPANY",216,,0,216,4644.00,"ATGP50 (ALL TEMP Green Power 5050 6/1Gal)","ALL TEMP Green Power 5050 6/1Gal",4644.00,"Memphis","National Trading Company - Shelby","1232 E Shelby Dr","TN","38116"
,"Sales Order","06/17/2026","07/17/2026","411048","RWE0617-P","RWE DISTRIBUTORS, INC.",288,,0,288,6580.80,"ATGP50 (ALL TEMP Green Power 5050 6/1Gal)","ALL TEMP Green Power 5050 6/1Gal",6580.80,"No Friday Delivery","RWE DISTRIBUTORS, INC.","208 Blydenburgh Rd, Unit E",,
"Total ATGP50 (ALL TEMP Green Power 5050 6/1Gal)",,,,,,,1980,,0,1980,39890.16,,,39890.16,,,,,
"ATGP50-55 (All Temperature 5050 Green Power 55 gal Drum)",,,,,,,,,,,,,,,,,,,
,"Sales Order","06/02/2026","07/02/2026","410937","000009490","TGS NATIONAL WHOLESALE, INC.",4,,0,4,752.00,"ATGP50-55 (All Temperature 5050 Green Power 55 gal Drum)","All Temperature 5050 Green Power 55 gal Drum",752.00,"CHICAGO","TGS NATIONAL WHOLESALE, INC.","2155 W 80TH ST","IL","60620"
,"Sales Order","06/18/2026","07/18/2026","411049",,"TGS NATIONAL WHOLESALE, INC.",4,,0,4,752.00,"ATGP50-55 (All Temperature 5050 Green Power 55 gal Drum)","All Temperature 5050 Green Power 55 gal Drum",752.00,"CHICAGO","TGS NATIONAL WHOLESALE, INC.","2155 W 80TH ST","IL","60620"
"Total ATGP50-55 (All Temperature 5050 Green Power 55 gal Drum)",,,,,,,8,,0,8,1504.00,,,1504.00,,,,,
"ATRE501 (All Temp RV & Marine Antifreeze Flam -50 BF 55 Gal DR)",,,,,,,,,,,,,,,,,,,
,"Sales Order","06/17/2026","09/15/2026","410981","4947354","FLEET FARM",4,,0,4,323.40,"ATRE501 (All Temp RV & Marine Antifreeze Flam -50 BF 55 Gal DR)","All Temp RV & Marine Antifreeze Flam -50 BF 55 Gal DR",323.40,"Chippewa Falls","#98030 Chippewa Falls DC","2900 Lakeview Drive","WI","54729"
,"Sales Order","06/17/2026","09/15/2026","410983","4952051","FLEET FARM",8,,0,8,646.80,"ATRE501 (All Temp RV & Marine Antifreeze Flam -50 BF 55 Gal DR)","All Temp RV & Marine Antifreeze Flam -50 BF 55 Gal DR",646.80,"Chippewa Falls","#98030 Chippewa Falls DC","2900 Lakeview Drive","WI","54729"
,"Sales Order","06/22/2026","09/20/2026","411053","4956553","FLEET FARM",4,,0,4,323.40,"ATRE501 (All Temp RV & Marine Antifreeze Flam -50 BF 55 Gal DR)","All Temp RV & Marine Antifreeze Flam -50 BF 55 Gal DR",323.40,"Oak Creek","Fleet Farm care of AIM","150 W. Oakview Parkway","WI","53154"
"Total ATRE501 (All Temp RV & Marine Antifreeze Flam -50 BF 55 Gal DR)",,,,,,,16,,0,16,1293.60,,,1293.60,,,,,
"ATRE506 (All Temp RV & Marine Antifreeze -50 BF 6/1 Gal)",,,,,,,,,,,,,,,,,,,
,"Sales Order","06/17/2026","09/15/2026","410981","4947354","FLEET FARM",490,,0,490,4321.80,"ATRE506 (All Temp RV & Marine Antifreeze -50 BF 6/1 Gal)","All Temp RV & Marine Antifreeze -50 BF 6/1 Gal",4321.80,"Chippewa Falls","#98030 Chippewa Falls DC","2900 Lakeview Drive","WI","54729"
,"Sales Order","06/17/2026","09/15/2026","410983","4952051","FLEET FARM",140,,0,140,1234.80,"ATRE506 (All Temp RV & Marine Antifreeze -50 BF 6/1 Gal)","All Temp RV & Marine Antifreeze -50 BF 6/1 Gal",1234.80,"Chippewa Falls","#98030 Chippewa Falls DC","2900 Lakeview Drive","WI","54729"
,"Sales Order","06/22/2026","09/20/2026","411053","4956553","FLEET FARM",280,,0,280,2469.60,"ATRE506 (All Temp RV & Marine Antifreeze -50 BF 6/1 Gal)","All Temp RV & Marine Antifreeze -50 BF 6/1 Gal",2469.60,"Oak Creek","Fleet Farm care of AIM","150 W. Oakview Parkway","WI","53154"
"Total ATRE506 (All Temp RV & Marine Antifreeze -50 BF 6/1 Gal)",,,,,,,910,,0,910,8026.20,,,8026.20,,,,,
"ATWW32 (All Temp Windshield Bug Wash +32 6/1gal)",,,,,,,,,,,,,,,,,,,
,"Sales Order","05/28/2026","05/28/2026","410936",,"Rooprai Brothers Inc",140,,0,140,1167.60,"ATWW32 (All Temp Windshield Bug Wash +32 6/1gal)","All Temp Windshield Bug Wash +32 6/1gal",1167.60,"Stockton","Rooprai Brothers Inc","1551 Stimson St, Suite 4","CA","95206"
,"Sales Order","06/10/2026","06/10/2026","410950",,"RB TRUCK PARTS INDY",70,,0,70,583.80,"ATWW32 (All Temp Windshield Bug Wash +32 6/1gal)","All Temp Windshield Bug Wash +32 6/1gal",583.80,"Indianapolis","RB TRUCK PARTS INDY","4810 Punjab Dr Suite 4001,","IN","46218"
"Total ATWW32 (All Temp Windshield Bug Wash +32 6/1gal)",,,,,,,210,,0,210,1751.40,,,1751.40,,,,,
"ATWW55 (All Temp -20 Washer Solvent 55 Gal)",,,,,,,,,,,,,,,,,,,
,"Sales Order","06/17/2026","07/17/2026","411048","RWE0617-P","RWE DISTRIBUTORS, INC.",12,,0,12,1416.00,"ATWW55 (All Temp -20 Washer Solvent 55 Gal)","All Temp -20 Washer Solvent 55 Gal",1416.00,"No Friday Delivery","RWE DISTRIBUTORS, INC.","208 Blydenburgh Rd, Unit E",,
"Total ATWW55 (All Temp -20 Washer Solvent 55 Gal)",,,,,,,12,,0,12,1416.00,,,1416.00,,,,,
"FSAF50 (4 Seasons Green 5050 Antifreeze 6/1gal)",,,,,,,,,,,,,,,,,,,
,"Sales Order","06/08/2026","06/08/2026","410944",,"INTERNATIONAL WHOLEASLE CLUB",108,,0,108,1618.92,"FSAF50 (4 Seasons Green 5050 Antifreeze 6/1gal)","4 Seasons Green 5050 Antifreeze 6/1gal",1618.92,"Metairie","INTERNATIONAL WHOLESALE CLUB","2901 Richland Ave,","LA","70002"
,"Sales Order","06/11/2026","06/11/2026","411050",,"NATIONAL TRADING COMPANY",360,,0,360,6444.00,"FSAF50 (4 Seasons Green 5050 Antifreeze 6/1gal)","4 Seasons Green 5050 Antifreeze 6/1gal",6444.00,"Memphis","National Trading Company - Shelby","1232 E Shelby Dr","TN","38116"
,"Sales Order","06/22/2026","07/22/2026","410979","1838288","PARKER SURPLUS SALES",720,,0,720,12232.80,"FSAF50 (4 Seasons Green 5050 Antifreeze 6/1gal)","4 Seasons Green 5050 Antifreeze 6/1gal",12232.80,"Henderson","Variety Wholesale - Henderson Dist Ctr","1000 Facet Rd.","NC","27537"
"Total FSAF50 (4 Seasons Green 5050 Antifreeze 6/1gal)",,,,,,,1188,,0,1188,20295.72,,,20295.72,,,,,
"FSMO13 (4 Seasons Motor Oil 10w30 6/1qt)",,,,,,,,,,,,,,,,,,,
,"Sales Order","01/26/2026","02/25/2026","410766","1838962","PARKER SURPLUS SALES",910,,0,910,10455.90,"FSMO13 (4 Seasons Motor Oil 10w30 6/1qt)","4 Seasons Motor Oil 10w30 6/1qt",10455.90,"HENDERSON","HENDERSON DIST CTR","1000 FACET RD","NC","27537"
,"Sales Order","01/26/2026","02/25/2026","410769","1838976","PARKER SURPLUS SALES",1274,,0,1274,14638.26,"FSMO13 (4 Seasons Motor Oil 10w30 6/1qt)","4 Seasons Motor Oil 10w30 6/1qt",14638.26,"NEWNAN","NEWNAN GA DIST CTR","60 HERRING RD","GA","30265"
,"Sales Order","06/08/2026","06/08/2026","410944",,"INTERNATIONAL WHOLEASLE CLUB",182,,0,182,2457.00,"FSMO13 (4 Seasons Motor Oil 10w30 6/1qt)","4 Seasons Motor Oil 10w30 6/1qt",2457.00,"Metairie","INTERNATIONAL WHOLESALE CLUB","2901 Richland Ave,","LA","70002"
"Total FSMO13 (4 Seasons Motor Oil 10w30 6/1qt)",,,,,,,2366,,0,2366,27551.16,,,27551.16,,,,,
"FSMO14 (4 Seasons Motor Oil 10w40 6/1qt)",,,,,,,,,,,,,,,,,,,
,"Sales Order","01/26/2026","02/25/2026","410766","1838962","PARKER SURPLUS SALES",728,,0,728,8364.72,"FSMO14 (4 Seasons Motor Oil 10w40 6/1qt)","4 Seasons Motor Oil 10w40 6/1qt",8364.72,"HENDERSON","HENDERSON DIST CTR","1000 FACET RD","NC","27537"
,"Sales Order","01/26/2026","02/25/2026","410769","1838976","PARKER SURPLUS SALES",546,,0,546,6273.54,"FSMO14 (4 Seasons Motor Oil 10w40 6/1qt)","4 Seasons Motor Oil 10w40 6/1qt",6273.54,"NEWNAN","NEWNAN GA DIST CTR","60 HERRING RD","GA","30265"
,"Sales Order","06/08/2026","06/08/2026","410944",,"INTERNATIONAL WHOLEASLE CLUB",182,,0,182,2457.00,"FSMO14 (4 Seasons Motor Oil 10w40 6/1qt)","4 Seasons Motor Oil 10w40 6/1qt",2457.00,"Metairie","INTERNATIONAL WHOLESALE CLUB","2901 Richland Ave,","LA","70002"
"Total FSMO14 (4 Seasons Motor Oil 10w40 6/1qt)",,,,,,,1456,,0,1456,17095.26,,,17095.26,,,,,
"FSMO52 (4 Seasons Motor Oil 5w20 6/1qt)",,,,,,,,,,,,,,,,,,,
,"Sales Order","01/26/2026","02/25/2026","410766","1838962","PARKER SURPLUS SALES",728,,0,728,8364.72,"FSMO52 (4 Seasons Motor Oil 5w20 6/1qt)","4 Seasons Motor Oil 5w20 6/1qt",8364.72,"HENDERSON","HENDERSON DIST CTR","1000 FACET RD","NC","27537"
,"Sales Order","01/26/2026","02/25/2026","410769","1838976","PARKER SURPLUS SALES",364,,0,364,4182.36,"FSMO52 (4 Seasons Motor Oil 5w20 6/1qt)","4 Seasons Motor Oil 5w20 6/1qt",4182.36,"NEWNAN","NEWNAN GA DIST CTR","60 HERRING RD","GA","30265"
,"Sales Order","06/08/2026","06/08/2026","410944",,"INTERNATIONAL WHOLEASLE CLUB",182,,0,182,2457.00,"FSMO52 (4 Seasons Motor Oil 5w20 6/1qt)","4 Seasons Motor Oil 5w20 6/1qt",2457.00,"Metairie","INTERNATIONAL WHOLESALE CLUB","2901 Richland Ave,","LA","70002"
"Total FSMO52 (4 Seasons Motor Oil 5w20 6/1qt)",,,,,,,1274,,0,1274,15004.08,,,15004.08,,,,,
"FSMO53 (4 Seasons Motor Oil 5w30 6/1qt)",,,,,,,,,,,,,,,,,,,
,"Sales Order","01/26/2026","02/25/2026","410766","1838962","PARKER SURPLUS SALES",1092,,0,1092,12547.08,"FSMO53 (4 Seasons Motor Oil 5w30 6/1qt)","4 Seasons Motor Oil 5w30 6/1qt",12547.08,"HENDERSON","HENDERSON DIST CTR","1000 FACET RD","NC","27537"
,"Sales Order","01/26/2026","02/25/2026","410769","1838976","PARKER SURPLUS SALES",1274,,0,1274,14638.26,"FSMO53 (4 Seasons Motor Oil 5w30 6/1qt)","4 Seasons Motor Oil 5w30 6/1qt",14638.26,"NEWNAN","NEWNAN GA DIST CTR","60 HERRING RD","GA","30265"
,"Sales Order","06/08/2026","06/08/2026","410944",,"INTERNATIONAL WHOLEASLE CLUB",182,,0,182,2457.00,"FSMO53 (4 Seasons Motor Oil 5w30 6/1qt)","4 Seasons Motor Oil 5w30 6/1qt",2457.00,"Metairie","INTERNATIONAL WHOLESALE CLUB","2901 Richland Ave,","LA","70002"
,"Sales Order","06/11/2026","06/11/2026","411050",,"NATIONAL TRADING COMPANY",182,,0,182,2982.98,"FSMO53 (4 Seasons Motor Oil 5w30 6/1qt)","4 Seasons Motor Oil 5w30 6/1qt",2982.98,"Memphis","National Trading Company - Shelby","1232 E Shelby Dr","TN","38116"
,"Sales Order","06/11/2026","06/11/2026","411050",,"NATIONAL TRADING COMPANY",182,,0,182,2982.98,"FSMO53 (4 Seasons Motor Oil 5w30 6/1qt)","4 Seasons Motor Oil 5w30 6/1qt",2982.98,"Memphis","National Trading Company - Shelby","1232 E Shelby Dr","TN","38116"
"Total FSMO53 (4 Seasons Motor Oil 5w30 6/1qt)",,,,,,,2912,,0,2912,35608.30,,,35608.30,,,,,
"FSMOTF (4 Seasons ATF TYPE A 6/1qt)",,,,,,,,,,,,,,,,,,,
,"Sales Order","06/08/2026","06/08/2026","410944",,"INTERNATIONAL WHOLEASLE CLUB",182,,0,182,2457.00,"FSMOTF (4 Seasons ATF TYPE A 6/1qt)","4 Seasons ATF TYPE A 6/1qt",2457.00,"Metairie","INTERNATIONAL WHOLESALE CLUB","2901 Richland Ave,","LA","70002"
"Total FSMOTF (4 Seasons ATF TYPE A 6/1qt)",,,,,,,182,,0,182,2457.00,,,2457.00,,,,,
"JEGSBIOILQT (#555-28067 Break-In-Oil 10w30-  6/1qt)",,,,,,,,,,,,,,,,,,,
,"Sales Order","06/03/2026","06/03/2026","410942"," 724067","BUCKEYE SALES",180,,0,180,4708.80,"JEGSBIOILQT (#555-28067 Break-In-Oil 10w30-  6/1qt)","#555-28067 Break-In-Oil 10w30-  6/1qt",4708.80,"Delaware","BUCKEYE SALES","101 Jegs Place","OH","43015"
"Total JEGSBIOILQT (#555-28067 Break-In-Oil 10w30-  6/1qt)",,,,,,,180,,0,180,4708.80,,,4708.80,,,,,
"PRED25 (RESOLUTE PREMIUM DEF 2.5GAL)",,,,,,,,,,,,,,,,,,,
,"Sales Order","06/22/2026","09/20/2026","411053","4956553","FLEET FARM",160,,0,160,1774.40,"PRED25 (RESOLUTE PREMIUM DEF 2.5GAL)","RESOLUTE PREMIUM DEF 2.5GAL",1774.40,"Oak Creek","Fleet Farm care of AIM","150 W. Oakview Parkway","WI","53154"
"Total PRED25 (RESOLUTE PREMIUM DEF 2.5GAL)",,,,,,,160,,0,160,1774.40,,,1774.40,,,,,
"RESD25 (RESOLUTE DEF 2.5GAL)",,,,,,,,,,,,,,,,,,,
,"Sales Order","06/22/2026","09/20/2026","411053","4956553","FLEET FARM",240,,0,240,1668.00,"RESD25 (RESOLUTE DEF 2.5GAL)","RESOLUTE DEF 2.5GAL",1668.00,"Oak Creek","Fleet Farm care of AIM","150 W. Oakview Parkway","WI","53154"
"Total RESD25 (RESOLUTE DEF 2.5GAL)",,,,,,,240,,0,240,1668.00,,,1668.00,,,,,
"Total Assembly",,,,,,,14614,,0,14614,213183.28,,,213183.28,,,,,
"Service",,,,,,,,,,,,,,,,,,,
"Shipping (Shipping)",,,,,,,,,,,,,,,,,,,
,"Sales Order","05/28/2026","05/28/2026","410936",,"Rooprai Brothers Inc",1,,0,1,5200.00,"Shipping (Shipping)","Shipping",5200.00,"Stockton","Rooprai Brothers Inc","1551 Stimson St, Suite 4","CA","95206"
,"Sales Order","06/10/2026","06/10/2026","410950",,"RB TRUCK PARTS INDY",1,,0,1,1420.00,"Shipping (Shipping)","Shipping",1420.00,"Indianapolis","RB TRUCK PARTS INDY","4810 Punjab Dr Suite 4001,","IN","46218"
"Total Shipping (Shipping)",,,,,,,2,,0,2,6620.00,,,6620.00,,,,,
"Total Service",,,,,,,2,,0,2,6620.00,,,6620.00,,,,,
"TOTAL",,,,,,,131111,,0,131111,1589514.22,,,1589514.22,,,,,
