RecordID,EntryType,RefRecordID,Timestamp,Date,Product,ProductCode,Line,QtyPallets,EnteredBy,Notes
03bad46c-8a73-4cd2-9d34-650f113ffc25,PRODUCE,PROD106-ATWWFX-25364,2025-12-30 23:36:14,12-30-2025,FrostX W/Wash -30,ATWWFX,3.0,1.0,ADZ,PROD106-ATWWFX-25364 | Manual production
6dab7f19-4f05-4c5a-8ebd-8e22bfe8e812,PRODUCE,PROD107-ATWWPX-25364,2025-12-30 23:36:39,12-30-2025,PolarX W/Wash -20,ATWWPX,3.0,22.0,ADZ,PROD107-ATWWPX-25364 | Manual production
c3f96ed4-7ced-403c-b015-ee2c2be022fb,SHIP,081868da-3894-4d80-9cc7-9c4713d966a7,2026-01-02 00:34:25,12-31-2025,FrostX W/Wash -30,ATWWFX,,-1.0,ADZ,Shipment SHP-260102-3343983C
adae8434-d233-4f1e-b02a-514e93d8acee,PRODUCE,PROD110-ATWWPX-25283,2026-01-02 11:16:15,10-10-2025,PolarX W/Wash -20,ATWWPX,3.0,31.0,ADZ,PROD110-ATWWPX-25283 | Manual production
4595e45a-4234-4b42-8f88-c3b51562ed1e,PRODUCE,PROD111-ATWWFX-25283,2026-01-02 11:16:58,10-10-2025,FrostX W/Wash -30,ATWWFX,3.0,5.0,ADZ,PROD111-ATWWFX-25283 | Manual production
7bb63266-8ff1-4451-a815-f4bc9797ef5d,PRODUCE,PROD112-ATGP50-25283,2026-01-02 11:17:33,10-10-2025,Green Power 50,ATGP50,1.0,74.0,ADZ,PROD112-ATGP50-25283 | Manual production
3a168066-7ee9-4498-ae63-88096791ae30,PRODUCE,PROD113-FSAF50-25284,2026-01-02 11:17:57,10-11-2025,4 Seasons Antifreeze,FSAF50,1.0,8.0,ADZ,PROD113-FSAF50-25284 | Manual production
fedbbb5b-1085-487f-8e1f-189f42b63b89,PRODUCE,PROD114-FSMO13-25283,2026-01-02 11:18:23,10-10-2025,4 Seasons Oil 10W30,FSMO13,2.0,2.0,ADZ,PROD114-FS10W30-25283 | Manual production
e1994810-1ec7-4a77-a2bf-6f04515d1292,PRODUCE,PROD115-FSMO14-25284,2026-01-02 11:18:39,10-11-2025,4 Seasons Oil 10W40,FSMO14,2.0,3.0,ADZ,PROD115-FS10W40-25284 | Manual production
868e0aef-3535-4b14-852d-4300b588e5c9,PRODUCE,PROD116-FSMOTF-25285,2026-01-02 11:18:58,10-12-2025,4 Seasons Oil ATF,FSMOTF,2.0,5.0,ADZ,PROD116-FSOILATFTBD-25285 | Manual production
8fe4f7b7-0e26-44b3-a7d1-d0a953aceee0,PRODUCE,PROD117-ATABD2-25283,2026-01-02 11:19:27,10-10-2025,DEF 2.5 Gal,ATABD2,4.0,4.0,ADZ,PROD117-DEF25TBD-25283 | Manual production
446106f6-2d23-4466-a725-5b68b159542f,PRODUCE,PROD118-ATCP50-25288,2026-01-02 11:20:27,10-15-2025,Cool Power 50,ATCP50,1.0,12.0,ADZ,PROD118-CP50TBD-25288 | Manual production
143a2442-499b-4455-a01c-4c989167b114,PRODUCE,PROD119-ATGLP50-25289,2026-01-02 11:20:45,10-16-2025,Global Power 50,ATGLP50,1.0,2.0,ADZ,PROD119-GLBP50TBD-25289 | Manual production
a0d7812a-1df9-4223-bb0f-56d44eccba1d,PRODUCE,PROD120-OEFAVB50-25291,2026-01-02 11:21:55,10-18-2025,OEF Asian Blue,OEFAVB50,1.0,2.0,ADZ,PROD120-OEFABTBD-25291 | Manual production
9f111bb1-570c-4d65-8a1f-03cd1a2e6abc,PRODUCE,PROD121-OEFAVRP50-25292,2026-01-02 11:22:14,10-19-2025,OEF Asian Red/Pink,OEFAVRP50,1.0,2.0,ADZ,PROD121-OEFARPTBD-25292 | Manual production
573bc736-e394-4c0e-b92f-7d96100acfb4,PRODUCE,PROD122-OEFEVB50-25293,2026-01-02 11:22:45,10-20-2025,OEF European Blue,OEFEVB50,1.0,2.0,ADZ,PROD122-OEFEBTBDS-25293 | Manual production
5b4ebb4e-23bd-4d89-ab25-fa7a9ade3db8,PRODUCE,PROD123-OEFEVP50-25293,2026-01-02 11:23:23,10-20-2025,OEF European Pink,OEFEVP50,1.0,2.0,ADZ,PROD123-OEFEPTBDD-25293 | Manual production
981be211-cdca-44bc-811a-eb353ca9ee8f,PRODUCE,PROD124-ATRE506-25293,2026-01-02 11:23:42,10-20-2025,RV Antifreeze -50,ATRE506,3.0,14.0,ADZ,PROD124-RV50TBD-25293 | Manual production
f42c6eb0-9e28-4fee-b134-2f44565e60b1,PRODUCE,PROD125-ATRP1006-25294,2026-01-02 11:24:06,10-21-2025,RV Antifreeze -100,ATRP1006,3.0,3.0,ADZ,PROD125-RV100TBD-25294 | Manual production
6d980e54-3e1a-4a17-b71d-a3d4bd15f361,PRODUCE,PROD126-ATRE501-25293,2026-01-02 11:24:46,10-20-2025,Drum RV-50 Pink,ATRE501,4.0,30.0,ADZ,PROD126-ATRE501-25293 | Manual production
e7405ef8-6c91-4b57-b8aa-f6cfe027d5a1,PRODUCE,PROD127-PSLC125-25364,2026-01-02 11:25:29,12-30-2025,Pool Shock,PSLC125,3.0,1.0,ADZ,PROD127-TBDPOOLSHOCK-25364 | Manual production
ee81ef89-17b7-4526-a198-4e3edfc730dc,PRODUCE,PROD128-ATWWPX-25365,2026-01-02 12:02:13,12-31-2025,PolarX W/Wash -20,ATWWPX,3.0,20.0,ADZ,PROD128-ATWWPX-25365 | Manual production
2dd00e40-7a81-4c3f-8a7f-2a9b95da7d60,ADJUST,,2026-01-02 12:03:07,12-31-2025,PolarX W/Wash -20,ATWWPX,,-20.0,ADZ,ADJUSTED FOR FINAL INV CHECK
cc404c72-3c2b-4706-9eb6-ce10ff3da21f,PRODUCE,PROD129-ATGP50-25365,2026-01-02 12:03:39,12-31-2025,Green Power 50,ATGP50,1.0,24.0,ADZ,PROD129-ATGP50-25365 | Manual production
0af27760-064e-48ae-a0ed-596bde719ce8,ADJUST,,2026-01-02 12:04:15,12-31-2025,Green Power 50,ATGP50,,-24.0,ADZ,INV CHECK UPDATE
26b2c3c6-4c24-4db8-98e4-a08f76e66d07,PRODUCE,PROD130-CHLD35-TI-25365,2026-01-02 12:04:54,12-31-2025,Choice Laundry Detergent TIDE Type 3.5 Gal,CHLD35-TI,4.0,2.0,ADZ,PROD130-TBD21000-25365 | Manual production
378687f1-aba3-48a5-bb45-724df98b83fe,ADJUST,,2026-01-02 12:05:30,12-31-2025,Choice Laundry Detergent TIDE Type 3.5 Gal,TBD21000,,-2.0,UNKNOWN,INV CHECK
d7b5190b-1d0e-40eb-a64f-7c3e3f9f84bd,PRODUCE,PROD131-ATW305-25365,2026-01-02 12:08:02,12-31-2025,Drum W/Wash -30,ATW305,4.0,1.0,ADZ,PROD131-TBDWWDRUM30-25365 | Manual production
8327ba1d-c330-4ea8-9714-fd34fac5c536,ADJUST,,2026-01-02 12:09:03,12-31-2025,Drum W/Wash -30,TBDWWDRUM30,,-1.0,ADZ,INV UPDATE
f54ec063-e020-4ccc-a11f-6a5f0a6cad84,ADJUST,,2026-01-02 12:17:41,12-31-2025,PolarX W/Wash -20,ATWWPX,,-22.0,ADZ,INV CHECK
069c1519-549e-48c9-ade6-75d2d5cbceff,PRODUCE,PROD132-ATWWPX-26003,2026-01-03 14:48:08,01-03-2026,PolarX W/Wash -20,ATWWPX,3.0,10.0,ADZ,PROD132-ATWWPX-26003 | Manual production
7983c1ac-9e1f-4fcf-a456-1b9627ae294e,PRODUCE,PROD133-ATGP50-26003,2026-01-03 14:49:34,01-03-2026,Green Power 50,ATGP50,1.0,2.0,ADZ,PROD133-ATGP50-26003 | Manual production
d8965fcc-37c6-4323-a3e8-6c90413a015b,PRODUCE,PROD134-FSMO52-26003,2026-01-03 14:50:09,01-03-2026,4 Seasons Oil 5W20,FSMO52,2.0,3.0,ADZ,PROD134-FSMO52-26003 | Manual production
98b836fa-739f-4ce8-b668-32350e99da31,PRODUCE,PROD135-ATWWPX-26002,2026-01-05 07:52:11,01-02-2026,PolarX W/Wash -20,ATWWPX,3.0,16.0,ADZ,PROD135-ATWWPX-26002 | Manual production
9a61faf5-cbea-4f02-86c8-74044504e3b8,PRODUCE,PROD136-ATGP50-26002,2026-01-05 07:52:35,01-02-2026,Green Power 50,ATGP50,1.0,25.0,ADZ,PROD136-ATGP50-26002 | Manual production
edad2a30-2b92-4e05-ba49-66d1d7675406,PRODUCE,PROD137-ATW305-26002,2026-01-05 07:52:55,01-02-2026,Drum W/Wash -30,ATW305,4.0,1.0,ADZ,PROD137-TBDWWDRUM30-26002 | Manual production
a2f48848-53d6-4a95-bbb2-3e5057b1b67d,PRODUCE,PROD138-ATGLP5055-26002,2026-01-05 07:53:22,01-02-2026,Drum Global Power 50,ATGLP5055,4.0,1.0,ADZ,PROD138-TBD-26002 | Manual production
0e675991-0526-4b03-b4b2-976d3850213c,PRODUCE,PROD139-DRUMGP-34-26002,2026-01-05 07:55:45,01-02-2026,Drum Green Power -34,ATGP50-55,4.0,1.0,ADZ,PROD139-DRUMGP-34-26002 | Manual production
a2e9d071-1d04-44ab-b9b1-a976cd600c99,PRODUCE,PROD140-CHLD35-TI-26002,2026-01-05 09:17:10,01-02-2026,Choice Laundry Detergent TIDE Type 3.5 Gal,CHLD35-TI,4.0,7.0,ADZ,PROD140-TBD21000-26002 | Manual production
5fc4b2c7-a7d5-4811-83a6-d5947bb09af6,PRODUCE,PROD141-CHLD35-GN-26002,2026-01-05 09:17:36,01-02-2026,Choice Laundry Detergent Gain Type 3.5 Gal,CHLD35-GN,4.0,5.0,ADZ,PROD141-TBD400043-26002 | Manual production
424330e7-196b-43d0-96e9-3b59c2db2ade,PRODUCE,PROD142-FCBL01-26002,2026-01-05 09:17:59,01-02-2026,Fresh Choice Bleach,FCBL01,4.0,2.0,ADZ,PROD142-TBD-26002 | Manual production
28718484-2a24-4249-a9ed-ef9f14a3bbee,ADJUST,,2026-01-05 09:29:05,01-05-2026,Choice Laundry Detergent TIDE Type 3.5 Gal,CHLD35-TI,4.0,-2.0,ADZ,change of stocl
f58a5369-fa1e-4e81-ab3e-c0863e90fa11,SHIP,732d54b7-aee9-4a80-9dba-2332feaa527d,2026-01-05 09:36:08,01-02-2026,FrostX W/Wash -30,ATWWFX,,-1.0,ADZ,Shipment SHP-260105-2ABAF7B3
64768a1e-082c-462f-b8bb-6e6d0bb4fdf8,SHIP,1d25e73e-dace-487a-a95f-52164e2563fe,2026-01-05 10:58:38,01-05-2026,Drum RV-50 Pink,ATRE501,,-1.0,ADZ,Shipment SHP-260105-01D9F687
5ab9fbc7-97da-4c1f-998f-0738781f68f2,SHIP,cb7b310c-37b1-463f-91f5-889f82ae8010,2026-01-05 10:59:50,01-05-2026,RV Antifreeze -50,ATRE506,,-12.0,ADZ,Shipment SHP-260105-E6C4761D
3d843f89-57f9-4463-83bb-873c2db7f52b,PRODUCE,PROD144-FS5553-26005,2026-01-06 09:21:55,01-05-2026,Drum Oil 5W30,FS5553,4.0,0.25,ADZ,PROD144-TBD-26005 | Manual production
87a68a9c-77a3-455e-bdb9-63eba7854c00,PRODUCE,PROD145-FSMO53-26005,2026-01-06 09:22:40,01-05-2026,4 Seasons Oil 5W30,FSMO53,2.0,5.0,ADZ,PROD145-FSMO53-26005 | Manual production
6e01dc35-18a8-4ad6-860a-6143bd344ad1,PRODUCE,PROD146-FSMO52-26005,2026-01-06 09:22:59,01-05-2026,4 Seasons Oil 5W20,FSMO52,2.0,2.0,ADZ,PROD146-FSMO52-26005 | Manual production
690df54c-6cba-43e0-951f-5c7636d24e29,PRODUCE,PROD147-ATWWPX-26005,2026-01-06 09:23:19,01-05-2026,PolarX W/Wash -20,ATWWPX,3.0,15.0,ADZ,PROD147-ATWWPX-26005 | Manual production
a6ac472a-ec75-4b7a-8543-0ee6dab9af7f,SHIP,1dfdfeab-ee90-4df0-b573-95b7c4c6d2ba,2026-01-06 09:28:00,01-06-2026,Cool Power 50,ATCP50,,-3.0,ADZ,Shipment SHP-260106-882094F6
139735ac-7b6b-43e6-9895-b07a2e5521f5,SHIP,4e4d3b00-42b7-43a7-8122-e9575962f758,2026-01-06 09:29:33,01-06-2026,Global Power 50,ATGLP50,,-2.0,ADZ,Shipment SHP-260106-9F4CE7C7
d30e7f2c-eb80-4b65-b226-2eecb9f9a947,SHIP,cbe445e3-3d00-4c4d-b06c-bc6cbf460134,2026-01-06 09:30:12,01-06-2026,Green Power 50,ATGP50,,-5.0,adz,Shipment SHP-260106-9E4DEA32
e7934b6a-bacb-42ce-81b2-7589002a7736,SHIP,d2ede2b8-632e-4072-919a-a94c5e2fd9e7,2026-01-06 09:30:52,01-06-2026,DEF 2.5 Gal,ATABD2,,-3.0,ad,Shipment SHP-260106-92472F94
8914c252-cc02-4296-979d-6e71452b5159,SHIP,ff23f1ba-9d82-4958-83cb-3a34a0e4f0f8,2026-01-06 09:31:23,01-06-2026,PolarX W/Wash -20,ATWWPX,,-5.0,ADZ,Shipment SHP-260106-DCABA6AD
2659baa3-cf90-4a24-bdb1-45b82f174ae3,SHIP,C5C364AD,2026-01-06 10:11:09,01-05-2026,PolarX W/Wash -20,ATWWPX,,-1.0,ADZ,Shipment SHP-260106-0F43C4C5
093672a7-6744-465d-9d8d-52f20a1c57bf,SHIP,F9145A9B,2026-01-06 10:11:09,01-05-2026,Fresh Choice Bleach,FCBL01,,-1.0,ADZ,Shipment SHP-260106-0F43C4C5
d7e164f1-27fe-4074-a66b-20a2fba765d3,SHIP,4CFCCA4C,2026-01-06 10:11:09,01-05-2026,Green Power 50,ATGP50,,-4.0,ADZ,Shipment SHP-260106-0F43C4C5
767006e7-9503-4cf6-8f4f-aefa0e339763,SHIP,3B6D570F,2026-01-06 10:11:09,01-05-2026,Choice Laundry Detergent Gain Type 3.5 Gal,CHLD35-GN,,-5.0,ADZ,Shipment SHP-260106-0F43C4C5
8b41a61a-6404-4705-a3da-15608563c319,SHIP,8D2A05C5,2026-01-06 10:11:09,01-05-2026,Choice Laundry Detergent TIDE Type 3.5 Gal,CHLD35-TI,,-7.0,ADZ,Shipment SHP-260106-0F43C4C5
3f418fc6-bee3-46f4-95be-1d83824dbc63,SHIP,72CB2DCE,2026-01-06 10:11:09,01-05-2026,4 Seasons Oil 5W20,FSMO52,,-1.0,ADZ,Shipment SHP-260106-0F43C4C5
2bce6fe5-8f42-4abe-946d-b2ad06610320,SHIP,F3C25BCC,2026-01-06 10:12:31,01-05-2026,DEF 2.5 Gal,ATABD2,,-1.0,ADZ,Shipment SHP-260106-BD007EDD
00f7f091-b0d6-4b29-a8a5-4a28d0274dad,PRODUCE,PROD148-ATGP50-26006,2026-01-07 11:02:25,01-06-2026,Green Power 50,ATGP50,1.0,2.0,ADZ,PROD148-ATGP50-26006 | Manual production
fa21891b-000a-428d-9df3-b1a257b15c04,PRODUCE,PROD149-ATWWPX-26006,2026-01-07 11:02:52,01-06-2026,PolarX W/Wash -20,ATWWPX,3.0,19.0,ADZ,PROD149-ATWWPX-26006 | Manual production
f352d32d-2332-42db-ae19-690d3f714b97,PRODUCE,PROD150-FSMO53-26006,2026-01-07 11:03:11,01-06-2026,4 Seasons Oil 5W30,FSMO53,2.0,3.0,ADZ,PROD150-FSMO53-26006 | Manual production
f0e42ae6-a745-4ddd-aa75-40cd1c9c7551,PRODUCE,PROD151-FSMO13-26006,2026-01-07 11:03:49,01-06-2026,4 Seasons Oil 10W30,FSMO13,2.0,3.0,ADZ,PROD151-FSMO13-26006 | Manual production
c72c24d5-60f1-4a6f-9933-0a50b8b0a532,PRODUCE,PROD152-FS5553-26006,2026-01-07 11:04:24,01-06-2026,Drum Oil 5W30,FS5553,4.0,0.25,ADZ,PROD152-TBD-26006 | Manual production
37a1f0d1-b8dc-421b-b592-cf2c16dde51b,PRODUCE,PROD153-FS5552-26006,2026-01-07 11:04:40,01-06-2026,Drum Oil 5W20,FS5552,4.0,0.25,ADZ,PROD153-TBD-26006 | Manual production
d8b3a2d9-0303-418b-8486-75310f66fb14,SHIP,F19315F9,2026-01-07 11:06:35,01-07-2026,Green Power 50,ATGP50,,-22.0,ADZ,Shipment SHP-260107-CFC365DD
2e15ae79-c10e-4665-84e3-641fe47f1779,SHIP,97549590,2026-01-07 11:07:21,01-06-2026,Green Power 50,ATGP50,,-21.0,ADZ,Shipment SHP-260107-BAC66752
d26f2f51-9b4b-4e1c-b23c-60a98f42c77e,SHIP,832E0821,2026-01-07 11:10:57,01-06-2026,Green Power 50,ATGP50,,-17.0,ADZ,Shipment SHP-260107-BD939B35
76e84853-612f-4410-a85e-f4ad559537ea,SHIP,3D46982E,2026-01-07 11:10:57,01-06-2026,PolarX W/Wash -20,ATWWPX,,-4.0,ADZ,Shipment SHP-260107-BD939B35
1631ab67-a113-4108-9142-2536c9b2c025,SHIP,809FCB0A,2026-01-07 11:11:52,01-06-2026,Green Power 50,ATGP50,,-18.0,ADZ,Shipment SHP-260107-E4F1E532
da20d929-842c-4f06-9bca-9d33340e0ab3,PRODUCE,PROD154-ATGP50-26007,2026-01-08 08:11:17,01-07-2026,Green Power 50,ATGP50,1.0,9.0,ADZ,PROD154-ATGP50-26007 | Manual production
96e1a7f1-f70a-44df-a021-80c16e08f6b8,PRODUCE,PROD155-ATWWPX-26007,2026-01-08 08:11:44,01-07-2026,PolarX W/Wash -20,ATWWPX,3.0,20.0,ADZ,PROD155-ATWWPX-26007 | Manual production
607fe34b-94ed-47af-bdae-433bb478bfd1,PRODUCE,PROD156-FSMO53-26007,2026-01-08 08:12:05,01-07-2026,4 Seasons Oil 5W30,FSMO53,2.0,3.0,ADZ,PROD156-FSMO53-26007 | Manual production
1f997bfa-97ed-47eb-be78-7e8a12aefd31,PRODUCE,PROD157-FSMO13-26007,2026-01-08 08:13:16,01-07-2026,4 Seasons Oil 10W30,FSMO13,2.0,5.0,ADZ,PROD157-FSMO13-26007 | Manual production
35909388-1715-4cc9-99b4-a307339159ad,PRODUCE,PROD158-ATWWPX-26008,2026-01-09 08:10:29,01-08-2026,PolarX W/Wash -20,ATWWPX,3.0,18.0,ADZ,PROD158-ATWWPX-26008 | Manual production
775cca3c-7268-441a-aec9-7585bf1e5cdf,PRODUCE,PROD159-FSMO53-26008,2026-01-09 08:10:47,01-08-2026,4 Seasons Oil 5W30,FSMO53,2.0,4.0,ADZ,PROD159-FSMO53-26008 | Manual production
69fbca2c-0338-4115-821e-ac2c0f196d1c,PRODUCE,PROD160-FSMO13-26008,2026-01-09 08:11:38,01-08-2026,4 Seasons Oil 10W30,FSMO13,2.0,4.0,ADZ,PROD160-FSMO13-26008 | Manual production
01df639d-50ad-432e-80ce-98fc1d7b6c50,PRODUCE,PROD161-ATWW55-26008,2026-01-09 08:12:06,01-08-2026,Drum W/Wash -20,ATWW55,4.0,6.0,ADZ,PROD161-ATWW55-26008 | Manual production
9a34cc3c-c2df-4743-9451-1205ee6c857a,PRODUCE,PROD162-ATWWPX-26009,2026-01-12 10:26:19,01-09-2026,PolarX W/Wash -20,ATWWPX,3.0,27.0,ADZ,PROD162-ATWWPX-26009 | Manual production
2132f969-5e90-4e86-a735-91995f61a75c,PRODUCE,PROD163-FSMO53-26009,2026-01-12 10:26:43,01-09-2026,4 Seasons Oil 5W30,FSMO53,2.0,1.0,ADZ,PROD163-FSMO53-26009 | Manual production
7a1a5066-dcd2-428a-813a-d3f4cc50afca,PRODUCE,PROD164-FSMO52-26009,2026-01-12 10:27:01,01-09-2026,4 Seasons Oil 5W20,FSMO52,2.0,4.0,ADZ,PROD164-FSMO52-26009 | Manual production
73fcd779-b278-4ee2-8b80-a61f45f9e5d7,PRODUCE,PROD165-ATWWPX-26010,2026-01-12 10:27:21,01-10-2026,PolarX W/Wash -20,ATWWPX,3.0,12.0,ADZ,PROD165-ATWWPX-26010 | Manual production
f42af733-7a15-4e93-98dc-a763417349e8,PRODUCE,PROD166-ATGP50-26010,2026-01-12 10:27:47,01-10-2026,Green Power 50,ATGP50,1.0,8.0,ADZ,PROD166-ATGP50-26010 | Manual production
48515c69-831b-4cc4-a832-915a5558cabf,PRODUCE,PROD167-ATWWPX-26012,2026-01-13 13:27:01,01-12-2026,PolarX W/Wash -20,ATWWPX,3.0,16.0,ADZ,PROD167-ATWWPX-26012 | Manual production
f48561c8-1ec3-4d1e-9301-b3b0e868aea3,PRODUCE,PROD168-ATGP50-26012,2026-01-13 13:27:28,01-12-2026,Green Power 50,ATGP50,1.0,21.0,ADZ,PROD168-ATGP50-26012 | Manual production
4e85bbde-d4d8-4fe3-996b-f1ba6ad023d4,PRODUCE,PROD169-ATW305-26012,2026-01-13 13:27:56,01-12-2026,Drum W/Wash -30,ATW305,4.0,2.0,ADZ,PROD169-ATW305-26012 | Manual production
95e8a50e-9eca-429c-8029-8c5daf034f33,PRODUCE,PROD170-ATAB55-26012,2026-01-13 13:28:12,01-12-2026,Drum DEF,ATAB55,4.0,2.0,ADZ,PROD170-TBD-26012 | Manual production
4eb9115f-d420-4682-83ac-bbe1c1c72f3b,PRODUCE,PROD171-ATWWPX-26013,2026-01-14 08:56:00,01-13-2026,PolarX W/Wash -20,ATWWPX,3.0,20.0,ADZ,PROD171-ATWWPX-26013 | Manual production
1844e6e9-0415-4f7f-9a9d-394cec27ec1f,PRODUCE,PROD172-ATGP50-26013,2026-01-14 08:56:33,01-13-2026,Green Power 50,ATGP50,1.0,21.0,ADZ,PROD172-ATGP50-26013 | Manual production
0019647a-35d3-4608-aadb-17b0ba4a3efa,PRODUCE,PROD173-ATWW55-26013,2026-01-14 08:56:54,01-13-2026,Drum W/Wash -20,ATWW55,4.0,2.0,ADZ,PROD173-ATWW55-26013 | Manual production
9963db06-cd70-47c8-9d04-d51e5d009da2,PRODUCE,PROD174-ATGP50-26014,2026-01-15 08:06:00,01-14-2026,Green Power 50,ATGP50,1.0,22.0,ADZ,PROD174-ATGP50-26014 | Manual production
0c0260d7-2dd2-4cb1-8c61-6c5b6aeba0cf,PRODUCE,PROD175-ATWWPX-26014,2026-01-15 08:06:16,01-14-2026,PolarX W/Wash -20,ATWWPX,3.0,11.0,ADZ,PROD175-ATWWPX-26014 | Manual production
ec725533-4889-46a6-929c-ea61697568fe,PRODUCE,PROD176-FSAF50-26014,2026-01-15 08:06:40,01-14-2026,4 Seasons Antifreeze,FSAF50,1.0,1.0,ADZ,PROD176-FSAF50-26014 | Manual production
b421561b-753c-4efb-b56b-11fdecb41871,PRODUCE,PROD177-ATWWBX-26014,2026-01-15 08:07:03,01-14-2026,BugX W/Wash +32,ATWWBX,3.0,6.0,ADZ,PROD177-ATWWBX-26014 | Manual production
7c56f154-7615-4075-8f80-e875b07b0f60,PRODUCE,PROD178-TOTERV100TBD-26014,2026-01-15 08:09:48,01-14-2026,TOTE RV-100 Blue,TOTERV100TBD,4.0,8.0,ADZ,PROD178-TOTERV100TBD-26014 | Manual production
8233f97e-4f6b-441c-87a9-b5f3e0d1c445,PRODUCE,PROD179-ATWWPX-26015,2026-01-16 11:25:29,01-15-2026,PolarX W/Wash -20,ATWWPX,3.0,6.0,ADZ,PROD179-ATWWPX-26015 | Manual production
1904c4d2-7d5f-4994-af79-93bfd8baa999,PRODUCE,PROD180-ATGP50-26015,2026-01-16 11:25:53,01-15-2026,Green Power 50,ATGP50,1.0,13.0,ADZ,PROD180-ATGP50-26015 | Manual production
49c6af93-1a72-4413-a639-427214a079b3,PRODUCE,PROD181-ATWWFX-26015,2026-01-16 11:26:10,01-15-2026,FrostX W/Wash -30,ATWWFX,3.0,3.0,ADZ,PROD181-ATWWFX-26015 | Manual production
2d7beea8-a053-4a49-89b7-95db44c639b4,PRODUCE,PROD182-ATWW55-26015,2026-01-16 11:26:34,01-15-2026,Drum W/Wash -20,ATWW55,4.0,4.0,ADZ,PROD182-ATWW55-26015 | Manual production
9b0ccd8f-f652-4155-9149-71776d2b3b1c,PRODUCE,PROD183-ATGP50-26016,2026-01-19 14:22:13,01-16-2026,Green Power 50,ATGP50,1.0,9.0,ADZ,PROD183-ATGP50-26016 | Manual production
62609454-164b-4230-bfba-d484b4094dc6,PRODUCE,PROD184-FSAF50-26016,2026-01-19 14:22:37,01-16-2026,4 Seasons Antifreeze,FSAF50,1.0,4.0,ADZ,PROD184-FSAF50-26016 | Manual production
3861ff5e-e24c-49a9-ba9d-7d05bde494e5,PRODUCE,PROD185-ATWWPX-26016,2026-01-19 14:23:02,01-16-2026,PolarX W/Wash -20,ATWWPX,3.0,11.0,ADZ,PROD185-ATWWPX-26016 | Manual production
094f0905-508d-4589-ab0b-c5336831123f,PRODUCE,PROD186-ATGP50-26017,2026-01-19 14:23:24,01-17-2026,Green Power 50,ATGP50,1.0,9.0,ADZ,PROD186-ATGP50-26017 | Manual production
16899b59-9849-4458-ae8b-ffeb22c65e1f,PRODUCE,PROD187-ATWWPX-26017,2026-01-19 14:23:39,01-17-2026,PolarX W/Wash -20,ATWWPX,3.0,10.0,ADZ,PROD187-ATWWPX-26017 | Manual production
fe82a6a6-8775-4557-a86a-7310f346974f,PRODUCE,PROD188-ATWWPX-26019,2026-01-20 08:33:53,01-19-2026,PolarX W/Wash -20,ATWWPX,3.0,10.0,ADZ,PROD188-ATWWPX-26019 | Manual production
672a42eb-a6e8-4f9d-9dbb-67e628b181a4,PRODUCE,PROD189-ATWWFX-26019,2026-01-20 08:34:08,01-19-2026,FrostX W/Wash -30,ATWWFX,3.0,13.0,ADZ,PROD189-ATWWFX-26019 | Manual production
9445e71d-12c5-4c8e-8c3c-404178b0bdb6,PRODUCE,PROD190-ATGP50-26019,2026-01-20 08:34:26,01-19-2026,Green Power 50,ATGP50,1.0,8.0,ADZ,PROD190-ATGP50-26019 | Manual production
8af73aa2-9a4b-4a5c-a7f0-389a183aa119,PRODUCE,PROD191-PROAF50-26019,2026-01-20 08:34:45,01-19-2026,Propel 50,PROAF50,1.0,2.0,ADZ,PROD191-TBDPRP-26019 | Manual production
07eac57b-db54-4919-abd7-77a781bc45f9,PRODUCE,PROD192-FSMO53-26019,2026-01-20 08:35:01,01-19-2026,4 Seasons Oil 5W30,FSMO53,2.0,3.0,ADZ,PROD192-FSMO53-26019 | Manual production
df2e4317-eece-4665-a99c-ebb4e8413f72,PRODUCE,PROD193-ATWW55-26019,2026-01-20 08:38:15,01-19-2026,Drum W/Wash -20,ATWW55,4.0,4.0,ADZ,PROD193-ATWW55-26019 | Manual production
7f377787-1cf1-41fd-a93c-9fc34b2bde98,PRODUCE,PROD194-ATW305-26019,2026-01-20 08:38:29,01-19-2026,Drum W/Wash -30,ATW305,4.0,1.0,ADZ,PROD194-ATW305-26019 | Manual production
4cf2df0f-1b01-4d7b-ac5a-38c437e41b13,PRODUCE,PROD195-TBD-26019,2026-01-20 08:38:46,01-19-2026,Drum RV-100 Blue,TBD,4.0,1.0,ADZ,PROD195-TBD-26019 | Manual production
840d4fbe-1b52-48ae-817f-aca6ec258443,PRODUCE,PROD196-ATWWPX-26020,2026-01-21 10:04:21,01-20-2026,PolarX W/Wash -20,ATWWPX,3.0,6.0,ADZ,PROD196-ATWWPX-26020 | Manual production
872f9aa7-b69e-4eac-b0ae-e30516ed7c0e,PRODUCE,PROD197-ATWWFX-26020,2026-01-21 10:04:38,01-20-2026,FrostX W/Wash -30,ATWWFX,3.0,5.0,ADZ,PROD197-ATWWFX-26020 | Manual production
d56830c4-890b-4907-90c4-7217c9daeec6,PRODUCE,PROD198-ATGP50-26020,2026-01-21 10:04:58,01-20-2026,Green Power 50,ATGP50,1.0,8.0,ADZ,PROD198-ATGP50-26020 | Manual production
023c5f1b-a43a-46dc-8adb-d3c1a0a13f8a,PRODUCE,PROD199-ATRE506-26020,2026-01-21 10:05:15,01-20-2026,RV Antifreeze -50,ATRE506,3.0,8.0,ADZ,PROD199-ATRE506-26020 | Manual production
3378fc8b-89da-4461-84fc-70e0d0f474f9,PRODUCE,PROD200-FSMO13-26020,2026-01-21 10:05:32,01-20-2026,4 Seasons Oil 10W30,FSMO13,2.0,5.0,ADZ,PROD200-FSMO13-26020 | Manual production
bf1696aa-5cf6-4f50-89b1-fe66d2d06128,PRODUCE,PROD201-ATWWPX-26021,2026-01-25 20:35:22,01-21-2026,PolarX W/Wash -20,ATWWPX,3.0,20.0,adz,PROD201-ATWWPX-26021 | Manual production
12652c27-a398-4c94-b40d-c6e8e13e139e,PRODUCE,PROD202-ATGP50-26021,2026-01-25 20:37:01,01-21-2026,Green Power 50,ATGP50,1.0,26.0,adz,PROD202-ATGP50-26021 | Manual production
54157018-0ee2-4ae3-9730-5d6db8717ce6,PRODUCE,PROD203-ATGLP50-26021,2026-01-25 20:37:34,01-21-2026,Global Power 50,ATGLP50,1.0,1.0,adz,PROD203-ATGLP50-26021 | Manual production
2169720b-00be-417b-b63a-f6efb1cc35d5,PRODUCE,PROD204-ATWWPX-26022,2026-01-25 20:39:01,01-22-2026,PolarX W/Wash -20,ATWWPX,3.0,21.0,adz,PROD204-ATWWPX-26022 | Manual production
0b0d099b-9ae0-4b3e-88d3-4c7d5d119395,PRODUCE,PROD205-ATGP50-26022,2026-01-25 20:39:40,01-22-2026,Green Power 50,ATGP50,1.0,27.0,adz,PROD205-ATGP50-26022 | Manual production
e952bd8c-75c4-405b-9f5a-88b7697746b4,PRODUCE,PROD206-ATWW55-26022,2026-01-25 20:40:08,01-22-2026,Drum W/Wash -20,ATWW55,4.0,6.0,Adz,PROD206-ATWW55-26022 | Manual production
cd8ca246-c4ac-4e54-b4db-3675d16879f9,PRODUCE,PROD207-ATGP50-26023,2026-01-25 20:40:54,01-23-2026,Green Power 50,ATGP50,1.0,23.0,adz,PROD207-ATGP50-26023 | Manual production
dcf3e4f1-0245-4e4f-95fb-fe55f9a514b2,PRODUCE,PROD208-ATWWPX-26023,2026-01-25 20:41:24,01-23-2026,PolarX W/Wash -20,ATWWPX,3.0,16.0,adz,PROD208-ATWWPX-26023 | Manual production
49129d1d-a590-4827-82be-60f2d5094477,PRODUCE,PROD209-ATWW55-26023,2026-01-25 20:41:50,01-23-2026,Drum W/Wash -20,ATWW55,4.0,3.0,adz,PROD209-ATWW55-26023 | Manual production
9d09db31-98bb-4cd6-8bbd-839faf510f7b,PRODUCE,PROD210-ATWWPX-26024,2026-01-25 20:42:22,01-24-2026,PolarX W/Wash -20,ATWWPX,3.0,11.0,adz,PROD210-ATWWPX-26024 | Manual production
a3e54f83-fe41-426b-b67a-77767313f6bd,PRODUCE,PROD211-ATGP50-26024,2026-01-25 20:43:17,01-24-2026,Green Power 50,ATGP50,1.0,15.0,adz,PROD211-ATGP50-26024 | Manual production
670485ae-710d-4411-977e-5e95f047e4a2,PRODUCE,PROD212-ATWWPX-26026,2026-01-29 21:51:18,01-26-2026,PolarX W/Wash -20,ATWWPX,3.0,18.0,ADZ,PROD212-ATWWPX-26026 | Manual production
de73d064-b936-47ee-90ca-08fb89a9f032,PRODUCE,PROD213-FSAF50-26026,2026-01-29 21:53:12,01-26-2026,4 Seasons Antifreeze,FSAF50,1.0,6.0,ADZ,PROD213-FSAF50-26026 | Manual production
7000ad9e-cf2b-47b0-8a36-0a29452205f9,PRODUCE,PROD214-TBDSIMPLYG-26026,2026-01-29 21:54:32,01-26-2026,Simply Green,TBDSIMPLYG,1.0,12.0,ADZ,PROD214-TBDSIMPLYG-26026 | Manual production
a90055bd-459c-40b8-8816-47d7192fcc12,PRODUCE,PROD215-TBDSIMPLYC-26026,2026-01-29 21:56:54,01-26-2026,Simply Cool,TBDSIMPLYC,1.0,6.0,ADZ,PROD215-TBDSIMPLYC-26026 | Manual production
e4c5a267-c4d0-4479-bd7a-dfc99a0bfa09,PRODUCE,PROD216-ATWWPX-26027,2026-01-29 21:57:22,01-27-2026,PolarX W/Wash -20,ATWWPX,3.0,18.0,ADZ,PROD216-ATWWPX-26027 | Manual production
2505de93-f848-48e2-aab9-58bb3c2ca828,PRODUCE,PROD217-FSAF50-26027,2026-01-29 21:57:49,01-27-2026,4 Seasons Antifreeze,FSAF50,1.0,26.0,ADZ,PROD217-FSAF50-26027 | Manual production
446936e9-3268-441a-97d6-9389457a6117,PRODUCE,PROD218-TBDDRUMPG-26027,2026-01-29 22:09:12,01-27-2026,Drums PG,TBDDRUMPG,4.0,1.5,ADZ,PROD218-TBDDRUMPG-26027 | Manual production
7a11dcc7-8379-4379-89ee-4f4159067139,PRODUCE,PROD219-TOTERV100TBD-26027,2026-01-29 22:38:35,01-27-2026,TOTE RV-100 Blue,TOTERV100TBD,4.0,6.0,ADZ,PROD219-TOTERV100TBD-26027 | Manual production
0613f410-75bc-4654-be16-874c10f2eab4,PRODUCE,PROD220-TBDTTRV50P-26027,2026-01-29 22:39:17,01-27-2026,Totes RV-50 Pink,TBDTTRV50P,4.0,0.5,ADZ,PROD220-TBDTTRV50P-26027 | Manual production
31b4f9ec-d4a8-4fc5-8a98-22c2712ae2f2,PRODUCE,PROD221-ATWWPX-26028,2026-01-29 22:40:51,01-28-2026,PolarX W/Wash -20,ATWWPX,3.0,19.0,ADZ,PROD221-ATWWPX-26028 | Manual production
16538c93-9871-4f4b-9d60-17885e69dedd,PRODUCE,PROD222-FSAF50-26028,2026-01-29 22:41:24,01-28-2026,4 Seasons Antifreeze,FSAF50,1.0,27.0,ADZ,PROD222-FSAF50-26028 | Manual production
f7cc2fab-999a-4590-a0a8-9e144a9420d6,PRODUCE,PROD223-ATRE501-26028,2026-01-29 22:41:55,01-28-2026,Drum RV-50 Pink,ATRE501,4.0,4.0,ADZ,PROD223-ATRE501-26028 | Manual production
37b388b9-635a-46bf-962c-16be0f1881f8,PRODUCE,PROD224-ATWWPX-26029,2026-01-29 22:42:43,01-29-2026,PolarX W/Wash -20,ATWWPX,3.0,8.0,ADZ,PROD224-ATWWPX-26029 | Manual production
26680f2f-7ccb-4574-95ac-704f5aa235d1,PRODUCE,PROD225-FSAF50-26029,2026-01-29 22:43:04,01-29-2026,4 Seasons Antifreeze,FSAF50,1.0,2.0,ADZ,PROD225-FSAF50-26029 | Manual production
e46b01c8-cfc1-4c3f-ab18-11d97662e3d2,PRODUCE,PROD226-ATGP50-26029,2026-01-29 22:45:05,01-29-2026,Green Power 50,ATGP50,1.0,20.0,ADZ,PROD226-ATGP50-26029 | Manual production
7461de48-b149-4870-a232-0b68287abfa1,PRODUCE,PROD227-ATWWPX-26030,2026-01-31 16:52:48,01-30-2026,PolarX W/Wash -20,ATWWPX,3.0,12.0,ADZ,PROD227-ATWWPX-26030 | Manual production
51bf12c4-4da8-46e9-b046-a09c9718d532,PRODUCE,PROD228-ATCP50-26030,2026-01-31 16:53:18,01-30-2026,Cool Power 50,ATCP50,1.0,14.0,ADZ,PROD228-ATCP50-26030 | Manual production
9e0ff37e-106f-4f1a-bd6e-b29bfb52c83e,PRODUCE,PROD229-ATWW55-26030,2026-01-31 16:53:38,01-30-2026,Drum W/Wash -20,ATWW55,4.0,2.0,ADZ,PROD229-ATWW55-26030 | Manual production
bfb251ad-bca7-491d-b583-d945c09d8f90,PRODUCE,PROD230-ATGP50-26030,2026-01-31 16:53:55,01-30-2026,Green Power 50,ATGP50,1.0,5.0,ADZ,PROD230-ATGP50-26030 | Manual production
d322e561-fc42-4572-9af5-d2e745baa008,PRODUCE,PROD231-ATWWTX-26031,2026-01-31 16:54:53,01-31-2026,TotalX W/Wash,ATWWTX,3.0,4.0,ADZ,PROD231-TBD-26031 | Manual production
97844f14-9b70-4508-bd64-f684286c1c60,PRODUCE,PROD232-ATWWPX-26033,2026-02-03 09:55:39,02-02-2026,PolarX W/Wash -20,ATWWPX,3.0,3.0,ADZ,PROD232-ATWWPX-26033 | Manual production
2e83f314-30e9-4ca9-a308-1625b7b6595e,PRODUCE,PROD233-ATWWFX-26033,2026-02-03 09:55:53,02-02-2026,FrostX W/Wash -30,ATWWFX,3.0,12.0,ADZ,PROD233-ATWWFX-26033 | Manual production
e2009b94-723f-4024-a5b2-50355e952259,PRODUCE,PROD234-FSMO13-26033,2026-02-03 09:56:06,02-02-2026,4 Seasons Oil 10W30,FSMO13,2.0,2.0,ADZ,PROD234-FSMO13-26033 | Manual production
9434dfec-7765-4a07-a344-03835a1c5f37,PRODUCE,PROD235-ATGP50-26033,2026-02-03 09:56:21,02-02-2026,Green Power 50,ATGP50,1.0,24.0,ADZ,PROD235-ATGP50-26033 | Manual production
e00043d3-acbc-4cf1-a615-401389c9d572,PRODUCE,PROD236-ATWWFX-26034,2026-02-04 08:50:23,02-03-2026,FrostX W/Wash -30,ATWWFX,3.0,20.0,ADZ,PROD236-ATWWFX-26034 | Manual production
3cdcd2ec-8b40-4440-afa0-475094df5764,PRODUCE,PROD237-ATGP50-26034,2026-02-04 08:50:37,02-03-2026,Green Power 50,ATGP50,1.0,24.0,ADZ,PROD237-ATGP50-26034 | Manual production
fdcdecdc-7cd6-4f2f-af66-3996e6a8da19,PRODUCE,PROD238-ATW305-26034,2026-02-04 08:50:51,02-03-2026,Drum W/Wash -30,ATW305,4.0,1.5,AD,PROD238-ATW305-26034 | Manual production
2ece4ce8-6686-4041-bb5d-d2cbd3b93eda,PRODUCE,PROD239-ATWW55-26034,2026-02-04 08:51:04,02-03-2026,Drum W/Wash -20,ATWW55,4.0,2.0,ADZ,PROD239-ATWW55-26034 | Manual production
a7e4e1fe-97e5-447b-8542-92e6664ea8c2,PRODUCE,PROD240-ATWWFX-26035,2026-02-05 12:48:42,02-04-2026,FrostX W/Wash -30,ATWWFX,3.0,12.0,ADZ,PROD240-ATWWFX-26035 | Manual production
04db5b56-d9e0-46b6-a95b-b53d48ed7ada,PRODUCE,PROD241-ATWWPX-26035,2026-02-05 12:49:00,02-04-2026,PolarX W/Wash -20,ATWWPX,3.0,7.0,ADZ,PROD241-ATWWPX-26035 | Manual production
4798d5d1-7f3b-4196-a825-b6e2b8e817bb,PRODUCE,PROD242-ATGP50-26035,2026-02-05 12:49:11,02-04-2026,Green Power 50,ATGP50,1.0,16.0,ADZ,PROD242-ATGP50-26035 | Manual production
08d2f9b2-db4c-4448-86e5-873c91cf352f,PRODUCE,PROD243-ATGPFS-26035,2026-02-05 12:50:27,02-04-2026,Green Power 100,ATGPFS,1.0,1.0,ADZ,PROD243-TBD-26035 | Manual production
3dd3a9ce-54f8-4880-bd79-cfacbe546b4e,PRODUCE,PROD244-ATGLPFS-26035,2026-02-05 12:50:52,02-04-2026,Global Power 100,ATGLPFS,1.0,1.0,ADZ,PROD244-ATGLPFS-26035 | Manual production
896f975d-51e3-478c-8178-13df8c630ff9,PRODUCE,PROD245-ATWW55-26035,2026-02-05 12:51:05,02-04-2026,Drum W/Wash -20,ATWW55,4.0,4.0,ADZ,PROD245-ATWW55-26035 | Manual production
4d126154-aec4-4a1e-88a9-d4c734afb047,PRODUCE,PROD246-ATWWPX-26036,2026-02-06 10:52:34,02-05-2026,PolarX W/Wash -20,ATWWPX,3.0,21.0,ADZ,PROD246-ATWWPX-26036 | Manual production
733a51ac-42fe-4d24-b8d7-adfe55bee025,PRODUCE,PROD247-ATGP50-26036,2026-02-06 10:52:48,02-05-2026,Green Power 50,ATGP50,1.0,23.0,ADZ,PROD247-ATGP50-26036 | Manual production
02c60db4-9d8e-4be9-b4e0-83c29e56216b,PRODUCE,PROD248-ATAB55-26036,2026-02-06 10:53:05,02-05-2026,Drum DEF,ATAB55,4.0,1.0,ADZ,PROD248-TBD-26036 | Manual production
3e6ebcf0-1b66-475f-876f-3cffc5209449,PRODUCE,PROD249-ATWW55-26036,2026-02-06 10:53:19,02-05-2026,Drum W/Wash -20,ATWW55,4.0,6.0,ADZ,PROD249-ATWW55-26036 | Manual production
dbfc0ac8-8e14-4f46-9f94-2bbf43715e6e,PRODUCE,PROD250-ATWWPX-26037,2026-02-09 13:05:00,02-06-2026,PolarX W/Wash -20,ATWWPX,3.0,18.0,ADZ,PROD250-ATWWPX-26037 | Manual production
6e2b19bc-54b0-4de2-8b9b-d955c071e120,PRODUCE,PROD251-FSAF50-26037,2026-02-09 13:05:13,02-06-2026,4 Seasons Antifreeze,FSAF50,1.0,24.0,ADZ,PROD251-FSAF50-26037 | Manual production
65b9cd6e-8676-4b55-8e5f-b9f68de4b4f9,PRODUCE,PROD252-TBD-26037,2026-02-09 13:06:06,02-06-2026,Drum RV-100 Blue,TBD,4.0,1.0,ADZ,PROD252-TBD-26037 | Manual production
6b50613f-7feb-4686-8ab0-5406f5148039,PRODUCE,PROD253-ATWW55-26037,2026-02-09 13:06:19,02-06-2026,Drum W/Wash -20,ATWW55,4.0,3.0,ADZ,PROD253-ATWW55-26037 | Manual production
c9ab9f4f-19da-40b6-a6c0-665116a6063e,PRODUCE,PROD254-ATWWPX-26038,2026-02-09 13:07:02,02-07-2026,PolarX W/Wash -20,ATWWPX,3.0,11.0,AD,PROD254-ATWWPX-26038 | Manual production
dc60969f-cccd-4552-8845-716645b9e31f,PRODUCE,PROD255-FSAF50-26038,2026-02-09 13:07:12,02-07-2026,4 Seasons Antifreeze,FSAF50,1.0,14.0,ADZ,PROD255-FSAF50-26038 | Manual production
b6d14753-23ea-49ed-8048-e96ccf2edf14,PRODUCE,PROD256-TBDFLTPWRDRM-26037,2026-02-09 13:08:48,02-06-2026,Drum Fleet Power,TBDFLTPWRDRM,4.0,0.5,ADZ,PROD256-TBDFLTPWRDRM-26037 | Manual production
9c085060-7ce8-4b9b-aba5-188d91033e12,PRODUCE,PROD257-ATWWPX-26040,2026-02-10 09:09:27,02-09-2026,PolarX W/Wash -20,ATWWPX,3.0,6.0,ADZ,PROD257-ATWWPX-26040 | Manual production
69339a78-80c9-46bf-ad9d-e6512d88e0b7,PRODUCE,PROD258-FSAF50-26040,2026-02-10 09:09:46,02-09-2026,4 Seasons Antifreeze,FSAF50,1.0,8.0,ADZ,PROD258-FSAF50-26040 | Manual production
3bf9603c-9785-4579-970d-3e6797200dbf,PRODUCE,PROD259-ATGP50-26040,2026-02-10 09:10:04,02-09-2026,Green Power 50,ATGP50,1.0,2.0,ADZ,PROD259-ATGP50-26040 | Manual production
e48d73e7-bc83-44af-b099-f9ee6b8d8eba,PRODUCE,PROD260-ATWW55-26040,2026-02-10 09:10:23,02-09-2026,Drum W/Wash -20,ATWW55,4.0,21.0,ADZ,PROD260-ATWW55-26040 | Manual production
588243eb-9aff-4ead-b689-5370b93fd5c4,PRODUCE,PROD261-ATW305-26040,2026-02-10 09:10:53,02-09-2026,Drum W/Wash -30,ATW305,4.0,1.0,ADZ,PROD261-ATW305-26040 | Manual production
5b2610e0-bd90-4d12-ad22-849f08298f51,PRODUCE,PROD262-ATWWPX-26041,2026-02-12 22:32:06,02-10-2026,PolarX W/Wash -20,ATWWPX,3.0,4.0,ADZ,PROD262-ATWWPX-26041 | Manual production
5d0caee6-9816-4a18-b8cf-055f059e36c5,PRODUCE,PROD263-ATGP50-26041,2026-02-12 22:32:27,02-10-2026,Green Power 50,ATGP50,1.0,13.0,ADEZ,PROD263-ATGP50-26041 | Manual production
ada588b6-46c5-4ed7-8009-eacae4a9862a,PRODUCE,PROD264-ATWW55-26041,2026-02-12 22:33:32,02-10-2026,Drum W/Wash -20,ATWW55,4.0,1.0,ADZ,PROD264-ATWW55-26041 | Manual production
73abc44a-0c59-4fcb-b715-1755051cce89,PRODUCE,PROD265-Q1WWP5-26041,2026-02-16 15:53:09,02-10-2026,Quality DEF W/Wash -20,Q1WWP5,3.0,5.0,ADZ,PROD265-Q1WWP5-26041 | Manual production
d8989944-c3a5-484c-8c1b-884a28b6f318,PRODUCE,PROD266-Q1WWZ5-26041,2026-02-16 15:53:57,02-10-2026,Drum Quality DEF W/Wash 0,Q1WWZ5,4.0,2.0,ADZ,PROD266-Q1WWZ5-26041 | Manual production
569f382b-cca5-4891-80f1-44100cffca89,PRODUCE,PROD267-Q1WWZ5-275-26041,2026-02-16 15:54:18,02-10-2026,Tote Quality DEF W/Wash 0,Q1WWZ5-275,4.0,2.0,ADZ,PROD267-Q1WWZ5-275-26041 | Manual production
0147104b-3386-4a70-be1e-78d610cfe2de,PRODUCE,PROD268-ATGP50-26042,2026-02-16 15:54:46,02-11-2026,Green Power 50,ATGP50,1.0,11.0,ADZ,PROD268-ATGP50-26042 | Manual production
63845f40-b21d-46c0-9e22-3f19f7c29a26,PRODUCE,PROD269-FSMO53-26042,2026-02-16 15:55:02,02-11-2026,4 Seasons Oil 5W30,FSMO53,2.0,1.0,ADZ,PROD269-FSMO53-26042 | Manual production
2e367c2c-ff0e-4c56-9a77-603529497bad,PRODUCE,PROD270-Q1WWP5-26042,2026-02-16 15:55:16,02-11-2026,Quality DEF W/Wash -20,Q1WWP5,3.0,5.0,ADZ,PROD270-Q1WWP5-26042 | Manual production
974eaa2e-46f6-48f4-917d-5a04b43b2f8e,PRODUCE,PROD271-ATWW55-26042,2026-02-16 15:55:35,02-11-2026,Drum W/Wash -20,ATWW55,4.0,2.0,ADZ,PROD271-ATWW55-26042 | Manual production
6fac3e0c-b505-4ee9-8cd5-ab25189ac46b,PRODUCE,PROD272-ATGP50-26043,2026-02-16 15:56:02,02-12-2026,Green Power 50,ATGP50,1.0,26.0,ADZ,PROD272-ATGP50-26043 | Manual production
ca55a6c7-d131-4f81-89bc-69eca471603e,PRODUCE,PROD273-ATWWPX-26043,2026-02-16 15:56:15,02-12-2026,PolarX W/Wash -20,ATWWPX,3.0,14.0,ADZ,PROD273-ATWWPX-26043 | Manual production
d27ff20d-886e-4134-a566-d1b61ecc8ded,PRODUCE,PROD274-Q1WWZX-26043,2026-02-16 15:56:31,02-12-2026,Quality DEF W/Wash 0,Q1WWZX,3.0,6.0,ADZ,PROD274-Q1WWZX-26043 | Manual production
7d8b9b0e-ef5c-44ed-9118-e8be8b608c52,PRODUCE,PROD275-FS5530-26043,2026-02-16 15:56:51,02-12-2026,Drum Oil 10W30,FS5530,4.0,0.25,ADZ,PROD275-TBD-26043 | Manual production
8d83876e-3573-4c5b-819f-0cfc9c4b0d47,PRODUCE,PROD276-ATGP50-26044,2026-02-16 15:57:29,02-13-2026,Green Power 50,ATGP50,1.0,26.0,ADZ,PROD276-ATGP50-26044 | Manual production
50ab7bd4-3e6a-4e65-b1b2-c0c15e94d746,PRODUCE,PROD277-ATWWPX-26044,2026-02-16 15:57:45,02-13-2026,PolarX W/Wash -20,ATWWPX,3.0,19.0,ADZ,PROD277-ATWWPX-26044 | Manual production
72900d84-09c4-4c56-ab4d-eb190e15d2bd,PRODUCE,PROD278-ATWWPX-26045,2026-02-16 15:58:06,02-14-2026,PolarX W/Wash -20,ATWWPX,3.0,11.0,ADZ,PROD278-ATWWPX-26045 | Manual production
10963014-3b23-48c1-b9ff-0b9e29fb25e0,PRODUCE,PROD279-ATWW55-26045,2026-02-16 15:58:33,02-14-2026,Drum W/Wash -20,ATWW55,4.0,7.0,AD,PROD279-ATWW55-26045 | Manual production
5911b4ef-718d-460e-bc05-0175d490cc5e,PRODUCE,PROD280-Q1WWZ5-26045,2026-02-16 15:58:51,02-14-2026,Drum Quality DEF W/Wash 0,Q1WWZ5,4.0,2.0,ADZ,PROD280-Q1WWZ5-26045 | Manual production
5f5cc667-256a-4302-9d07-9447f9d6c26d,PRODUCE,PROD281-ATW305-26045,2026-02-16 15:59:03,02-14-2026,Drum W/Wash -30,ATW305,4.0,1.25,ADZ,PROD281-ATW305-26045 | Manual production
56316372-8850-4fb0-b074-8ef25152d2dd,PRODUCE,PROD282-ATGP50-26047,2026-02-19 08:49:06,02-16-2026,Green Power 50,ATGP50,1.0,20.0,ADZ,PROD282-ATGP50-26047 | Manual production
634abb0f-e807-422d-b7d1-92f4be49e191,PRODUCE,PROD283-ATWWBX-26047,2026-02-19 08:49:21,02-16-2026,BugX W/Wash +32,ATWWBX,3.0,10.0,ADZ,PROD283-ATWWBX-26047 | Manual production
63e4b540-03ad-4140-b2ce-a92947d60aad,PRODUCE,PROD284-ATWWPX-26047,2026-02-19 08:50:15,02-16-2026,PolarX W/Wash -20,ATWWPX,3.0,4.0,ADZ,PROD284-ATWWPX-26047 | Manual production
c984a057-8f61-4c00-80ad-a8ac777db941,PRODUCE,PROD285-ATWW55-26047,2026-02-19 08:50:31,02-16-2026,Drum W/Wash -20,ATWW55,4.0,1.0,ADZ,PROD285-ATWW55-26047 | Manual production
42b96969-ae2c-4148-ae3a-72cb8c89e9ca,PRODUCE,PROD286-SPCD55G-26047,2026-02-19 08:50:51,02-16-2026,Drum Super Purple Cleaner & Degreaser,SPCD55G,4.0,4.0,ADZ,PROD286-SPCD55G-26047 | Manual production
9bbd3659-2028-46f9-a561-b362ddc47ee4,PRODUCE,PROD287-SPCD-TT-26047,2026-02-19 08:51:02,02-16-2026,Tote Super Purple Cleaner & Degreaser,SPCD-TT,4.0,2.0,ADZ,PROD287-SPCD-TT-26047 | Manual production
7abc02f6-7d5a-4d98-a725-7f3814ca2bb2,PRODUCE,PROD288-ATGP50-26048,2026-02-19 08:51:33,02-17-2026,Green Power 50,ATGP50,1.0,22.0,ADZ,PROD288-ATGP50-26048 | Manual production
612dde99-1988-4294-a99a-eb976e3d8565,PRODUCE,PROD289-ATWWPX-26048,2026-02-19 08:51:59,02-17-2026,PolarX W/Wash -20,ATWWPX,3.0,19.0,ADZ,PROD289-ATWWPX-26048 | Manual production
52b0d914-aa4f-4980-bf8d-5e1beeb95062,PRODUCE,PROD290-ATWW55-26048,2026-02-19 08:52:11,02-17-2026,Drum W/Wash -20,ATWW55,4.0,6.0,ADZ,PROD290-ATWW55-26048 | Manual production
0cf12feb-5836-482a-9d03-ed7433652849,PRODUCE,PROD291-SPCD55G-26048,2026-02-19 08:52:22,02-17-2026,Drum Super Purple Cleaner & Degreaser,SPCD55G,4.0,4.0,ADZ,PROD291-SPCD55G-26048 | Manual production
44ebbb49-1d9a-4baa-bc06-cb1ecab7c282,PRODUCE,,2026-02-19 08:53:15,02-18-2026,4 Seasons Antifreeze,FSAF50,1.0,18.0,ADZ,PROD1-FSAF50-26049 | Labels used: 1-18 | Voided: 7
c3902e2a-f4bc-4fc4-9550-547d520537e4,PRODUCE,,2026-02-19 08:53:57,02-18-2026,PolarX W/Wash -20,ATWWPX,3.0,20.0,ADZ,PROD3-ATWWPX-26049 | Labels used: 1-20 | Voided: 5
52da7de7-cbda-48c8-9eca-bae310a92260,PRODUCE,,2026-02-19 08:54:07,02-18-2026,Global Power 50,ATGLP50,1.0,4.0,ADZ,PROD1-ATGLP50-26049 | Labels used: 1-4 | Voided: 1
e8da7a69-840d-44ec-8bcc-27e1658ebf21,PRODUCE,PROD295-ATWW55-26049,2026-02-19 08:54:26,02-18-2026,Drum W/Wash -20,ATWW55,4.0,5.0,ADZ,PROD295-ATWW55-26049 | Manual production
7bfece94-8e89-4925-9acb-deff8a2a6826,PRODUCE,PROD296-ATGLPFS-55-26049,2026-02-23 09:10:17,02-18-2026,Drum Global Power 100,ATGLPFS-55,4.0,0.5,ADZ,PROD296-ATGLPFS-55-26049 | Manual production
b53e64ba-3d42-49e2-b311-4ec20032de72,PRODUCE,,2026-02-23 09:11:10,02-19-2026,4 Seasons Antifreeze,FSAF50,1.0,16.0,ADZ,PROD1-FSAF50-26050 | Labels used: 1-16 | Voided: 4
b808eb89-0927-4b41-88f3-7e540401f0e6,PRODUCE,,2026-02-23 09:11:29,02-19-2026,Green Power 50,ATGP50,1.0,7.0,ADZ,PROD1-ATGP50-26050 | Labels used: 1-7 | Voided: 8
c03eb2bf-1d93-45c5-a07d-62a4afa06c77,PRODUCE,,2026-02-23 09:11:43,02-19-2026,PolarX W/Wash -20,ATWWPX,3.0,20.0,ADZ,PROD3-ATWWPX-26050 | Labels used: 1-20 | Voided: 3
d8e7f034-9299-4da8-b71b-a4898ccf4669,PRODUCE,PROD300-ATGP50-55-26050,2026-02-23 09:12:05,02-19-2026,Drum Green Power -34,ATGP50-55,4.0,0.25,ADZ,PROD300-ATGP50-55-26050 | Manual production
4278899a-7511-4b57-be77-7cf2cb26bc63,PRODUCE,,2026-02-23 09:12:32,02-20-2026,Green Power 50,ATGP50,1.0,17.0,ADZ,PROD1-ATGP50-26051 | Labels used: 1-17 | Voided: 8
0a0f350e-0756-4490-aec4-491374a52c1d,PRODUCE,,2026-02-23 09:12:44,02-20-2026,PolarX W/Wash -20,ATWWPX,3.0,19.0,ADZ,PROD3-ATWWPX-26051 | Labels used: 1-19 | Voided: 4
010c4756-aaf5-49d1-bcb7-9e396ef19119,PRODUCE,PROD303-ATWW55-26051,2026-02-23 09:13:07,02-20-2026,Drum W/Wash -20,ATWW55,4.0,1.0,ADZ,PROD303-ATWW55-26051 | Manual production
d9d06f87-11ba-4008-a538-1a2579fd21f8,PRODUCE,PROD304-FSMO52-26051,2026-02-23 09:13:30,02-20-2026,4 Seasons Oil 5W20,FSMO52,2.0,1.0,ADZ,PROD304-FSMO52-26051 | Manual production
216d1b13-45bc-4743-9b47-bb5b9bc2b806,PRODUCE,PROD305-FSMO53-26051,2026-02-23 09:13:47,02-20-2026,4 Seasons Oil 5W30,FSMO53,2.0,1.0,ADZ,PROD305-FSMO53-26051 | Manual production
aa73371a-a918-4338-92b1-af1883f69583,PRODUCE,PROD306-ATWWPX-26052,2026-02-23 09:14:46,02-21-2026,PolarX W/Wash -20,ATWWPX,3.0,7.0,ADZ,PROD306-ATWWPX-26052 | Manual production
d0125e6c-0ff9-4426-a3f8-cabefa2237dc,PRODUCE,PROD307-ATGP50-26054,2026-03-10 12:58:45,02-23-2026,Green Power 50,ATGP50,1.0,14.0,ADZ,PROD307-ATGP50-26054 | Manual production
d391688e-6839-4da3-943d-2ca076634fee,PRODUCE,,2026-03-10 12:59:06,02-23-2026,PolarX W/Wash -20,ATWWPX,3.0,9.0,ADZ,PROD3-ATWWPX-26054 | Labels used: 1-9 | Voided: 13
658698f9-ef10-43c9-898c-e4ebdf156503,PRODUCE,PROD309-ATAB55-26054,2026-03-10 12:59:22,02-23-2026,Drum DEF,ATAB55,4.0,2.0,ADZ,PROD309-TBD-26054 | Manual production
d1470803-b313-4dd9-93ac-f7b69c2378d7,PRODUCE,PROD310-ATGP50-26055,2026-03-10 12:59:47,02-24-2026,Green Power 50,ATGP50,1.0,16.0,ADZ,PROD310-ATGP50-26055 | Manual production
5b386700-9373-430b-87c4-1615e8601881,PRODUCE,PROD311-ATWWPX-26055,2026-03-10 13:00:04,02-24-2026,PolarX W/Wash -20,ATWWPX,3.0,5.0,ADZ,PROD311-ATWWPX-26055 | Manual production
12be69de-5348-4832-a1be-8d8ecce5a39b,PRODUCE,PROD312-FSMO52-26055,2026-03-10 13:00:21,02-24-2026,4 Seasons Oil 5W20,FSMO52,2.0,2.0,ADZ,PROD312-FSMO52-26055 | Manual production
55567c1e-5b2e-46ad-b657-1065b142cac3,PRODUCE,PROD313-FSMO53-26055,2026-03-10 13:00:39,02-24-2026,4 Seasons Oil 5W30,FSMO53,2.0,1.0,ADZ,PROD313-FSMO53-26055 | Manual production
0fc5d270-1625-441a-b61f-076e3b8a4828,PRODUCE,PROD314-CHLD35-GN-26056,2026-03-10 13:01:31,02-25-2026,Choice Laundry Detergent Gain Type 3.5 Gal,CHLD35-GN,4.0,2.0,ADZ,PROD314-CHLD35-GN-26056 | Manual production
9e4b6c48-dcb0-443c-bea4-2ae37b22bf24,PRODUCE,PROD315-FSMO53-26056,2026-03-10 13:01:54,02-25-2026,4 Seasons Oil 5W30,FSMO53,2.0,1.0,ADZ,PROD315-FSMO53-26056 | Manual production
e8616059-8c10-4ff7-b50b-17a820e935b3,PRODUCE,PROD316-CHLD35-GN-26057,2026-03-10 13:02:21,02-26-2026,Choice Laundry Detergent Gain Type 3.5 Gal,CHLD35-GN,4.0,2.0,ADZ,PROD316-CHLD35-GN-26057 | Manual production
62dd9730-d0ba-4c04-8535-5bfa3409fb27,PRODUCE,PROD317-RSW321-26057,2026-03-31 09:18:24,02-26-2026,Resolute +32 Bug Wash,RSW321,3.0,8.0,adz,PROD317-RSW321-26057 | Manual production
e49d0ac6-d281-4aa3-9195-866b1202210c,PRODUCE,PROD318-CHLD35-GN-26058,2026-03-31 09:57:46,02-27-2026,Choice Laundry Detergent Gain Type 3.5 Gal,CHLD35-GN,4.0,1.0,adz,PROD318-CHLD35-GN-26058 | Manual production
ec2a9365-7e06-4228-890c-1bdacd5d511a,PRODUCE,PROD319-RSW321-26058,2026-03-31 09:59:49,02-27-2026,Resolute +32 Bug Wash,RSW321,3.0,13.0,adz,PROD319-RSW321-26058 | Manual production
1f933d9f-f583-49da-9a16-40b4563c7d6d,PRODUCE,PROD320-ATWW55-26059,2026-03-31 10:00:32,02-28-2026,Drum W/Wash -20,ATWW55,4.0,4.0,adz,PROD320-ATWW55-26059 | Manual production
a66313cf-7c79-44f8-aee3-647c4e8ddf70,PRODUCE,PROD321-ATGP50-55-26059,2026-03-31 10:00:58,02-28-2026,Drum Green Power -34,ATGP50-55,4.0,1.0,adz,PROD321-ATGP50-55-26059 | Manual production
879b2731-b952-4e29-8cb3-e9596423caf0,PRODUCE,PROD322-TBDFLTPWRDRM-26059,2026-03-31 10:01:50,02-28-2026,Drum Fleet Power,TBDFLTPWRDRM,4.0,0.75,adz,PROD322-TBDFLTPWRDRM-26059 | Manual production
020b7a7a-11ca-4231-8729-6b887063b090,PRODUCE,PROD323-ATRE506-26061,2026-03-31 10:02:28,03-02-2026,RV Antifreeze -50,ATRE506,3.0,13.0,adz,PROD323-ATRE506-26061 | Manual production
86176c71-b853-4c7a-93aa-692bf9cbcfb2,PRODUCE,PROD324-FSMO52-26061,2026-03-31 10:02:47,03-02-2026,4 Seasons Oil 5W20,FSMO52,2.0,2.0,adz,PROD324-FSMO52-26061 | Manual production
54f211c5-261c-417c-9bdd-65352cee52b3,PRODUCE,PROD325-RSW321-26061,2026-03-31 10:03:08,03-02-2026,Resolute +32 Bug Wash,RSW321,3.0,1.0,adz,PROD325-RSW321-26061 | Manual production
93b5bc5a-89f3-450b-b523-f96b21169373,PRODUCE,PROD326-RSW301-26062,2026-03-31 10:04:08,03-03-2026,Resolute -30 W/Wash,RSW301,3.0,27.0,adz,PROD326-RSW301-26062 | Manual production
1a1bf39d-9590-45ba-a5c3-d3deed8cd0fa,PRODUCE,PROD327-RSW301-26063,2026-03-31 10:04:44,03-04-2026,Resolute -30 W/Wash,RSW301,3.0,30.0,adz,PROD327-RSW301-26063 | Manual production
3085dbea-f951-457f-a205-bb27fa734904,PRODUCE,PROD328-RSW201-26064,2026-03-31 10:05:04,03-05-2026,Resolute -20 W/Wash,RSW201,3.0,17.0,adz,PROD328-RSW201-26064 | Manual production
b587458c-f7a4-46fc-988b-2aa08aacf72d,PRODUCE,PROD329-RSW201-26065,2026-03-31 10:05:30,03-06-2026,Resolute -20 W/Wash,RSW201,3.0,32.0,adz,PROD329-RSW201-26065 | Manual production
3af0aeca-4da0-48d5-8425-ebce9472e4d4,PRODUCE,PROD330-RSW201-26066,2026-03-31 10:05:56,03-07-2026,Resolute -20 W/Wash,RSW201,3.0,15.0,adz,PROD330-RSW201-26066 | Manual production
164703ee-4eba-42ab-b944-d0f8ba695b02,PRODUCE,PROD331-FSMO53-26066,2026-03-31 10:06:13,03-07-2026,4 Seasons Oil 5W30,FSMO53,2.0,1.0,adz,PROD331-FSMO53-26066 | Manual production
8b75cff8-0d2f-42e7-9027-deece5476077,PRODUCE,PROD332-TBDFLTPWRDRM-26066,2026-03-31 10:06:29,03-07-2026,Drum Fleet Power,TBDFLTPWRDRM,4.0,0.5,adz,PROD332-TBDFLTPWRDRM-26066 | Manual production
b6e723d8-166e-4901-84c1-559e12de9b93,PRODUCE,PROD333-RSW301-26068,2026-03-31 10:06:48,03-09-2026,Resolute -30 W/Wash,RSW301,3.0,19.0,adz,PROD333-RSW301-26068 | Manual production
4dd80c0f-68dd-445a-9ec5-b1a681054bb7,PRODUCE,PROD334-FSMO13-26068,2026-03-31 10:07:10,03-09-2026,4 Seasons Oil 10W30,FSMO13,2.0,1.0,adz,PROD334-FSMO13-26068 | Manual production
a653a9a8-ef20-4a8a-8eb0-3320bb049da7,PRODUCE,PROD335-FSMO14-26068,2026-03-31 10:07:32,03-09-2026,4 Seasons Oil 10W40,FSMO14,2.0,1.0,adz,PROD335-FSMO14-26068 | Manual production
bb694ba9-cfd0-4cc9-b344-e4a2c18ffed6,PRODUCE,PROD336-FSMO53-26068,2026-03-31 10:07:48,03-09-2026,4 Seasons Oil 5W30,FSMO53,2.0,1.0,adz,PROD336-FSMO53-26068 | Manual production
ac851908-a77c-4694-9092-d44a10de3690,PRODUCE,PROD337-FS5530-26068,2026-03-31 10:08:04,03-09-2026,Drum Oil 10W30,FS5530,4.0,0.25,adz,PROD337-TBD-26068 | Manual production
8c7a36a7-2ed8-47ea-b0da-1b725a833585,PRODUCE,PROD338-RSW301-26069,2026-03-31 10:08:48,03-10-2026,Resolute -30 W/Wash,RSW301,3.0,3.0,adz,PROD338-RSW301-26069 | Manual production
fcf579dc-37ef-4f84-9f8a-96d1044cf47e,PRODUCE,PROD339-ATWWFX-26069,2026-03-31 10:09:07,03-10-2026,FrostX W/Wash -30,ATWWFX,3.0,6.0,adz,PROD339-ATWWFX-26069 | Manual production
413365af-579e-4f45-a0ff-481e385aa505,PRODUCE,PROD340-ATGP50-26069,2026-03-31 10:09:34,03-10-2026,Green Power 50,ATGP50,1.0,22.0,adz,PROD340-ATGP50-26069 | Manual production
c8887887-f4b4-48fa-9531-01b3405c67bf,PRODUCE,PROD341-CHLD35-GN-26069,2026-03-31 10:10:14,03-10-2026,Choice Laundry Detergent Gain Type 3.5 Gal,CHLD35-GN,4.0,4.0,adz,PROD341-CHLD35-GN-26069 | Manual production
a2e7cea6-cefc-4f17-b96b-07c73306efaf,PRODUCE,PROD342-ATGP50-26070,2026-03-31 10:11:03,03-11-2026,Green Power 50,ATGP50,1.0,15.0,adz,PROD342-ATGP50-26070 | Manual production
5612e733-9d96-4b17-b521-14ed8252da0d,PRODUCE,PROD343-CHLD35-TI-26070,2026-03-31 10:11:24,03-11-2026,Choice Laundry Detergent TIDE Type 3.5 Gal,CHLD35-TI,4.0,4.0,adz,PROD343-CHLD35-TI-26070 | Manual production
5abe9661-d45a-4e03-bb7c-a17853e7ebfe,PRODUCE,PROD344-CHLD35-GN-26070,2026-03-31 10:11:41,03-11-2026,Choice Laundry Detergent Gain Type 3.5 Gal,CHLD35-GN,4.0,1.0,adz,PROD344-CHLD35-GN-26070 | Manual production
5c3e7cf0-30cb-4b19-a5b3-60c5667d5035,PRODUCE,PROD345-ATAB55-26070,2026-03-31 10:12:04,03-11-2026,Drum DEF,ATAB55,4.0,1.0,adz,PROD345-TBD-26070 | Manual production
4f28b26e-54c3-4762-8468-43eec3973a91,PRODUCE,PROD346-ATW305-26070,2026-03-31 10:12:22,03-11-2026,Drum W/Wash -30,ATW305,4.0,2.0,adz,PROD346-ATW305-26070 | Manual production
7ffe168b-44c9-4ce9-922a-c1e3eb0805c4,PRODUCE,PROD347-ATGP50-26071,2026-03-31 10:13:03,03-12-2026,Green Power 50,ATGP50,1.0,20.0,adz,PROD347-ATGP50-26071 | Manual production
2237f66c-413e-41c1-969a-ba706a6846f8,PRODUCE,PROD348-FS5530-26071,2026-03-31 10:13:39,03-12-2026,Drum Oil 10W30,FS5530,4.0,0.25,adz,PROD348-TBD-26071 | Manual production
fb53f2e4-4246-4bc1-b1c3-ccbda75f91a8,PRODUCE,PROD349-ATGP50-26072,2026-03-31 10:13:57,03-13-2026,Green Power 50,ATGP50,1.0,10.0,adz,PROD349-ATGP50-26072 | Manual production
ae4093e0-ccd1-48d6-9579-ed62542a2315,PRODUCE,PROD350-CHLD35-TI-26072,2026-03-31 10:14:09,03-13-2026,Choice Laundry Detergent TIDE Type 3.5 Gal,CHLD35-TI,4.0,3.0,adz,PROD350-CHLD35-TI-26072 | Manual production
90a1d5f8-5d5a-4e39-b8e2-34cb26d64257,PRODUCE,PROD351-FS5552-26078,2026-03-31 10:14:45,03-19-2026,Drum Oil 5W20,FS5552,4.0,0.25,adz,PROD351-TBD-26078 | Manual production
15e187b3-ac89-47d1-89df-d541cf8ace38,PRODUCE,PROD352-FS5553-26078,2026-03-31 10:15:00,03-19-2026,Drum Oil 5W30,FS5553,4.0,0.25,adz,PROD352-TBD-26078 | Manual production
109f5632-5f57-4d07-b96c-c6f11e063b79,PRODUCE,PROD353-ATGLP5055-26078,2026-03-31 10:15:24,03-19-2026,Drum Global Power 50,ATGLP5055,4.0,2.0,adz,PROD353-ATGLP5055-26078 | Manual production
f40fbd6f-6098-4d31-be28-c12becf05cc8,PRODUCE,PROD354-ATWW55-26078,2026-03-31 10:15:55,03-19-2026,Drum W/Wash -20,ATWW55,4.0,3.0,adz,PROD354-ATWW55-26078 | Manual production
f38bb89e-2f60-4af6-bd60-6005bc74ee40,PRODUCE,PROD355-TOTERV100TBD-26078,2026-03-31 10:16:12,03-19-2026,Totes RV-100 Blue,TOTERV100TBD,4.0,6.0,adz,PROD355-TOTERV100TBD-26078 | Manual production
65f7962a-1366-4531-8917-cccb288e6404,PRODUCE,PROD356-ATGP50-26082,2026-03-31 10:16:48,03-23-2026,Green Power 50,ATGP50,1.0,14.0,adz,PROD356-ATGP50-26082 | Manual production
d18dd5b2-1ecc-4189-b7ee-1a7d7276e3f8,PRODUCE,PROD357-ATWWPX-26082,2026-03-31 10:16:58,03-23-2026,PolarX W/Wash -20,ATWWPX,3.0,1.0,adz,PROD357-ATWWPX-26082 | Manual production
494e63e9-1a3f-4e82-8943-870f9858e895,PRODUCE,PROD358-FCBL01-26082,2026-03-31 10:17:55,03-23-2026,Fresh Choice Bleach,FCBL01,4.0,4.0,adz,PROD358-FCBL01-26082 | Manual production
29489520-0d79-4dc9-9bc1-8a1ea370574d,PRODUCE,PROD359-PSLC125-26082,2026-03-31 10:18:09,03-23-2026,Pool Shock,PSLC125,3.0,2.0,adz,PROD359-PSLC125-26082 | Manual production
e222017d-656a-4915-aa70-f927de639178,PRODUCE,PROD360-ATWW55-26082,2026-03-31 10:18:20,03-23-2026,Drum W/Wash -20,ATWW55,4.0,2.0,adz,PROD360-ATWW55-26082 | Manual production
ef0bb82f-67c4-4fa4-b718-81b049b584b2,PRODUCE,PROD361-ATGP50-26083,2026-03-31 10:18:46,03-24-2026,Green Power 50,ATGP50,1.0,4.0,adz,PROD361-ATGP50-26083 | Manual production
04c6ac52-908d-407c-8691-2c9ef073f470,PRODUCE,PROD362-FSAF50-26083,2026-03-31 10:19:14,03-24-2026,4 Seasons Antifreeze,FSAF50,1.0,6.0,adz,PROD362-FSAF50-26083 | Manual production
b03cb7b7-e118-452f-9888-5bf6dac2dfd3,PRODUCE,PROD363-FCBL01-26083,2026-03-31 10:19:32,03-24-2026,Fresh Choice Bleach,FCBL01,4.0,2.0,adz,PROD363-FCBL01-26083 | Manual production
19c46efa-cc93-4c74-a39c-46c042fc10e3,PRODUCE,PROD364-TBD-26083,2026-03-31 10:19:48,03-24-2026,All Temp Summer Wash +32,TBD,3.0,3.0,adz,PROD364-TBD-26083 | Manual production
cead63ff-3140-4936-8177-818a9997b9bd,PRODUCE,PROD365-RESD25-26083,2026-03-31 10:20:27,03-24-2026,Resolute DEF 2.5 Gal classic,RESD25,4.0,4.0,adz,PROD365-RESD25-26083 | Manual production
efb2e17e-7425-4a3b-80a6-ac0135cc7141,PRODUCE,PROD366-FSMO14-26084,2026-03-31 10:20:54,03-25-2026,4 Seasons Oil 10W40,FSMO14,2.0,1.0,adz,PROD366-FSMO14-26084 | Manual production
fc4a4a14-8392-4e77-a9ff-24b6838238ae,PRODUCE,PROD367-RESD25-26084,2026-03-31 10:21:11,03-25-2026,Resolute DEF 2.5 Gal classic,RESD25,4.0,14.0,adz,PROD367-RESD25-26084 | Manual production
f7cda1ab-8f3f-422f-913d-2b563b866df4,PRODUCE,PROD368-RSW301-26084,2026-03-31 10:21:28,03-25-2026,Resolute -30 W/Wash,RSW301,3.0,8.0,adz,PROD368-RSW301-26084 | Manual production
47134cf6-2bd7-41ca-843e-3692b456a395,PRODUCE,PROD369-RSW301-26085,2026-03-31 10:22:00,03-26-2026,Resolute -30 W/Wash,RSW301,3.0,23.0,adz,PROD369-RSW301-26085 | Manual production
9210aaeb-a9b1-44ba-84e0-02bc8cc59195,PRODUCE,PROD370-RESD25-26085,2026-03-31 10:22:13,03-26-2026,Resolute DEF 2.5 Gal classic,RESD25,4.0,6.0,adz,PROD370-RESD25-26085 | Manual production
2478d2e1-ce94-49d1-81b5-bffc864c7d5d,PRODUCE,PROD371-RSW201-26086,2026-03-31 10:22:40,03-27-2026,Resolute -20 W/Wash,RSW201,3.0,26.0,adz,PROD371-RSW201-26086 | Manual production
b5c2a7e3-8b18-48cd-a1aa-5a78c4522008,PRODUCE,PROD372-RESD25-26086,2026-03-31 10:22:54,03-27-2026,Resolute DEF 2.5 Gal classic,RESD25,4.0,5.0,adz,PROD372-RESD25-26086 | Manual production
f008d2bc-0fcd-441d-a8fa-31d7f7e0ac93,PRODUCE,PROD373-ATWWBX-26087,2026-03-31 10:23:33,03-28-2026,BugX W/Wash +32,ATWWBX,3.0,14.0,adz,PROD373-ATWWBX-26087 | Manual production
a7b5570c-e05c-440e-a9f6-a8fa72c7677b,PRODUCE,PROD374-RESD25-26087,2026-03-31 10:23:48,03-28-2026,Resolute DEF 2.5 Gal classic,RESD25,4.0,10.0,adz,PROD374-RESD25-26087 | Manual production
247e82d4-60ee-4d82-946f-f3577321bb78,PRODUCE,PROD375-ATRE506-26089,2026-03-31 10:24:27,03-30-2026,RV Antifreeze -50,ATRE506,3.0,2.0,adz,PROD375-ATRE506-26089 | Manual production
3c2223b9-dba3-497f-bce3-3408ffe1e528,PRODUCE,PROD376-RSW301-26089,2026-03-31 10:24:56,03-30-2026,Resolute -30 W/Wash,RSW301,3.0,1.0,adz,PROD376-RSW301-26089 | Manual production
4e0b9d95-5209-4c10-9c69-b754cbc3ecfb,PRODUCE,PROD377-RSW201-26089,2026-03-31 10:25:09,03-30-2026,Resolute -20 W/Wash,RSW201,3.0,13.0,adz,PROD377-RSW201-26089 | Manual production
b58e57b2-7b6d-4ea0-aff8-e1479764844b,PRODUCE,PROD378-RESD25-26089,2026-03-31 10:25:25,03-30-2026,Resolute DEF 2.5 Gal classic,RESD25,4.0,29.0,adz,PROD378-RESD25-26089 | Manual production
849adab6-d8ca-4141-9898-1b661cebaa21,PRODUCE,PROD379-ATWW55-26089,2026-03-31 10:25:43,03-30-2026,Drum W/Wash -20,ATWW55,4.0,7.0,adz,PROD379-ATWW55-26089 | Manual production
4bb2ef81-6d56-4d0c-a596-8e867c93963c,PRODUCE,PROD380-ATWWPX-26090,2026-04-08 10:55:57,03-31-2026,PolarX W/Wash -20,ATWWPX,3.0,5.0,ADZ,PROD380-ATWWPX-26090 | Manual production
34ed09c6-5d80-48d0-a036-7b96be0b40f0,PRODUCE,PROD381-RSW201-26090,2026-04-08 10:56:26,03-31-2026,Resolute -20 W/Wash,RSW201,3.0,20.0,ADZ,PROD381-RSW201-26090 | Manual production
61475cb9-7bc0-4f5c-ae0d-9de36e6ac261,PRODUCE,PROD382-PRED25-26090,2026-04-08 10:57:01,03-31-2026,Resolute DEF 2.5 Gal premium,PRED25,4.0,8.0,ADZ,PROD382-PRED25-26090 | Manual production
83aa57fa-9167-401a-8a15-71348a6753ad,PRODUCE,PROD383-RESD25-26090,2026-04-08 10:57:17,03-31-2026,Resolute DEF 2.5 Gal classic,RESD25,4.0,5.0,ADZ,PROD383-RESD25-26090 | Manual production
97144030-b2ea-4c40-9822-8a95388239f3,PRODUCE,PROD384-ATABD2-26090,2026-04-08 10:57:46,03-31-2026,DEF 2.5 Gal,ATABD2,4.0,1.0,ADZ,PROD384-ATABD2-26090 | Manual production
d20b8ddd-443e-4f37-9ddf-7c1b9801cdd0,PRODUCE,PROD385-FSAF50-26091,2026-04-08 10:58:10,04-01-2026,4 Seasons Antifreeze,FSAF50,1.0,15.0,ADZ,PROD385-FSAF50-26091 | Manual production
876087e7-c77e-42e4-904f-b77b1311b11c,PRODUCE,PROD386-TBD-26091,2026-04-08 10:58:34,04-01-2026,Drum Super Purple,TBD,4.0,8.25,ADZ,PROD386-TBD-26091 | Manual production
f21aee98-65f6-4b83-9c76-ab996e8e0927,PRODUCE,PROD387-SPCD-TT-26091,2026-04-08 10:59:08,04-01-2026,Tote Super Purple Cleaner & Degreaser,SPCD-TT,4.0,2.0,ADZ,PROD387-SPCD-TT-26091 | Manual production
bef4ae68-f865-4543-9b88-2652d697ee76,PRODUCE,PROD388-RESD25-26092,2026-04-08 11:00:19,04-02-2026,Resolute DEF 2.5 Gal classic,RESD25,4.0,6.0,ADZ,PROD388-RESD25-26092 | Manual production
f078f55e-aeb5-4bb9-828b-ad6b6d71225f,PRODUCE,PROD389-PRED25-26092,2026-04-08 11:00:32,04-02-2026,Resolute DEF 2.5 Gal premium,PRED25,4.0,3.0,ADZ,PROD389-PRED25-26092 | Manual production
0e15fe35-9b49-4f70-844b-0cee0bf6280e,PRODUCE,PROD390-RSW201-26092,2026-04-08 11:01:04,04-02-2026,Resolute -20 W/Wash,RSW201,3.0,13.0,ADZ,PROD390-RSW201-26092 | Manual production
730b2ee2-9b74-4695-a3be-0a9e2de70249,PRODUCE,PROD391-ATRE506-26092,2026-04-08 11:01:22,04-02-2026,RV Antifreeze -50,ATRE506,3.0,2.0,ADZ,PROD391-ATRE506-26092 | Manual production
fcc8f5b9-9663-47c4-8767-cec18484ae78,PRODUCE,PROD392-RSW201-26092,2026-04-08 11:02:49,04-02-2026,Resolute -20 W/Wash,RSW201,3.0,7.0,ADZ,PROD392-RSW201-26092 | Manual production
38941bc5-b66c-404b-9770-c0444a268f23,PRODUCE,PROD393-RSW301-26092,2026-04-08 11:04:33,04-02-2026,Resolute -30 W/Wash,RSW301,3.0,6.0,ADZ,PROD393-RSW301-26092 | Manual production
901be50b-5f6a-4e05-937f-d5ff3e6964d7,PRODUCE,PROD394-ATWWPX-26092,2026-04-08 11:04:49,04-02-2026,PolarX W/Wash -20,ATWWPX,3.0,5.0,ADZ,PROD394-ATWWPX-26092 | Manual production
d98e42f7-a1eb-4a5c-ac9c-343ae726f1c4,PRODUCE,PROD395-RESD25-26092,2026-04-08 11:05:24,04-02-2026,Resolute DEF 2.5 Gal classic,RESD25,4.0,5.0,ADZ,PROD395-RESD25-26092 | Manual production
de172b7e-38fc-4a7c-8647-fddfbaed3a99,PRODUCE,PROD396-PRED25-26092,2026-04-08 11:05:37,04-02-2026,Resolute DEF 2.5 Gal premium,PRED25,4.0,13.0,ADZ,PROD396-PRED25-26092 | Manual production
3dc554ce-cfb6-4e66-8c48-4138391b1c89,PRODUCE,PROD397-RSW301-26093,2026-04-08 11:06:02,04-03-2026,Resolute -30 W/Wash,RSW301,3.0,17.0,ADZ,PROD397-RSW301-26093 | Manual production
aaa797a7-4c94-4e53-be8f-dec8ae76558e,PRODUCE,PROD398-PRED25-26093,2026-04-08 11:06:17,04-03-2026,Resolute DEF 2.5 Gal premium,PRED25,4.0,12.0,ADZ,PROD398-PRED25-26093 | Manual production
569b79fa-ef08-4a4c-afe2-78cea67354aa,PRODUCE,PROD399-RSW301-26094,2026-04-08 11:06:43,04-04-2026,Resolute -30 W/Wash,RSW301,3.0,11.0,ADZ,PROD399-RSW301-26094 | Manual production
47f454fb-f59d-4719-a04e-66ab64c8bbee,PRODUCE,PROD400-PRED25-26094,2026-04-08 11:06:56,04-04-2026,Resolute DEF 2.5 Gal premium,PRED25,4.0,15.0,ADZ,PROD400-PRED25-26094 | Manual production
7065ecbd-cfda-443a-9004-ef91dfbd92d8,PRODUCE,PROD401-RSW321-26094,2026-04-08 11:07:08,04-04-2026,Resolute +32 Bug Wash,RSW321,3.0,1.0,ADZ,PROD401-RSW321-26094 | Manual production
2fa37112-4731-4868-9a9a-7236860da34d,PRODUCE,PROD402-ATWWBX-26094,2026-04-08 11:07:21,04-04-2026,BugX W/Wash +32,ATWWBX,3.0,1.0,ADZ,PROD402-ATWWBX-26094 | Manual production
61337349-23cb-48ea-9b4c-b9ddf4bb7509,PRODUCE,PROD403-TBDTTRV50P-26096,2026-04-08 11:08:14,04-06-2026,Totes RV-50 Pink,TBDTTRV50P,4.0,0.5,ADZ,PROD403-TBDTTRV50P-26096 | Manual production
597f19a7-fc73-4b3b-8dba-3410fed74b9e,PRODUCE,PROD404-ATWWAX-26096,2026-04-08 11:08:28,04-06-2026,AquaX W/Wash +32,ATWWAX,3.0,17.0,ADZ,PROD404-ATWWAX-26096 | Manual production
902c30c8-752f-45a2-916a-806a1b00fb20,PRODUCE,PROD405-RESD25-26096,2026-04-08 11:08:40,04-06-2026,Resolute DEF 2.5 Gal classic,RESD25,4.0,12.0,ADZ,PROD405-RESD25-26096 | Manual production
c9329223-339f-4e89-a865-f3397e5f607f,PRODUCE,PROD406-ATWWBX-26096,2026-04-08 11:08:55,04-06-2026,BugX W/Wash +32,ATWWBX,3.0,6.0,AD,PROD406-ATWWBX-26096 | Manual production
1c9f54e2-8eff-4de4-8bdd-ae0794fede59,PRODUCE,PROD407-FSMO52-26096,2026-04-08 11:09:08,04-06-2026,4 Seasons Oil 5W20,FSMO52,2.0,2.0,ADZ,PROD407-FSMO52-26096 | Manual production
331d82a6-12dc-486d-bc39-2dd15860391f,PRODUCE,PROD408-ATWW55-26097,2026-04-08 11:12:02,04-07-2026,Drum W/Wash -20,ATWW55,4.0,3.0,ADZ,PROD408-ATWW55-26097 | Manual production
97e9d01d-6028-492a-80e7-63cd5d993fa8,PRODUCE,PROD409-FSAF50-26097,2026-04-08 11:12:12,04-07-2026,4 Seasons Antifreeze,FSAF50,1.0,20.0,adz,PROD409-FSAF50-26097 | Manual production
da60a67b-951a-4032-b654-38c2911fab31,PRODUCE,PROD410-RESD25-26097,2026-04-08 11:12:24,04-07-2026,Resolute DEF 2.5 Gal classic,RESD25,4.0,10.0,ADZ,PROD410-RESD25-26097 | Manual production
5c154c78-6cc4-43e8-981b-badb58b6f68d,PRODUCE,PROD411-FSMO52-26097,2026-04-08 11:13:01,04-07-2026,4 Seasons Oil 5W20,FSMO52,2.0,3.0,ADZ,PROD411-FSMO52-26097 | Manual production
46d671ee-ca2b-4a2c-affc-23a290cb9398,PRODUCE,PROD412-ATWW55-26098,2026-04-09 08:37:55,04-08-2026,Drum W/Wash -20,ATWW55,4.0,14.0,ADZ,PROD412-ATWW55-26098 | Manual production
c2ae6e9d-23d2-40c6-adf6-38ffa3326846,PRODUCE,PROD413-ATW305-26098,2026-04-09 08:38:07,04-08-2026,Drum W/Wash -30,ATW305,4.0,1.0,ADZ,PROD413-ATW305-26098 | Manual production
d4a59d20-2901-434b-a57c-5d4fc4731bed,PRODUCE,PROD414-FSAF50-26098,2026-04-09 08:38:25,04-08-2026,4 Seasons Antifreeze,FSAF50,1.0,20.0,ADZ,PROD414-FSAF50-26098 | Manual production
8739cd52-7575-4898-bd38-96a85aec992c,PRODUCE,PROD415-RESD25-26098,2026-04-09 08:38:42,04-08-2026,Resolute DEF 2.5 Gal classic,RESD25,4.0,11.0,ADZ,PROD415-RESD25-26098 | Manual production
28d35137-5b9f-4f2a-ab46-63dd11a31c5e,PRODUCE,PROD416-PRED25-26098,2026-04-09 08:38:54,04-08-2026,Resolute DEF 2.5 Gal premium,PRED25,4.0,5.0,ADZ,PROD416-PRED25-26098 | Manual production
ef22c03e-506c-4619-8cb4-41da1d574cda,PRODUCE,PROD417-FSMO52-26099,2026-04-10 14:26:23,04-09-2026,4 Seasons Oil 5W20,FSMO52,2.0,1.0,ADZ,PROD417-FSMO52-26099 | Manual production
14c13297-5bb8-4a48-92a1-873e6d3a2512,PRODUCE,PROD418-FSMO53-26099,2026-04-10 14:26:38,04-09-2026,4 Seasons Oil 5W30,FSMO53,2.0,3.0,ADZ,PROD418-FSMO53-26099 | Manual production
99d2b64a-068a-4c31-88be-9fb8c022b0ea,PRODUCE,PROD419-FSAF50-26099,2026-04-10 14:26:50,04-09-2026,4 Seasons Antifreeze,FSAF50,1.0,22.0,ADZ,PROD419-FSAF50-26099 | Manual production
dd711485-46a2-40ab-b19b-b05b501315ba,PRODUCE,PROD420-PRED25-26100,2026-04-13 12:13:46,04-10-2026,Resolute DEF 2.5 Gal premium,PRED25,4.0,14.0,ADZ,PROD420-PRED25-26100 | Manual production
0e676f66-0a0e-45a4-aa2e-82218e7c7334,PRODUCE,PROD421-FSMO53-26100,2026-04-13 12:14:05,04-10-2026,4 Seasons Oil 5W30,FSMO53,2.0,1.0,ADZ,PROD421-FSMO53-26100 | Manual production
ef908560-71e0-46d9-8c34-3f697d0de95c,PRODUCE,PROD422-FSAF50-26100,2026-04-13 12:14:21,04-10-2026,4 Seasons Antifreeze,FSAF50,1.0,25.0,ADZ,PROD422-FSAF50-26100 | Manual production
debc38b9-e7f1-41c2-8be6-9b0bf4534a0c,PRODUCE,PROD423-FSMO53-26101,2026-04-13 12:14:35,04-11-2026,4 Seasons Oil 5W30,FSMO53,2.0,2.0,ADZ,PROD423-FSMO53-26101 | Manual production
efee7e12-5233-41bc-8ff9-d6590fbd1787,PRODUCE,PROD424-FSAF50-26101,2026-04-13 12:14:47,04-11-2026,4 Seasons Antifreeze,FSAF50,1.0,11.0,ADZ,PROD424-FSAF50-26101 | Manual production
0debd0a3-fe1e-4fb0-8042-102852321d65,PRODUCE,PROD425-RSW321-26103,2026-04-14 15:07:51,04-13-2026,Resolute +32 Bug Wash,RSW321,3.0,10.0,ADZ,PROD425-RSW321-26103 | Manual production
7827b8ba-68bf-4b42-81a0-524f713e01b2,PRODUCE,PROD426-ATWWPX-26103,2026-04-14 15:08:04,04-13-2026,PolarX W/Wash -20,ATWWPX,3.0,16.0,ADZ,PROD426-ATWWPX-26103 | Manual production
12b24674-44c4-4adf-9531-e76efc6aa288,PRODUCE,PROD427-FSAF50-26103,2026-04-14 15:08:14,04-13-2026,4 Seasons Antifreeze,FSAF50,1.0,21.0,ADZ,PROD427-FSAF50-26103 | Manual production
6b2deef3-e798-4e90-8144-d8efacddf490,PRODUCE,PROD428-ATWW55-26103,2026-04-14 15:08:26,04-13-2026,Drum W/Wash -20,ATWW55,4.0,5.0,ADZ,PROD428-ATWW55-26103 | Manual production
060a7de5-746d-4ea6-bb29-575714407cfb,SHIP,60ee9918-e63a-4ed5-8a56-411df0d46af8,2026-04-14 15:09:26,04-14-2026,4 Seasons Antifreeze,FSAF50,,-21.0,ADZ,Shipment SHP-260414-0106591B | SILVER DOLLAR SO410873 - 99287
cd57bc21-da53-4d91-b91d-2b4569039bb0,PRODUCE,PROD429-ATRE506-26104,2026-04-20 09:18:06,04-14-2026,RV Antifreeze -50,ATRE506,3.0,2.0,ADZ,PROD429-ATRE506-26104 | Manual production
6e0861dd-eba0-49c8-8179-47f91cee94ef,PRODUCE,PROD430-PSLC125-26104,2026-04-20 09:18:21,04-14-2026,Pool Shock,PSLC125,3.0,5.0,ADZ,PROD430-PSLC125-26104 | Manual production
bf7c4c81-bd6b-4e79-9fba-156847e8f7b3,PRODUCE,PROD431-FSAF50-26104,2026-04-20 09:18:30,04-14-2026,4 Seasons Antifreeze,FSAF50,1.0,19.0,ADZ,PROD431-FSAF50-26104 | Manual production
6191ca91-ee9b-4934-ba55-74ca094343d9,PRODUCE,PROD432-FSMO14-26104,2026-04-20 09:18:41,04-14-2026,4 Seasons Oil 10W40,FSMO14,2.0,1.0,ADZ,PROD432-FSMO14-26104 | Manual production
48d7f16e-894a-4c16-a019-b315ce5d8907,PRODUCE,PROD433-FSMO13-26105,2026-04-20 09:19:35,04-15-2026,4 Seasons Oil 10W30,FSMO13,2.0,3.0,ADZ,PROD433-FSMO13-26105 | Manual production
b9ec51ba-9a37-488a-a974-c1c86a1efa14,PRODUCE,PROD434-FSAF50-26105,2026-04-20 09:19:43,04-15-2026,4 Seasons Antifreeze,FSAF50,1.0,19.0,ADZ,PROD434-FSAF50-26105 | Manual production
acff3219-397f-47b2-a7dc-174df1cdbeb8,PRODUCE,PROD435-FSMO14-26105,2026-04-20 09:19:54,04-15-2026,4 Seasons Oil 10W40,FSMO14,2.0,2.0,ADZ,PROD435-FSMO14-26105 | Manual production
bdc58624-1444-4f88-83ab-8a4edca91934,PRODUCE,PROD436-ATWWPX-26106,2026-04-20 09:20:17,04-16-2026,PolarX W/Wash -20,ATWWPX,3.0,11.0,ADZ,PROD436-ATWWPX-26106 | Manual production
aae79afb-e1f2-4426-9d47-1a83635a6f2b,PRODUCE,PROD437-ATWWBX-26106,2026-04-20 09:20:28,04-16-2026,BugX W/Wash +32,ATWWBX,3.0,9.0,ADZ,PROD437-ATWWBX-26106 | Manual production
71fdd601-9775-4546-b22b-f5c3a464599e,PRODUCE,PROD438-FSAF50-26106,2026-04-20 09:21:47,04-16-2026,4 Seasons Antifreeze,FSAF50,1.0,6.0,ADZ,PROD438-FSAF50-26106 | Manual production
82ed76bb-4b77-4c9b-9c15-4848778f322b,PRODUCE,PROD439-ATGP50-26106,2026-04-20 09:23:00,04-16-2026,Green Power 50,ATGP50,1.0,8.0,ADZ,PROD439-ATGP50-26106 | Manual production
88d37d38-bff7-4d34-b841-149e8926917d,PRODUCE,PROD440-FSMO13-26107,2026-04-20 09:23:20,04-17-2026,4 Seasons Oil 10W30,FSMO13,2.0,5.0,ADZ,PROD440-FSMO13-26107 | Manual production
283a4838-f75e-4705-8ed9-b966098e191e,PRODUCE,PROD441-ATWWBX-26107,2026-04-20 09:23:29,04-17-2026,BugX W/Wash +32,ATWWBX,3.0,3.0,ADZ,PROD441-ATWWBX-26107 | Manual production
7a83245f-eb67-40f4-94f6-fa912b9ff0ae,PRODUCE,PROD442-ATGP50-26107,2026-04-20 09:23:37,04-17-2026,Green Power 50,ATGP50,1.0,20.0,ADZ,PROD442-ATGP50-26107 | Manual production
827410e3-fdef-47c2-9f99-7babd9655e90,PRODUCE,PROD443-FSMO13-26108,2026-04-20 09:27:39,04-18-2026,4 Seasons Oil 10W30,FSMO13,2.0,3.0,ADZ,PROD443-FSMO13-26108 | Manual production
76a9cf5f-674a-4d49-b369-d2394cb4f62f,PRODUCE,PROD444-ATWW55-26108,2026-04-20 09:29:48,04-18-2026,Drum W/Wash -20,ATWW55,4.0,4.0,ADZ,PROD444-ATWW55-26108 | Manual production
7cf33b70-fd92-4ee9-968b-9d18740d7078,PRODUCE,PROD445-ATGLP5055-26108,2026-04-20 09:30:00,04-18-2026,Drum Global Power 50,ATGLP5055,4.0,1.0,ADZ,PROD445-ATGLP5055-26108 | Manual production
f99490c0-dd53-45ce-9a0f-169c804549aa,PRODUCE,PROD446-RAWPGTOTE-26104,2026-04-20 10:15:04,04-14-2026,Tote PG,RAWPGTOTE,4.0,17.0,ADZ,PROD446-RAWPGTOTE-26104 | Manual production
9a8104c5-f4c8-46f4-a705-dd0c71de0367,PRODUCE,PROD447-FSMO53-26110,2026-04-21 07:57:30,04-20-2026,4 Seasons Oil 5W30,FSMO53,2.0,3.0,ADZ,PROD447-FSMO53-26110 | Manual production
64ccace4-986b-44c8-aaed-b8694c92d51b,PRODUCE,PROD448-FSMO52-26110,2026-04-21 07:57:46,04-20-2026,4 Seasons Oil 5W20,FSMO52,2.0,2.0,ADZ,PROD448-FSMO52-26110 | Manual production
bf487d40-ebf0-43bb-9f89-ca953ddcfd04,PRODUCE,PROD449-ATGP50-26110,2026-04-21 07:58:56,04-20-2026,Green Power 50,ATGP50,1.0,16.0,ADZ,PROD449-ATGP50-26110 | Manual production
aceba76a-deb4-440f-80b5-c70e4be3d891,PRODUCE,PROD450-ATGLP50-26110,2026-04-21 07:59:21,04-20-2026,Global Power 50,ATGLP50,1.0,3.0,ADZ,PROD450-ATGLP50-26110 | Manual production
4c0e8a9d-d1d9-4ac8-8b10-13d12dfc1d88,PRODUCE,PROD451-ATGP50-55-26110,2026-04-21 08:00:15,04-20-2026,Drum Green Power -34,ATGP50-55,4.0,1.0,ADZ,PROD451-ATGP50-55-26110 | Manual production
ff3e152a-37de-4831-a504-9c2341a7f95a,PRODUCE,PROD452-ATCP50-55-26110,2026-04-21 09:34:10,04-20-2026,Drum Cool Power 50,ATCP50-55,4.0,1.0,ADZ,PROD452-ATCP50-55-26110 | Manual production
eaa11dac-1be4-4aba-b9d2-ab9db99e1ed4,PRODUCE,PROD453-FSMO53-26111,2026-04-22 12:26:40,04-21-2026,4 Seasons Oil 5W30,FSMO53,2.0,2.0,ADZ,PROD453-FSMO53-26111 | Manual production
f0de7134-8ca8-449b-ba4b-31c43c0fdd7f,PRODUCE,PROD454-FSMO14-26111,2026-04-22 12:26:51,04-21-2026,4 Seasons Oil 10W40,FSMO14,2.0,3.0,ADZ,PROD454-FSMO14-26111 | Manual production
01ebb16f-c976-44c1-9031-48d38e3a18a1,PRODUCE,PROD455-FSAF50-26111,2026-04-22 12:27:20,04-21-2026,4 Seasons Antifreeze,FSAF50,1.0,24.0,ADZ,PROD455-FSAF50-26111 | Manual production
4c41e9a5-d71c-4fdb-bc99-521957054ed8,PRODUCE,PROD456-ATABD2-26111,2026-04-22 12:28:34,04-21-2026,All Blu DEF 2.5 Gal,ATABD2,5.0,9.0,ADZ,PROD456-ATABD2-26111 | Manual production
b2c88863-4b0b-45de-829f-ffb2081295fb,PRODUCE,PROD457-ATAB55-26111,2026-04-22 12:28:56,04-21-2026,Drum DEF,ATAB55,4.0,2.0,ADZ,PROD457-TBD-26111 | Manual production
7139cd6d-1511-4baf-8d39-49eb47d475b6,PRODUCE,PROD458-FSMO52-26112,2026-04-23 09:23:38,04-22-2026,4 Seasons Oil 5W20,FSMO52,2.0,2.0,ADZ,PROD458-FSMO52-26112 | Manual production
63a5819b-414b-440a-9733-401bd795e2a4,PRODUCE,PROD459-FSMO14-26112,2026-04-23 09:25:46,04-22-2026,4 Seasons Oil 10W40,FSMO14,2.0,2.0,ADZ,PROD459-FSMO14-26112 | Manual production
69571469-a733-4d47-b548-71d1ff8bbd25,PRODUCE,PROD460-FSAF50-26112,2026-04-23 09:35:04,04-22-2026,4 Seasons Antifreeze,FSAF50,1.0,22.0,ADZ,PROD460-FSAF50-26112 | Manual production
daa109fd-98b1-44cb-808e-7b74f6a58903,PRODUCE,PROD461-ATABD2-26112,2026-04-23 15:11:11,04-22-2026,All Blu DEF 2.5 Gal,ATABD2,5.0,3.0,ADZ,PROD461-ATABD2-26112 | Manual production
6c2b0e0d-337b-4865-8a05-59a88da6904b,PRODUCE,PROD462-RAWPGTOTE-26112,2026-04-23 15:17:18,04-22-2026,Tote PG,RAWPGTOTE,4.0,17.0,ADZ,PROD462-RAWPGTOTE-26112 | Manual production
cfb06b37-a2a7-4479-ac15-06335248c42d,PRODUCE,PROD463-FSMO53-26113,2026-04-24 14:33:05,04-23-2026,4 Seasons Oil 5W30,FSMO53,2.0,1.0,ADZ,PROD463-FSMO53-26113 | Manual production
8173df6e-5776-452d-b12a-0d1ed2ef897c,PRODUCE,PROD464-FSMO13-26113,2026-04-24 14:33:56,04-23-2026,4 Seasons Oil 10W30,FSMO13,2.0,2.0,ADZ,PROD464-FSMO13-26113 | Manual production
e3481526-9899-4e38-ba14-5be9db4541d6,PRODUCE,PROD465-FSAF50-26113,2026-04-24 14:34:16,04-23-2026,4 Seasons Antifreeze,FSAF50,1.0,5.0,ADZ,PROD465-FSAF50-26113 | Manual production
d250e495-39af-4c0c-b6d6-f504bc690e4f,PRODUCE,PROD466-ATGP50-26113,2026-04-24 14:35:18,04-23-2026,Green Power 50,ATGP50,1.0,11.0,ADZ,PROD466-ATGP50-26113 | Manual production
f0adff3a-f5b3-486c-b24d-819c10621e93,PRODUCE,PROD467-ATWWBX-26113,2026-04-24 14:35:37,04-23-2026,BugX W/Wash +32,ATWWBX,3.0,5.0,ADZ,PROD467-ATWWBX-26113 | Manual production
1b66d327-a65a-4126-a81f-a2d73609dd38,PRODUCE,PROD468-ATWWAX-26113,2026-04-24 14:35:49,04-23-2026,AquaX W/Wash +32,ATWWAX,3.0,7.0,ADZ,PROD468-ATWWAX-26113 | Manual production
0c512bc9-9721-4d7b-9e1a-54abf92c5d22,PRODUCE,PROD469-ATAB55-26113,2026-04-24 14:40:05,04-23-2026,Drum DEF,ATAB55,4.0,1.0,ADZ,PROD469-ATAB55-26113 | Manual production
25faa6ce-ba3b-4880-a651-a32953fb503b,PRODUCE,PROD470-FS5553-26113,2026-04-24 14:41:38,04-23-2026,Drum Oil 5W30,FS5553,4.0,0.25,ADZ,PROD470-TBD-26113 | Manual production
1818227f-95bd-4762-a6a6-bef4928ee1d0,PRODUCE,PROD471-FS5552-26113,2026-04-24 14:41:53,04-23-2026,Drum Oil 5W20,FS5552,4.0,0.25,ADZ,PROD471-TBD-26113 | Manual production
0d260af7-4859-44da-a02e-ad4e91824a46,PRODUCE,PROD472-FSMO53-26114,2026-04-27 12:45:16,04-24-2026,4 Seasons Oil 5W30,FSMO53,2.0,3.0,ADZ,PROD472-FSMO53-26114 | Manual production
e447dac7-c662-49eb-bbc2-6dd9d7704579,PRODUCE,PROD473-ATWWPX-26114,2026-04-27 12:45:32,04-24-2026,PolarX W/Wash -20,ATWWPX,3.0,3.0,ADZ,PROD473-ATWWPX-26114 | Manual production
26237bef-f998-4cdc-9e5c-e60e33242401,PRODUCE,PROD474-ATWW55-26115,2026-04-27 12:48:49,04-25-2026,Drum W/Wash -20,ATWW55,4.0,9.0,ADZ,PROD474-ATWW55-26115 | Manual production
fb174eb1-0f15-41d2-a14a-c2bd87e652b3,PRODUCE,PROD475-ATWWBX-26117,2026-04-27 21:26:43,04-27-2026,BugX W/Wash +32,ATWWBX,3.0,17.0,ADZ,PROD475-ATWWBX-26117 | Manual production
8540b3ca-c9a6-4be7-bcdf-50ffaa609125,PRODUCE,PROD476-ATAB55-26117,2026-04-27 21:27:18,04-27-2026,Drum DEF,ATAB55,4.0,1.0,ADZ,PROD476-ATAB55-26117 | Manual production
44b51e02-6795-4659-a378-abab3d8192e1,PRODUCE,PROD477-ATGLP5055-26117,2026-04-27 21:29:31,04-27-2026,Drum Global Power 50,ATGLP5055,4.0,1.5,adz,PROD477-ATGLP5055-26117 | Manual production
0c0e498d-bf9b-4d11-b568-cf4d6ab21883,PRODUCE,PROD478-ATGP50-55-26117,2026-04-27 21:29:56,04-27-2026,Drum Green Power -34,ATGP50-55,4.0,1.0,adz,PROD478-ATGP50-55-26117 | Manual production
dc95ff74-c6d5-4452-892b-87650a826304,PRODUCE,PROD479-ATWWPX-26118,2026-05-01 15:24:16,04-28-2026,PolarX W/Wash -20,ATWWPX,3.0,14.0,ADZ,PROD479-ATWWPX-26118 | Manual production
6bd68a29-e201-40d8-97bb-3bcf07d15b9e,PRODUCE,PROD480-ATGP50-26118,2026-05-01 15:26:10,04-28-2026,Green Power 50,ATGP50,1.0,9.0,ADZ,PROD480-ATGP50-26118 | Manual production
61fe2870-a8a1-4772-8f7b-907dc0438062,PRODUCE,PROD481-PSLC125-26118,2026-05-01 15:28:01,04-28-2026,Pool Shock,PSLC125,3.0,8.0,ADZ,PROD481-PSLC125-26118 | Manual production
0c8ab309-9be3-45ed-b1c4-8676275a30fc,PRODUCE,PROD482-ATWWPX-26119,2026-05-01 15:29:53,04-29-2026,PolarX W/Wash -20,ATWWPX,3.0,16.0,ADZ,PROD482-ATWWPX-26119 | Manual production
a03548c0-e01b-4c99-be2f-54f9ec5220bf,PRODUCE,PROD483-ATGP50-26119,2026-05-01 15:30:33,04-29-2026,Green Power 50,ATGP50,1.0,25.0,ADZ,PROD483-ATGP50-26119 | Manual production
5b0d22d7-09e1-41dd-89e2-7d8dd5d22165,PRODUCE,PROD484-ATWWPX-26120,2026-05-01 15:31:09,04-30-2026,PolarX W/Wash -20,ATWWPX,3.0,13.0,ADZ,PROD484-ATWWPX-26120 | Manual production
3df98c1a-84e6-4110-9d97-4c55c359425d,PRODUCE,PROD485-ATGP50-26120,2026-05-01 15:31:20,04-30-2026,Green Power 50,ATGP50,1.0,1.0,ADZ,PROD485-ATGP50-26120 | Manual production
6de55e6b-4766-42db-84f1-fefa486bffff,PRODUCE,PROD486-ATCP50-26120,2026-05-01 15:31:32,04-30-2026,Cool Power 50,ATCP50,1.0,15.0,ADZ,PROD486-ATCP50-26120 | Manual production
a9ef2ec0-39d4-43b6-9415-8e1c13e65d62,PRODUCE,PROD487-ATWWPX-26121,2026-05-17 21:09:44,05-01-2026,PolarX W/Wash -20,ATWWPX,3.0,15.0,UNKNOWN,PROD487-ATWWPX-26121 | Manual production
0b843d96-4356-4889-b892-98ebadbb58a7,PRODUCE,PROD488-RESD25-26121,2026-05-17 21:10:02,05-01-2026,Resolute DEF 2.5 Gal classic,RESD25,5.0,8.0,UNKNOWN,PROD488-RESD25-26121 | Manual production
1484f0f8-d2f5-4d3d-b124-734db1e988e9,PRODUCE,PROD489-ATWWPX-26124,2026-05-17 21:10:39,05-04-2026,PolarX W/Wash -20,ATWWPX,3.0,25.0,UNKNOWN,PROD489-ATWWPX-26124 | Manual production
f03fe12d-5927-46d9-a203-77058b812ffd,PRODUCE,PROD490-RESD25-26124,2026-05-17 21:10:56,05-04-2026,Resolute DEF 2.5 Gal classic,RESD25,5.0,4.0,UNKNOWN,PROD490-RESD25-26124 | Manual production
32739c14-b516-47cd-8271-da8704d56653,PRODUCE,PROD491-CLF-QT-26124,2026-05-17 21:11:28,05-04-2026,Quick Lite,CLF-QT,6.0,0.6666666666666666,UNKNOWN,PROD491-CLF-QT-26124 | Manual production
88902c97-4ac7-4b3c-a0c3-cbd5148d1ef5,PRODUCE,PROD492-CLF-QT-26125,2026-05-17 21:13:52,05-05-2026,Quick Lite,CLF-QT,6.0,3.0,UNKNOWN,PROD492-CLF-QT-26125 | Manual production
88811f1b-ba52-4dbd-9205-5b3c58418087,PRODUCE,PROD493-CHLD35-GN-26125,2026-05-17 21:23:09,05-05-2026,Choice Laundry Detergent Gain Type 3.5 Gal,CHLD35-GN,4.0,4.0,UNKNOWN,PROD493-CHLD35-GN-26125 | Manual production
bc6c5f25-5c79-423a-95dd-33e8846a4372,PRODUCE,PROD494-CHLD35-GN-26126,2026-05-17 21:24:23,05-06-2026,Choice Laundry Detergent Gain Type 3.5 Gal,CHLD35-GN,4.0,5.0,UNKNOWN,PROD494-CHLD35-GN-26126 | Manual production
527accb9-c088-4810-a85e-4e851008c4ae,PRODUCE,PROD495-CHLD35-GN-26126,2026-05-17 21:24:38,05-06-2026,Choice Laundry Detergent Gain Type 3.5 Gal,CHLD35-GN,4.0,1.0,UNKNOWN,PROD495-CHLD35-GN-26126 | Manual production
7ba03f12-baff-46d1-a609-9c9449d3c57c,PRODUCE,PROD496-CLF-QT-26126,2026-05-17 21:25:00,05-06-2026,Quick Lite,CLF-QT,6.0,3.0,UNKNOWN,PROD496-CLF-QT-26126 | Manual production
01f48c63-67af-4ecc-8e90-84a21cd35bba,PRODUCE,PROD497-FSMO52-26126,2026-05-17 21:25:16,05-06-2026,4 Seasons Oil 5W20,FSMO52,2.0,2.0,UNKNOWN,PROD497-FSMO52-26126 | Manual production
8277b117-8c8f-4656-aac5-fe7c944158b3,PRODUCE,PROD498-FSMO14-26127,2026-05-17 21:28:33,05-07-2026,4 Seasons Oil 10W40,FSMO14,2.0,3.0,UNKNOWN,PROD498-FSMO14-26127 | Manual production
10f1fcc1-e5c3-40fd-92fc-afcb227670a9,PRODUCE,PROD499-CLF-QT-26127,2026-05-17 21:29:02,05-07-2026,Quick Lite,CLF-QT,6.0,4.0,UNKNOWN,PROD499-CLF-QT-26127 | Manual production
13721422-2249-4758-b6ce-0c99d227d707,PRODUCE,PROD500-TBDTTRV50P-26127,2026-05-17 21:29:19,05-07-2026,Totes RV-50 Pink,TBDTTRV50P,4.0,0.5,UNKNOWN,PROD500-TBDTTRV50P-26127 | Manual production
5ef537f5-6213-4e58-9dcf-3296528b8edb,PRODUCE,PROD501-CLF-QT-26128,2026-05-17 21:30:17,05-08-2026,Quick Lite,CLF-QT,6.0,3.0,UNKNOWN,PROD501-CLF-QT-26128 | Manual production
1eae905a-f462-4668-9a61-4dbf7b4f86b0,PRODUCE,PROD502-FSMOTF-26128,2026-05-17 21:30:32,05-08-2026,4 Seasons Oil ATF,FSMOTF,2.0,1.0,UNKNOWN,PROD502-FSMOTF-26128 | Manual production
3466bfcc-5d5c-4b47-aaab-d6d128108bdf,PRODUCE,PROD503-FSMO52-26128,2026-05-17 21:31:04,05-08-2026,4 Seasons Oil 5W20,FSMO52,2.0,2.0,UNKNOWN,PROD503-FSMO52-26128 | Manual production
842cb952-a3a6-448f-86d8-2e8e18f165a9,PRODUCE,PROD504-CLF-QT-26129,2026-05-17 21:32:01,05-09-2026,Quick Lite,CLF-QT,6.0,3.0,UNKNOWN,PROD504-CLF-QT-26129 | Manual production
a99f7364-f81c-49e9-8563-67c2a1be81d2,PRODUCE,PROD505-CLF-QT-26131,2026-05-17 21:32:50,05-11-2026,Quick Lite,CLF-QT,6.0,1.0,UNKNOWN,PROD505-CLF-QT-26131 | Manual production
d08c5253-631d-42dd-a111-f3e64b703ffb,PRODUCE,PROD506-FSMO13-26131,2026-05-17 21:33:10,05-11-2026,4 Seasons Oil 10W30,FSMO13,2.0,1.0,UNKNOWN,PROD506-FSMO13-26131 | Manual production
4ed2d4e9-8cde-4d96-b372-9d41898357b2,PRODUCE,PROD507-FSMO53-26131,2026-05-17 21:33:21,05-11-2026,4 Seasons Oil 5W30,FSMO53,2.0,3.0,UNKNOWN,PROD507-FSMO53-26131 | Manual production
90ce469e-8cee-4950-873c-eb278a165a46,PRODUCE,PROD508-FSAF50-26131,2026-05-17 21:34:36,05-11-2026,4 Seasons Antifreeze,FSAF50,1.0,11.0,UNKNOWN,PROD508-FSAF50-26131 | Manual production
e8385495-596e-4808-a849-3beee7ba1b15,PRODUCE,PROD509-FSAF50-26132,2026-05-18 22:40:45,05-12-2026,4 Seasons Antifreeze,FSAF50,1.0,6.0,UNKNOWN,PROD509-FSAF50-26132 | Manual production
8ebc5c1d-240c-4641-b9fd-9a86adb89478,PRODUCE,PROD510-RSW321-26132,2026-05-18 22:41:22,05-12-2026,Resolute +32 Bug Wash,RSW321,3.0,11.0,UNKNOWN,PROD510-RSW321-26132 | Manual production
8cd293dd-3a2b-489a-bf9d-455693dce5c7,PRODUCE,PROD511-FSMO52-26132,2026-05-18 22:41:48,05-12-2026,4 Seasons Oil 5W20,FSMO52,2.0,2.0,UNKNOWN,PROD511-FSMO52-26132 | Manual production
2714a08b-49b8-43aa-b0e1-e588e1f0f181,PRODUCE,PROD512-CLF-QT-26132,2026-05-18 22:42:33,05-12-2026,Quick Lite,CLF-QT,6.0,4.0,UNKNOWN,PROD512-CLF-QT-26132 | Manual production
34a51e8a-e97b-4480-bb56-a193bb626001,PRODUCE,PROD513-ATGLP50-26133,2026-05-18 22:43:30,05-13-2026,Global Power 50,ATGLP50,1.0,1.0,UNKNOWN,PROD513-ATGLP50-26133 | Manual production
041f86c9-5e0d-44ea-a30b-bac54cd2f700,PRODUCE,PROD514-CLF-QT-26133,2026-05-18 22:43:43,05-13-2026,Quick Lite,CLF-QT,6.0,4.0,UNKNOWN,PROD514-CLF-QT-26133 | Manual production
1415eda4-bbed-4559-87c7-e61c3a8f9d35,PRODUCE,PROD515-RSW321-26133,2026-05-18 22:44:01,05-13-2026,Resolute +32 Bug Wash,RSW321,3.0,13.0,UNKNOWN,PROD515-RSW321-26133 | Manual production
7ee72850-2762-498f-a402-6d247a429a76,PRODUCE,PROD516-CLF-QT-26134,2026-05-18 22:45:00,05-14-2026,Quick Lite,CLF-QT,6.0,2.0,UNKNOWN,PROD516-CLF-QT-26134 | Manual production
83d01437-d3e2-4504-8da7-7d1cf961010a,PRODUCE,PROD517-FSMO53-26134,2026-05-18 22:45:23,05-14-2026,4 Seasons Oil 5W30,FSMO53,2.0,2.0,UNKNOWN,PROD517-FSMO53-26134 | Manual production
1ea8e92a-eb1f-4006-bc02-f98b62f326fd,PRODUCE,PROD518-FCBL01-26135,2026-05-18 22:49:45,05-15-2026,Fresh Choice Bleach,FCBL01,7.0,6.0,UNKNOWN,PROD518-FCBL01-26135 | Manual production
713d9555-a864-4c6f-bba1-fd7c2d6d1ea1,PRODUCE,PROD519-FSMO13-26135,2026-05-18 22:50:42,05-15-2026,4 Seasons Oil 10W30,FSMO13,2.0,2.0,UNKNOWN,PROD519-FSMO13-26135 | Manual production
30703f6d-dd45-430b-b5f2-81a7fb17c640,PRODUCE,PROD520-FSMO52-26135,2026-05-18 22:50:53,05-15-2026,4 Seasons Oil 5W20,FSMO52,2.0,1.0,UNKNOWN,PROD520-FSMO52-26135 | Manual production
b4317d60-e3c2-4efe-a714-630577ca46a4,PRODUCE,PROD521-ATWWBX-26138,2026-05-28 22:55:01,05-18-2026,BugX W/Wash +32,ATWWBX,3.0,21.0,UNKNOWN,PROD521-ATWWBX-26138 | Manual production
ad3ed9ca-98b0-45e6-aadb-01527217c365,PRODUCE,PROD522-FSMO14-26138,2026-05-28 22:58:13,05-18-2026,4 Seasons Oil 10W40,FSMO14,2.0,1.0,UNKNOWN,PROD522-FSMO14-26138 | Manual production
939d82b7-3526-4136-aea6-34c246ebd0bd,PRODUCE,PROD523-FSMO52-26138,2026-05-28 22:58:22,05-18-2026,4 Seasons Oil 5W20,FSMO52,2.0,1.0,UNKNOWN,PROD523-FSMO52-26138 | Manual production
12e0a39e-7665-4352-90fa-3d8611c506e0,PRODUCE,PROD524-FSMO13-26138,2026-05-28 22:58:33,05-18-2026,4 Seasons Oil 10W30,FSMO13,2.0,0.2857142857142857,UNKNOWN,PROD524-FSMO13-26138 | Manual production
3c46be5d-34fc-4d97-b286-b66181bce840,PRODUCE,PROD525-FSMO52-26138,2026-05-28 22:58:55,05-18-2026,4 Seasons Oil 5W20,FSMO52,2.0,0.2857142857142857,UNKNOWN,PROD525-FSMO52-26138 | Manual production
e165dd5b-320f-430a-a530-b75ecdc133ce,PRODUCE,PROD526-FSMO14-26138,2026-05-28 22:59:08,05-18-2026,4 Seasons Oil 10W40,FSMO14,2.0,0.2857142857142857,UNKNOWN,PROD526-FSMO14-26138 | Manual production
1d7f090a-b80c-49fd-8cf1-669e9721abac,PRODUCE,PROD527-FSMO53-26138,2026-05-28 22:59:17,05-18-2026,4 Seasons Oil 5W30,FSMO53,2.0,0.5714285714285714,UNKNOWN,PROD527-FSMO53-26138 | Manual production
af7d5f07-58d4-479d-b13d-fa0e9a053922,PRODUCE,PROD528-ATWWBX-26139,2026-05-28 23:00:22,05-19-2026,BugX W/Wash +32,ATWWBX,3.0,1.0,UNKNOWN,PROD528-ATWWBX-26139 | Manual production
3885ca27-cfcc-41b0-bb34-c2cf1fc62fde,PRODUCE,PROD529-ATWWAX-26139,2026-05-28 23:00:34,05-19-2026,AquaX W/Wash +32,ATWWAX,3.0,19.0,UNKNOWN,PROD529-ATWWAX-26139 | Manual production
0f413f61-2b1a-4b5f-bb2d-0fe75c28084d,PRODUCE,PROD530-FSMOTF-26139,2026-05-28 23:00:53,05-19-2026,4 Seasons Oil ATF,FSMOTF,2.0,5.0,UNKNOWN,PROD530-FSMOTF-26139 | Manual production
95e58832-cb88-4fa3-a5c9-cf8adb20b836,PRODUCE,PROD531-ATGPFS-26140,2026-05-28 23:01:42,05-20-2026,Green Power 100,ATGPFS,1.0,1.0,UNKNOWN,PROD531-ATGPFS-26140 | Manual production
c8659d8f-3cc8-49c6-9a36-61b3b8f4c487,PRODUCE,PROD532-ATWWAX-26140,2026-06-01 08:16:16,05-20-2026,AquaX W/Wash +32,ATWWAX,3.0,21.0,UNKNOWN,PROD532-ATWWAX-26140 | Manual production
0be687c6-7dc6-4672-92bb-b13b3455b66d,PRODUCE,PROD533-PSLC125-26140,2026-06-01 08:16:58,05-20-2026,Pool Shock,PSLC125,3.0,7.0,UNKNOWN,PROD533-PSLC125-26140 | Manual production
73b8784a-f639-4bef-8576-074aa0d20382,PRODUCE,PROD534-FSMO13-26140,2026-06-01 08:17:14,05-20-2026,4 Seasons Oil 10W30,FSMO13,2.0,1.0,UNKNOWN,PROD534-FSMO13-26140 | Manual production
81a435fc-aa14-473b-b51a-86a80f730870,PRODUCE,PROD535-FSMO52-26140,2026-06-01 08:17:24,05-20-2026,4 Seasons Oil 5W20,FSMO52,2.0,1.0,UNKNOWN,PROD535-FSMO52-26140 | Manual production
296cc4cb-ad64-499f-bae2-23523bb9f7b5,PRODUCE,PROD536-FSMO53-26140,2026-06-01 08:17:31,05-20-2026,4 Seasons Oil 5W30,FSMO53,2.0,1.0,UNKNOWN,PROD536-FSMO53-26140 | Manual production
3a1ae89b-5b41-4bad-b45d-89e1dd1835f0,PRODUCE,PROD537-ATWWAX-26141,2026-06-01 08:18:39,05-21-2026,AquaX W/Wash +32,ATWWAX,3.0,1.0,UNKNOWN,PROD537-ATWWAX-26141 | Manual production
7ff5a30e-ffca-4ec0-9dc9-caa7824d8952,PRODUCE,PROD538-ATWWBX-26141,2026-06-01 08:18:49,05-21-2026,BugX W/Wash +32,ATWWBX,3.0,2.0,UNKNOWN,PROD538-ATWWBX-26141 | Manual production
1e4d6cea-961b-4808-ac16-cd59f42c2c67,PRODUCE,PROD539-RSW321-26141,2026-06-01 08:18:58,05-21-2026,Resolute +32 Bug Wash,RSW321,3.0,17.0,UNKNOWN,PROD539-RSW321-26141 | Manual production
51178f27-3ba2-422a-a66e-d406bd06356f,PRODUCE,PROD540-SPCD55G-26141,2026-06-01 08:21:06,05-21-2026,Drum Super Purple Cleaner & Degreaser,SPCD55G,4.0,0.25,UNKNOWN,PROD540-SPCD55G-26141 | Manual production
216fa1b9-ba9a-4ba9-8672-7705656b57e3,PRODUCE,PROD541-ATAB55-26141,2026-06-01 08:21:22,05-21-2026,Drum DEF,ATAB55,4.0,0.75,UNKNOWN,PROD541-ATAB55-26141 | Manual production
281298a4-33ef-4969-87a6-1b4bd1976421,PRODUCE,PROD542-ATCP50-55-26141,2026-06-01 08:21:33,05-21-2026,Drum Cool Power 50,ATCP50-55,4.0,1.0,UNKNOWN,PROD542-ATCP50-55-26141 | Manual production
2c658586-28b8-4b94-908d-c05570fe9f24,PRODUCE,PROD543-PSLC125-26141,2026-06-01 08:22:37,05-21-2026,Pool Shock,PSLC125,3.0,7.0,UNKNOWN,PROD543-PSLC125-26141 | Manual production
bdd24a56-bdc5-48bb-a54c-8bfb1ed0e4d5,PRODUCE,PROD544-ATWWBX-26142,2026-06-01 08:24:01,05-22-2026,BugX W/Wash +32,ATWWBX,3.0,12.0,UNKNOWN,PROD544-ATWWBX-26142 | Manual production
ba611b4a-8797-44de-9006-698e2959e54d,PRODUCE,PROD545-RSW321-26142,2026-06-01 08:24:11,05-22-2026,Resolute +32 Bug Wash,RSW321,3.0,3.0,UNKNOWN,PROD545-RSW321-26142 | Manual production
0f60bd56-c172-4535-bb6b-9b2f6a365d4c,PRODUCE,PROD546-CLF-QT-26142,2026-06-01 08:24:37,05-22-2026,Quick Lite,CLF-QT,6.0,3.0,UNKNOWN,PROD546-CLF-QT-26142 | Manual production
3eb88ab4-2302-45d8-9041-f7d3fd31963b,PRODUCE,PROD547-CLF-QT-26143,2026-06-01 08:25:10,05-23-2026,Quick Lite,CLF-QT,6.0,2.0,UNKNOWN,PROD547-CLF-QT-26143 | Manual production
4a2c8f4c-10fc-4208-bca1-c6db1f0efdce,PRODUCE,PROD548-OTRW255-26146,2026-06-01 08:30:47,05-26-2026,Drum OTR-25,OTRW255,4.0,7.0,UNKNOWN,PROD548-OTRW255-26146 | Manual production
96406e3c-aa41-46cc-b5b3-979bf2373adb,PRODUCE,PROD549-CLF-QT-26146,2026-06-01 08:31:01,05-26-2026,Quick Lite,CLF-QT,6.0,4.0,UNKNOWN,PROD549-CLF-QT-26146 | Manual production
c312428c-68f7-4551-a043-6fb5891080f0,PRODUCE,PROD550-ATWWBX-26146,2026-06-01 08:31:22,05-26-2026,BugX W/Wash +32,ATWWBX,3.0,13.0,UNKNOWN,PROD550-ATWWBX-26146 | Manual production
6f05f99a-8048-4ba7-b0b1-07bd213abab4,PRODUCE,PROD551-RSW321-26146,2026-06-01 08:31:31,05-26-2026,Resolute +32 Bug Wash,RSW321,3.0,6.0,UNKNOWN,PROD551-RSW321-26146 | Manual production
b5b19ccd-67a6-40f9-abec-6e6cbc4cd102,PRODUCE,PROD552-RSW321-26147,2026-06-01 08:32:18,05-27-2026,Resolute +32 Bug Wash,RSW321,3.0,6.0,UNKNOWN,PROD552-RSW321-26147 | Manual production
bd048bfc-5358-44fe-a1fa-1b284b08c5b4,PRODUCE,PROD553-CLF-QT-26147,2026-06-01 08:32:35,05-27-2026,Quick Lite,CLF-QT,6.0,3.0,UNKNOWN,PROD553-CLF-QT-26147 | Manual production
69d1f0fe-fa8c-4ddb-a730-063950d4fc54,PRODUCE,PROD554-OTRW255-26147,2026-06-01 08:32:50,05-27-2026,Drum OTR-25,OTRW255,4.0,23.0,UNKNOWN,PROD554-OTRW255-26147 | Manual production
c62366c9-1e19-4b78-9e8a-6595e05aa5de,PRODUCE,PROD555-CLF-QT-26148,2026-06-01 08:41:41,05-28-2026,Quick Lite,CLF-QT,6.0,4.0,UNKNOWN,PROD555-CLF-QT-26148 | Manual production
a454c27e-7a05-4549-8957-4961f7d717fb,PRODUCE,PROD556-RSW321-26148,2026-06-01 08:42:26,05-28-2026,Resolute +32 Bug Wash,RSW321,3.0,9.0,UNKNOWN,PROD556-RSW321-26148 | Manual production
fb77d0c5-32a0-4348-b9e1-dcebebf0fb9a,PRODUCE,PROD557-OTRW255-26148,2026-06-01 08:43:57,05-28-2026,Drum OTR-25,OTRW255,4.0,14.0,UNKNOWN,PROD557-OTRW255-26148 | Manual production
d15c3c39-d8d2-4aaa-aa58-9cd5957dffa1,PRODUCE,PROD558-ATWW55-26148,2026-06-01 08:44:11,05-28-2026,Drum W/Wash -20,ATWW55,4.0,2.0,UNKNOWN,PROD558-ATWW55-26148 | Manual production
3f7cd470-10aa-44c0-ae5e-ff3eb3508e79,PRODUCE,PROD559-OTRW252-26148,2026-06-01 08:44:38,05-28-2026,Tote OTR-25,OTRW252,4.0,3.0,UNKNOWN,PROD559-OTRW252-26148 | Manual production
18a1bde6-5e93-446d-ae09-64257dd10963,PRODUCE,PROD560-ATGP50-26148,2026-06-01 08:45:05,05-28-2026,Green Power 50,ATGP50,1.0,8.0,UNKNOWN,PROD560-ATGP50-26148 | Manual production
7a94c6c7-8563-42d0-8129-7e20aa2911b4,PRODUCE,PROD561-CLF-QT-26149,2026-06-01 08:47:48,05-29-2026,Quick Lite,CLF-QT,6.0,3.0,UNKNOWN,PROD561-CLF-QT-26149 | Manual production
0767639e-3847-4a5d-a99e-c86b5cf34d9c,PRODUCE,PROD562-OTRW255-26149,2026-06-01 08:48:05,05-29-2026,Drum OTR-25,OTRW255,4.0,6.0,UNKNOWN,PROD562-OTRW255-26149 | Manual production
baa76d07-daa0-4fa4-8d62-7336efa2edc7,PRODUCE,PROD563-FSAF50-26149,2026-06-01 08:48:20,05-29-2026,4 Seasons Antifreeze,FSAF50,1.0,8.0,UNKNOWN,PROD563-FSAF50-26149 | Manual production
822dcae1-0ce5-4963-94aa-dc8045cdd62f,PRODUCE,PROD564-ATGP50-26149,2026-06-01 08:48:30,05-29-2026,Green Power 50,ATGP50,1.0,5.0,UNKNOWN,PROD564-ATGP50-26149 | Manual production
1c9d8aaf-e01e-4485-9c69-89add993f3d5,PRODUCE,PROD565-CLF-QT-26150,2026-06-01 08:49:03,05-30-2026,Quick Lite,CLF-QT,6.0,2.0,UNKNOWN,PROD565-CLF-QT-26150 | Manual production
0797f9a5-c3dc-46eb-be62-fef4467c9324,PRODUCE,PROD566-OTRW05-26150,2026-06-01 08:53:15,05-30-2026,Drum OTR-0,OTRW05,4.0,4.0,UNKNOWN,PROD566-OTRW05-26150 | Manual production
3b2cbc3d-edd1-4ef4-bf0b-807ebcff0238,PRODUCE,PROD567-FSMO13-26150,2026-06-01 08:53:29,05-30-2026,4 Seasons Oil 10W30,FSMO13,2.0,1.0,UNKNOWN,PROD567-FSMO13-26150 | Manual production
873a1a66-530c-4fe7-a576-27721590c140,PRODUCE,PROD568-CLF-QT-26152,2026-06-03 07:44:00,06-01-2026,Quick Lite,CLF-QT,6.0,3.0,UNKNOWN,PROD568-CLF-QT-26152 | Manual production
43e75dce-5820-44af-9ceb-a0f899bcf23a,PRODUCE,PROD569-ATAB55-26152,2026-06-03 07:44:23,06-01-2026,Drum DEF,ATAB55,4.0,2.0,UNKNOWN,PROD569-ATAB55-26152 | Manual production
044678fa-b97f-4a8a-9e61-160e2ce2e5f2,PRODUCE,PROD570-FSMO13-26152,2026-06-03 07:44:43,06-01-2026,4 Seasons Oil 10W30,FSMO13,2.0,3.0,UNKNOWN,PROD570-FSMO13-26152 | Manual production
ea2e2ee3-ed4f-4488-97a2-0c274ef51ec8,PRODUCE,PROD571-FSMO14-26152,2026-06-03 07:44:52,06-01-2026,4 Seasons Oil 10W40,FSMO14,2,2.0,UNKNOWN,PROD571-FSMO14-26152 | Manual production
