ProductionID,Date,Line,Product,ProductCode,UnitType,UnitsCompleted,UnitsPerPallet,PalletsCompleted,Notes
PROD1-ATGP50-25322,11-18-2025,1,Green Power 50,ATGP50,case,900.0,36.0,25.0,nan
PROD3-ATWWPX-25322,11-18-2025,3,PolarX Windshield Wash -20,ATWWPX,case,245.0,35.0,7.0,nan
PROD2-TBD-25322,11-18-2025,2,4 Seasons Oil 5W30,FSMO53,case,182.0,182.0,1.0,nan
PROD1-ATGP50-25323,11-19-2025,1,Green Power 50,ATGP50,case,756.0,36.0,21.0,nan
PROD4-TBD-25323,11-19-2025,4,Drum W/Wash -30,ATW305,drum,2.0,4.0,0.0,nan
PROD1-ATGP50-25324,11-20-2025,1,Green Power 50,ATGP50,case,576.0,36.0,16.0,nan
PROD3-ATWWPX-25324,11-20-2025,3,PolarX W/Wash -20,ATWWPX,case,350.0,35.0,10.0,nan
PROD1-OEFEVP50-25324,11-20-2025,1,OEF European Pink,OEFEVP50,case,72.0,36.0,2.0,nan
PROD4-TBD-25324,11-20-2025,4,Drum W/Wash -20,ATWW55,drum,16.0,4.0,4.0,nan
PROD1-OEFEVB50-25325,11-21-2025,1,OEF European Blue,OEFEVB50,case,72.0,36.0,2.0,nan
PROD1-OEFAVB50-25325,11-21-2025,1,OEF Asian Blue,OEFAVB50,case,36.0,36.0,1.0,nan
PROD4-FS5553-25325,11-21-2025,4,Drum Oil 5W30,FS5553,drum,1.0,4.0,0.0,nan
PROD3-ATWWPX-25325,11-21-2025,3,PolarX W/Wash -20,ATWWPX,case,525.0,35.0,15.0,nan
PROD1-OEFAVRP50-25325,11-21-2025,1,OEF Asian Red/Pink,OEFAVRP50,case,72.0,36.0,2.0,nan
PROD4-ATGLP5055-25325,11-21-2025,4,Drum Global Power 50,ATGLP5055,drum,1.0,4.0,0.0,nan
PROD4-TBD-25326,11-22-2025,4,Drum W/Wash -20,ATWW55,drum,36.0,4.0,9.0,nan
PROD4-TBD-25326,11-22-2025,4,Drum RV-50 Pink,ATRE501,drum,8.0,4.0,2.0,nan
PROD1-ATGP50-25328,11-24-2025,1,Green Power 50,ATGP50,case,144.0,36.0,4.0,nan
PROD1-OEFAVB50-25328,11-24-2025,1,OEF Asian Blue,OEFAVB50,case,36.0,36.0,1.0,nan
PROD4-FS5553-25328,11-24-2025,4,Drum Oil 5W30,FS5553,drum,1.0,4.0,0.0,Partial pallet: 1 units (full pallet = 4).
PROD3-ATWWPX-25328,11-24-2025,3,PolarX W/Wash -20,ATWWPX,case,630.0,35.0,18.0,nan
PROD4-FS5552-25328,11-24-2025,4,Drum Oil 5W20,FS5552,drum,1.0,4.0,0.0,Partial pallet: 1 units (full pallet = 4).
PROD3-TBD-25328,11-24-2025,3,Bug Wash +32,TBD,case,70.0,35.0,2.0,nan
PROD1-ATGP50-25329,11-25-2025,1,Green Power 50,ATGP50,case,792.0,36.0,22.0,nan
PROD3-ATWWPX-25329,11-25-2025,3,PolarX W/Wash -20,ATWWPX,case,560.0,35.0,16.0,nan
PROD4-ATGLP5055-25329,11-25-2025,4,Drum Global Power 50,ATGLP5055,drum,4.0,4.0,1.0,nan
PROD4-TBD-25329,11-25-2025,4,Choice Laundry Detergent Gain Type 3.5 Gal,CHLD35-GN,bucket,60.0,60.0,1.0,nan
PROD1-TBD-25330,11-26-2025,1,4 Seasons Antifreeze,FSAF50,case,684.0,36.0,19.0,nan
PROD3-ATWWPX-25330,11-26-2025,3,PolarX W/Wash -20,ATWWPX,case,385.0,35.0,11.0,nan
PROD1-TBD-25332,11-28-2025,1,Simply Cool,TBD,case,144.0,36.0,4.0,nan
PROD1-TBD-25332,11-28-2025,1,Simply Green,TBD,case,504.0,36.0,14.0,nan
PROD1-TBD-25335,12-01-2025,1,4 Seasons Antifreeze,FSAF50,case,864.0,36.0,24.0,nan
PROD1-TBD-25335,12-01-2025,1,Simply Green,TBD,case,72.0,36.0,2.0,nan
PROD3-ATWWPX-25335,12-01-2025,3,PolarX W/Wash -20,ATWWPX,case,245.0,35.0,7.0,nan
PROD4-TBD-25335,12-01-2025,4,Choice Laundry Detergent Gain Type 3.5 Gal,CHLD35-GN,bucket,120.0,60.0,2.0,nan
PROD1-ATGP50-25336,12-02-2025,1,Green Power 50,ATGP50,case,900.0,36.0,25.0,nan
PROD4-TBD-25336,12-02-2025,4,Drum W/Wash -20,ATWW55,drum,40.0,4.0,10.0,nan
PROD4-TBD-25336,12-02-2025,4,Drum RV-100 Blue,TBD,drum,12.0,4.0,3.0,nan
PROD3-ATWWPX-25336,12-02-2025,3,PolarX W/Wash -20,ATWWPX,case,490.0,35.0,14.0,nan
PROD1-ATGP50-25337,12-03-2025,1,Green Power 50,ATGP50,case,936.0,36.0,26.0,nan
PROD3-ATWWPX-25337,12-03-2025,3,PolarX W/Wash -20,ATWWPX,case,595.0,35.0,17.0,nan
PROD4-TBD-25337,12-03-2025,4,Drum W/Wash -30,ATW305,drum,8.0,4.0,2.0,nan
PROD4-TBD-25337,12-03-2025,4,Drum W/Wash -20,ATWW55,drum,8.0,4.0,2.0,nan
PROD1-ATGP50-25338,12-04-2025,1,Green Power 50,ATGP50,case,1008.0,36.0,28.0,nan
PROD3-ATWWPX-25338,12-04-2025,3,PolarX W/Wash -20,ATWWPX,case,630.0,35.0,18.0,nan
PROD4-TBD-25338,12-04-2025,4,Drum W/Wash -30,ATW305,drum,16.0,4.0,4.0,nan
PROD1-ATGP50-25339,12-05-2025,1,Green Power 50,ATGP50,case,900.0,36.0,25.0,nan
PROD3-ATWWPX-25339,12-05-2025,3,PolarX W/Wash -20,ATWWPX,case,455.0,35.0,13.0,nan
PROD4-ATAB55-25339,12-05-2025,4,Drum DEF,ATAB55,drum,4.0,4.0,1.0,nan
PROD4-FS5553-25339,12-05-2025,4,Drum Oil 5W30,FS5553,drum,1.0,4.0,0.0,Partial pallet: 1 units (full pallet = 4).
PROD1-ATGP50-25340,12-06-2025,1,Green Power 50,ATGP50,case,432.0,36.0,12.0,nan
PROD3-ATWWPX-25340,12-06-2025,3,PolarX W/Wash -20,ATWWPX,case,280.0,35.0,8.0,nan
PROD4-TBD-25340,12-06-2025,4,Drum W/Wash -20,ATWW55,drum,12.0,4.0,3.0,nan
PROD4-TBD-25340,12-06-2025,4,Drum W/Wash -30,ATW305,drum,4.0,4.0,1.0,nan
PROD1-ATGP50-25343,12-09-2025,1,Green Power 50,ATGP50,case,864.0,36.0,24.0,nan
PROD3-ATWWPX-25343,12-09-2025,3,PolarX W/Wash -20,ATWWPX,case,140.0,35.0,4.0,nan
PROD4-TBD-25343,12-09-2025,4,Drum W/Wash -20,ATWW55,drum,17.0,4.0,4.0,Partial pallet: 17 units (full pallet = 4).
PROD4-TBD-25343,12-09-2025,4,Drum Super Purple,TBD,drum,1.0,4.0,0.0,Partial pallet: 1 units (full pallet = 4).
PROD4-TBD-25343,12-09-2025,4,Drum Propel 50,TBD,drum,1.0,4.0,0.0,Partial pallet: 1 units (full pallet = 4).
PROD1-TBD-25344,12-10-2025,1,4 Seasons Antifreeze,FSAF50,case,900.0,36.0,25.0,nan
PROD3-ATWWPX-25344,12-10-2025,3,PolarX W/Wash -20,ATWWPX,case,490.0,35.0,14.0,nan
PROD4-TBD-25344,12-10-2025,4,Drum W/Wash -20,ATWW55,drum,16.0,4.0,4.0,nan
PROD1-TBD-25345,12-11-2025,1,4 Seasons Antifreeze,FSAF50,case,612.0,36.0,17.0,nan
PROD3-ATWWPX-25345,12-11-2025,3,PolarX W/Wash -20,ATWWPX,case,490.0,35.0,14.0,nan
PROD4-ATWW55-25345,12-11-2025,4,Drum W/Wash -20,ATWW55,drum,4.0,4.0,1.0,nan
PROD4-TBD-25345,12-11-2025,4,Drum RV-100 Blue,TBD,drum,12.0,4.0,3.0,nan
PROD1-ATGP50-25321,11-17-2025,1,Green Power 50,ATGP50,case,864.0,36.0,24.0,nan
PROD1-ATGP50-25319,11-15-2025,1,Green Power 50,ATGP50,case,432.0,36.0,12.0,nan
PROD1-FSAF50-25346,12-12-2025,1,4 Seasons Antifreeze,FSAF50,case,684.0,36.0,19.0,nan
PROD3-ATWWPX-25346,12-12-2025,3,PolarX W/Wash -20,ATWWPX,case,280.0,35.0,8.0,nan
PROD1-FSAF50-25347,12-13-2025,1,4 Seasons Antifreeze,FSAF50,case,432.0,36.0,12.0,nan
PROD74-FSAF50-25349,12-15-2025,1,4 Seasons Antifreeze,FSAF50,case,432.0,36.0,12.0,nan
PROD75-ATGP50-25349,12-15-2025,1,Green Power 50,ATGP50,case,432.0,36.0,12.0,nan
PROD76-ATWWPX-25349,12-15-2025,3,PolarX W/Wash -20,ATWWPX,case,385.0,35.0,11.0,nan
PROD77-TBD-25349,12-15-2025,4,Drum W/Wash -30,ATW305,drum,4.0,4.0,1.0,nan
PROD78-ATGP50-25350,12-16-2025,1,Green Power 50,ATGP50,case,36.0,36.0,1.0,nan
PROD79-ATWWPX-25350,12-16-2025,3,PolarX W/Wash -20,ATWWPX,case,560.0,35.0,16.0,nan
PROD80-ATCP50-25350,12-16-2025,1,Cool Power 50,ATCP50,case,792.0,36.0,22.0,nan
PROD79-TBD-25346,12-12-2025,1,Propel 50,TBD,case,72.0,36.0,2.0,nan
PROD80-ATGP50-25351,12-17-2025,1,Green Power 50,ATGP50,case,900.0,36.0,25.0,nan
PROD81-ATWWPX-25351,12-17-2025,3,PolarX W/Wash -20,ATWWPX,case,595.0,35.0,17.0,nan
PROD82-ATGP50-25352,12-18-2025,1,Green Power 50,ATGP50,case,936.0,36.0,26.0,nan
PROD83-ATWWPX-25352,12-18-2025,3,PolarX W/Wash -20,ATWWPX,case,385.0,35.0,11.0,nan
PROD84-TBD-25352,12-18-2025,3,FrostX W/Wash -30,ATWWFX,case,140.0,35.0,4.0,nan
PROD85-ATGP50-25353,12-19-2025,1,Green Power 50,ATGP50,case,684.0,36.0,19.0,nan
PROD86-TBD-25353,12-19-2025,3,FrostX W/Wash -30,ATWWFX,case,70.0,35.0,2.0,nan
PROD87-ATWWPX-25353,12-19-2025,3,PolarX W/Wash -20,ATWWPX,case,490.0,35.0,14.0,nan
PROD88-TBD-25354,12-20-2025,3,FrostX W/Wash -30,ATWWFX,case,420.0,35.0,12.0,nan
PROD89-ATWWPX-25354,12-20-2025,3,PolarX W/Wash -20,ATWWPX,case,70.0,35.0,2.0,nan
PROD90-TBD-25355,12-21-2025,3,FrostX W/Wash -30,ATWWFX,case,315.0,35.0,9.0,nan
PROD91-ATAB55-25355,12-21-2025,4,Drum DEF,ATAB55,drum,4.0,4.0,1.0,nan
PROD92-TBD-25356,12-22-2025,3,FrostX W/Wash -30,ATWWFX,case,945.0,35.0,27.0,nan
PROD93-TBD-25356,12-22-2025,2,4 Seasons Oil 5W20,TBD,case,182.0,182.0,1.0,nan
PROD94-TBD-25357,12-23-2025,3,FrostX W/Wash -30,ATWWFX,case,1540.0,35.0,44.0,Line 1 was used alongside Line 3 due to Demand.
PROD95-TBD-25358,12-24-2025,3,FrostX W/Wash -30,ATWWFX,case,105.0,35.0,3.0,nan
PROD96-TBD-25358,12-24-2025,3,Bug Wash +32,TBD,case,245.0,35.0,7.0,nan
PROD97-TBD-25360,12-26-2025,3,FrostX W/Wash -30,ATWWFX,case,630.0,35.0,18.0,nan
PROD98-ATWWBX-25360,12-26-2025,3,BugX W/Wash +32,ATWWBX,case,175.0,35.0,5.0,nan
PROD99-ATWWPX-25360,12-26-2025,3,PolarX W/Wash -20,ATWWPX,case,455.0,35.0,13.0,nan
PROD3-ATWWFX-25361,12-27-2025,3,FrostX W/Wash -30,ATWWFX,case,1085.0,35.0,31.0,nan
PROD1-ATGP50-25363,12-29-2025,1,Green Power 50,ATGP50,case,216.0,36.0,6.0,nan
PROD3-ATWWFX-25363,12-29-2025,3,FrostX W/Wash -30,ATWWFX,case,1330.0,35.0,38.0,nan
PROD103-ATAB55-25363,12-29-2025,4,Drum DEF,ATAB55,drum,4.0,4.0,1.0,nan
PROD104-FS5530-25363,12-29-2025,4,Drum Oil 10W30,FS5530,drum,1.0,4.0,0.25,PARTIAL PALLET (1 of 4)
PROD105-ATGP50-25364,12-30-2025,1,Green Power 50,ATGP50,case,972.0,36.0,27.0,nan
PROD106-ATWWFX-25364,12-30-2025,3,FrostX W/Wash -30,ATWWFX,case,35.0,35.0,1.0,nan
PROD107-ATWWPX-25364,12-30-2025,3,PolarX W/Wash -20,ATWWPX,case,770.0,35.0,22.0,nan
PROD108-TBD-25364,12-30-2025,4,Choice Laundry Detergent Gain Type 3.5 Gal,CHLD35-GN,bucket,240.0,60.0,4.0,nan
PROD109-TBD-25364,12-30-2025,4,Choice Laundry Detergent TIDE Type 3.5 Gal,CHLD35-TI,bucket,300.0,60.0,5.0,nan
PROD110-ATWWPX-25283,10-10-2025,3,PolarX W/Wash -20,ATWWPX,case,1085.0,35.0,31.0,nan
PROD111-ATWWFX-25283,10-10-2025,3,FrostX W/Wash -30,ATWWFX,case,175.0,35.0,5.0,nan
PROD112-ATGP50-25283,10-10-2025,1,Green Power 50,ATGP50,case,2664.0,36.0,74.0,nan
PROD113-FSAF50-25284,10-11-2025,1,4 Seasons Antifreeze,FSAF50,case,288.0,36.0,8.0,nan
PROD114-FSMO13-25283,10-10-2025,2,4 Seasons Oil 10W30,FSMO13,case,364.0,182.0,2.0,nan
PROD115-FSMO14-25284,10-11-2025,2,4 Seasons Oil 10W40,FSMO14,case,546.0,182.0,3.0,nan
PROD116-FSMOTF-25285,10-12-2025,2,4 Seasons Oil ATF,FSMOTF,case,910.0,182.0,5.0,nan
PROD117-ATABD2-25283,10-10-2025,5,DEF 2.5 Gal,ATABD2,case,320.0,80.0,4.0,nan
PROD118-ATCP50-25288,10-15-2025,1,Cool Power 50,ATCP50,case,432.0,36.0,12.0,nan
PROD119-ATGLP50-25289,10-16-2025,1,Global Power 50,ATGLP50,case,72.0,36.0,2.0,nan
PROD120-OEFAVB50-25291,10-18-2025,1,OEF Asian Blue,OEFAVB50,case,72.0,36.0,2.0,nan
PROD121-OEFAVRP50-25292,10-19-2025,1,OEF Asian Red/Pink,OEFAVRP50,case,72.0,36.0,2.0,nan
PROD122-OEFEVB50-25293,10-20-2025,1,OEF European Blue,OEFEVB50,case,72.0,36.0,2.0,nan
PROD123-OEFEVP50-25293,10-20-2025,1,OEF European Pink,OEFEVP50,case,72.0,36.0,2.0,nan
PROD124-ATRE506-25293,10-20-2025,3,RV Antifreeze -50,ATRE506,case,490.0,35.0,14.0,nan
PROD125-ATRP1006-25294,10-21-2025,3,RV Antifreeze -100,ATRP1006,case,105.0,35.0,3.0,nan
PROD126-ATRE501-25293,10-20-2025,4,Drum RV-50 Pink,ATRE501,drum,120.0,4.0,30.0,nan
PROD127-TBD-25364,12-30-2025,3,Pool Shock,PSLC125,case,48.0,48.0,1.0,nan
PROD128-ATWWPX-25365,12-31-2025,3,PolarX W/Wash -20,ATWWPX,case,700.0,35.0,20.0,nan
PROD129-ATGP50-25365,12-31-2025,1,Green Power 50,ATGP50,case,864.0,36.0,24.0,nan
PROD130-CHLD35-TI-25365,12-31-2025,4,Choice Laundry Detergent TIDE Type 3.5 Gal,CHLD35-TI,bucket,120.0,60.0,2.0,nan
PROD131-ATW305-25365,12-31-2025,4,Drum W/Wash -30,ATW305,drum,4.0,4.0,1.0,nan
PROD132-ATWWPX-26003,01-03-2026,3,PolarX W/Wash -20,ATWWPX,case,350.0,35.0,10.0,nan
PROD133-ATGP50-26003,01-03-2026,1,Green Power 50,ATGP50,case,72.0,36.0,2.0,nan
PROD134-FSMO52-26003,01-03-2026,2,4 Seasons Oil 5W20,FSMO52,case,546.0,182.0,3.0,nan
PROD135-ATWWPX-26002,01-02-2026,3,PolarX W/Wash -20,ATWWPX,case,560.0,35.0,16.0,nan
PROD136-ATGP50-26002,01-02-2026,1,Green Power 50,ATGP50,case,900.0,36.0,25.0,nan
PROD137-ATW305-26002,01-02-2026,4,Drum W/Wash -30,ATW305,drum,4.0,4.0,1.0,nan
PROD138-ATGLP5055-26002,01-02-2026,4,Drum Global Power 50,ATGLP5055,drum,4.0,4.0,1.0,nan
PROD139-DRUMGP-34-26002,01-02-2026,4,Drum Green Power -34,ATGP50-55,drum,4.0,4.0,1.0,nan
PROD140-CHLD35-TI-26002,01-02-2026,4,Choice Laundry Detergent TIDE Type 3.5 Gal,CHLD35-TI,bucket,420.0,60.0,7.0,nan
PROD141-CHLD35-GN-26002,01-02-2026,4,Choice Laundry Detergent Gain Type 3.5 Gal,CHLD35-GN,bucket,300.0,60.0,5.0,nan
PROD142-FCBL01-26002,01-02-2026,4,Fresh Choice Bleach,FCBL01,case,70.0,35.0,2.0,nan
PROD4-FS5553-26002,01-02-2026,4,Drum Oil 5W30,FS5553,drum,1.0,4.0,0.25,PARTIAL PALLET (1 of 4)
PROD144-FS5553-26005,01-05-2026,4,Drum Oil 5W30,FS5553,drum,1.0,4.0,0.25,PARTIAL PALLET (1 of 4)
PROD145-FSMO53-26005,01-05-2026,2,4 Seasons Oil 5W30,FSMO53,case,910.0,182.0,5.0,nan
PROD146-FSMO52-26005,01-05-2026,2,4 Seasons Oil 5W20,FSMO52,case,364.0,182.0,2.0,nan
PROD147-ATWWPX-26005,01-05-2026,3,PolarX W/Wash -20,ATWWPX,case,525.0,35.0,15.0,nan
PROD148-ATGP50-26006,01-06-2026,1,Green Power 50,ATGP50,case,72.0,36.0,2.0,(BLACK BOTTLES USED INSTEAD)
PROD149-ATWWPX-26006,01-06-2026,3,PolarX W/Wash -20,ATWWPX,case,665.0,35.0,19.0,nan
PROD150-FSMO53-26006,01-06-2026,2,4 Seasons Oil 5W30,FSMO53,case,546.0,182.0,3.0,nan
PROD151-FSMO13-26006,01-06-2026,2,4 Seasons Oil 10W30,FSMO13,case,546.0,182.0,3.0,nan
PROD152-FS5553-26006,01-06-2026,4,Drum Oil 5W30,FS5553,drum,1.0,4.0,0.25,PARTIAL PALLET (1 of 4)
PROD153-FS5552-26006,01-06-2026,4,Drum Oil 5W20,FS5552,drum,1.0,4.0,0.25,PARTIAL PALLET (1 of 4)
PROD154-ATGP50-26007,01-07-2026,1,Green Power 50,ATGP50,case,324.0,36.0,9.0,BLACK ANTIFREEZE BOTTLES
PROD155-ATWWPX-26007,01-07-2026,3,PolarX W/Wash -20,ATWWPX,case,700.0,35.0,20.0,nan
PROD156-FSMO53-26007,01-07-2026,2,4 Seasons Oil 5W30,FSMO53,case,546.0,182.0,3.0,nan
PROD157-FSMO13-26007,01-07-2026,2,4 Seasons Oil 10W30,FSMO13,case,910.0,182.0,5.0,nan
PROD158-ATWWPX-26008,01-08-2026,3,PolarX W/Wash -20,ATWWPX,case,630.0,35.0,18.0,nan
PROD159-FSMO53-26008,01-08-2026,2,4 Seasons Oil 5W30,FSMO53,case,728.0,182.0,4.0,nan
PROD160-FSMO13-26008,01-08-2026,2,4 Seasons Oil 10W30,FSMO13,case,728.0,182.0,4.0,nan
PROD161-ATWW55-26008,01-08-2026,4,Drum W/Wash -20,ATWW55,drum,24.0,4.0,6.0,nan
PROD162-ATWWPX-26009,01-09-2026,3,PolarX W/Wash -20,ATWWPX,case,945.0,35.0,27.0,nan
PROD163-FSMO53-26009,01-09-2026,2,4 Seasons Oil 5W30,FSMO53,case,182.0,182.0,1.0,nan
PROD164-FSMO52-26009,01-09-2026,2,4 Seasons Oil 5W20,FSMO52,case,728.0,182.0,4.0,nan
PROD165-ATWWPX-26010,01-10-2026,3,PolarX W/Wash -20,ATWWPX,case,420.0,35.0,12.0,nan
PROD166-ATGP50-26010,01-10-2026,1,Green Power 50,ATGP50,case,288.0,36.0,8.0,BLACK BOTTLES USED
PROD167-ATWWPX-26012,01-12-2026,3,PolarX W/Wash -20,ATWWPX,case,560.0,35.0,16.0,nan
PROD168-ATGP50-26012,01-12-2026,1,Green Power 50,ATGP50,case,756.0,36.0,21.0,Black Antifreeze Bottle
PROD169-ATW305-26012,01-12-2026,4,Drum W/Wash -30,ATW305,drum,8.0,4.0,2.0,nan
PROD170-ATAB55-26012,01-12-2026,4,Drum DEF,ATAB55,drum,8.0,4.0,2.0,nan
PROD171-ATWWPX-26013,01-13-2026,3,PolarX W/Wash -20,ATWWPX,case,700.0,35.0,20.0,nan
PROD172-ATGP50-26013,01-13-2026,1,Green Power 50,ATGP50,case,756.0,36.0,21.0,BLACK AF BOTTLES USED
PROD173-ATWW55-26013,01-13-2026,4,Drum W/Wash -20,ATWW55,drum,8.0,4.0,2.0,nan
PROD174-ATGP50-26014,01-14-2026,1,Green Power 50,ATGP50,case,792.0,36.0,22.0,BLACK AF BOTTLES USED
PROD175-ATWWPX-26014,01-14-2026,3,PolarX W/Wash -20,ATWWPX,case,385.0,35.0,11.0,nan
PROD176-FSAF50-26014,01-14-2026,1,4 Seasons Antifreeze,FSAF50,case,36.0,36.0,1.0,BLACK AF BOTTLES USED
PROD177-ATWWBX-26014,01-14-2026,3,BugX W/Wash +32,ATWWBX,case,210.0,35.0,6.0,nan
PROD178-TOTERV100TBD-26014,01-14-2026,4,TOTE RV-100 Blue,TOTERV100TBD,tote,8.0,1.0,8.0,nan
PROD179-ATWWPX-26015,01-15-2026,3,PolarX W/Wash -20,ATWWPX,case,210.0,35.0,6.0,nan
PROD180-ATGP50-26015,01-15-2026,1,Green Power 50,ATGP50,case,468.0,36.0,13.0,BLACK AF BOTTLES USED
PROD181-ATWWFX-26015,01-15-2026,3,FrostX W/Wash -30,ATWWFX,case,105.0,35.0,3.0,nan
PROD182-ATWW55-26015,01-15-2026,4,Drum W/Wash -20,ATWW55,drum,16.0,4.0,4.0,nan
PROD183-ATGP50-26016,01-16-2026,1,Green Power 50,ATGP50,case,324.0,36.0,9.0,BLACK AF BOTTLES
PROD184-FSAF50-26016,01-16-2026,1,4 Seasons Antifreeze,FSAF50,case,144.0,36.0,4.0,BLACK AF BOTTLES
PROD185-ATWWPX-26016,01-16-2026,3,PolarX W/Wash -20,ATWWPX,case,385.0,35.0,11.0,nan
PROD186-ATGP50-26017,01-17-2026,1,Green Power 50,ATGP50,case,324.0,36.0,9.0,BLACK AF BOTTLES
PROD187-ATWWPX-26017,01-17-2026,3,PolarX W/Wash -20,ATWWPX,case,350.0,35.0,10.0,nan
PROD188-ATWWPX-26019,01-19-2026,3,PolarX W/Wash -20,ATWWPX,case,350.0,35.0,10.0,nan
PROD189-ATWWFX-26019,01-19-2026,3,FrostX W/Wash -30,ATWWFX,case,455.0,35.0,13.0,nan
PROD190-ATGP50-26019,01-19-2026,1,Green Power 50,ATGP50,case,288.0,36.0,8.0,BLACK AF BOTTLES USED
PROD191-PROAF50-26019,01-19-2026,1,Propel 50,PROAF50,case,72.0,36.0,2.0,nan
PROD192-FSMO53-26019,01-19-2026,2,4 Seasons Oil 5W30,FSMO53,case,546.0,182.0,3.0,nan
PROD193-ATWW55-26019,01-19-2026,4,Drum W/Wash -20,ATWW55,drum,16.0,4.0,4.0,nan
PROD194-ATW305-26019,01-19-2026,4,Drum W/Wash -30,ATW305,drum,4.0,4.0,1.0,nan
PROD195-TBD-26019,01-19-2026,4,Drum RV-100 Blue,TBD,drum,4.0,4.0,1.0,nan
PROD196-ATWWPX-26020,01-20-2026,3,PolarX W/Wash -20,ATWWPX,case,210.0,35.0,6.0,nan
PROD197-ATWWFX-26020,01-20-2026,3,FrostX W/Wash -30,ATWWFX,case,175.0,35.0,5.0,nan
PROD198-ATGP50-26020,01-20-2026,1,Green Power 50,ATGP50,case,288.0,36.0,8.0,nan
PROD199-ATRE506-26020,01-20-2026,3,RV Antifreeze -50,ATRE506,case,280.0,35.0,8.0,nan
PROD200-FSMO13-26020,01-20-2026,2,4 Seasons Oil 10W30,FSMO13,case,910.0,182.0,5.0,nan
PROD201-ATWWPX-26021,01-21-2026,3,PolarX W/Wash -20,ATWWPX,case,700.0,35.0,20.0,nan
PROD202-ATGP50-26021,01-21-2026,1,Green Power 50,ATGP50,case,936.0,36.0,26.0,nan
PROD203-ATGLP50-26021,01-21-2026,1,Global Power 50,ATGLP50,case,36.0,36.0,1.0,nan
PROD204-ATWWPX-26022,01-22-2026,3,PolarX W/Wash -20,ATWWPX,case,735.0,35.0,21.0,nan
PROD205-ATGP50-26022,01-22-2026,1,Green Power 50,ATGP50,case,972.0,36.0,27.0,nan
PROD206-ATWW55-26022,01-22-2026,4,Drum W/Wash -20,ATWW55,drum,24.0,4.0,6.0,nan
PROD207-ATGP50-26023,01-23-2026,1,Green Power 50,ATGP50,case,828.0,36.0,23.0,Adam OFF
PROD208-ATWWPX-26023,01-23-2026,3,PolarX W/Wash -20,ATWWPX,case,560.0,35.0,16.0,Adam OFF
PROD209-ATWW55-26023,01-23-2026,4,Drum W/Wash -20,ATWW55,drum,12.0,4.0,3.0,Adam OFF
PROD210-ATWWPX-26024,01-24-2026,3,PolarX W/Wash -20,ATWWPX,case,385.0,35.0,11.0,HALF DAY
PROD211-ATGP50-26024,01-24-2026,1,Green Power 50,ATGP50,case,540.0,36.0,15.0,HALF DAY
PROD212-ATWWPX-26026,01-26-2026,3,PolarX W/Wash -20,ATWWPX,case,630.0,35.0,18.0,nan
PROD213-FSAF50-26026,01-26-2026,1,4 Seasons Antifreeze,FSAF50,case,216.0,36.0,6.0,nan
PROD214-TBDSIMPLYG-26026,01-26-2026,1,Simply Green,TBDSIMPLYG,case,432.0,36.0,12.0,nan
PROD215-TBDSIMPLYC-26026,01-26-2026,1,Simply Cool,TBDSIMPLYC,case,216.0,36.0,6.0,nan
PROD216-ATWWPX-26027,01-27-2026,3,PolarX W/Wash -20,ATWWPX,case,630.0,35.0,18.0,nan
PROD217-FSAF50-26027,01-27-2026,1,4 Seasons Antifreeze,FSAF50,case,936.0,36.0,26.0,nan
PROD218-TBDDRUMPG-26027,01-27-2026,4,Drums PG,TBDDRUMPG,drum,6.0,4.0,1.5,PARTIAL PALLET (2 of 4)
PROD219-TOTERV100TBD-26027,01-27-2026,4,TOTE RV-100 Blue,TOTERV100TBD,tote,6.0,1.0,6.0,nan
PROD220-TBDTTRV50P-26027,01-27-2026,4,Totes RV-50 Pink,TBDTTRV50P,tote,2.0,4.0,0.5,PARTIAL PALLET (2 of 4)
PROD221-ATWWPX-26028,01-28-2026,3,PolarX W/Wash -20,ATWWPX,case,665.0,35.0,19.0,nan
PROD222-FSAF50-26028,01-28-2026,1,4 Seasons Antifreeze,FSAF50,case,972.0,36.0,27.0,nan
PROD223-ATRE501-26028,01-28-2026,4,Drum RV-50 Pink,ATRE501,drum,16.0,4.0,4.0,nan
PROD224-ATWWPX-26029,01-29-2026,3,PolarX W/Wash -20,ATWWPX,case,280.0,35.0,8.0,HALF DAY
PROD225-FSAF50-26029,01-29-2026,1,4 Seasons Antifreeze,FSAF50,case,72.0,36.0,2.0,HALF DAY
PROD226-ATGP50-26029,01-29-2026,1,Green Power 50,ATGP50,case,720.0,36.0,20.0,HALF DAY
PROD227-ATWWPX-26030,01-30-2026,3,PolarX W/Wash -20,ATWWPX,case,420.0,35.0,12.0,nan
PROD228-ATCP50-26030,01-30-2026,1,Cool Power 50,ATCP50,case,504.0,36.0,14.0,nan
PROD229-ATWW55-26030,01-30-2026,4,Drum W/Wash -20,ATWW55,drum,8.0,4.0,2.0,nan
PROD230-ATGP50-26030,01-30-2026,1,Green Power 50,ATGP50,case,180.0,36.0,5.0,nan
PROD231-ATWWTX-26031,01-31-2026,3,TotalX W/Wash,ATWWTX,case,140.0,35.0,4.0,nan
PROD232-ATWWPX-26033,02-02-2026,3,PolarX W/Wash -20,ATWWPX,case,105.0,35.0,3.0,nan
PROD233-ATWWFX-26033,02-02-2026,3,FrostX W/Wash -30,ATWWFX,case,420.0,35.0,12.0,nan
PROD234-FSMO13-26033,02-02-2026,2,4 Seasons Oil 10W30,FSMO13,case,364.0,182.0,2.0,nan
PROD235-ATGP50-26033,02-02-2026,1,Green Power 50,ATGP50,case,864.0,36.0,24.0,nan
PROD236-ATWWFX-26034,02-03-2026,3,FrostX W/Wash -30,ATWWFX,case,700.0,35.0,20.0,nan
PROD237-ATGP50-26034,02-03-2026,1,Green Power 50,ATGP50,case,864.0,36.0,24.0,nan
PROD238-ATW305-26034,02-03-2026,4,Drum W/Wash -30,ATW305,drum,6.0,4.0,1.5,PARTIAL PALLET (2 of 4)
PROD239-ATWW55-26034,02-03-2026,4,Drum W/Wash -20,ATWW55,drum,8.0,4.0,2.0,nan
PROD240-ATWWFX-26035,02-04-2026,3,FrostX W/Wash -30,ATWWFX,case,420.0,35.0,12.0,nan
PROD241-ATWWPX-26035,02-04-2026,3,PolarX W/Wash -20,ATWWPX,case,245.0,35.0,7.0,nan
PROD242-ATGP50-26035,02-04-2026,1,Green Power 50,ATGP50,case,576.0,36.0,16.0,nan
PROD243-ATGPFS-26035,02-04-2026,1,Green Power 100,ATGPFS,case,36.0,36.0,1.0,nan
PROD244-ATGLPFS-26035,02-04-2026,1,Global Power 100,ATGLPFS,case,36.0,36.0,1.0,nan
PROD245-ATWW55-26035,02-04-2026,4,Drum W/Wash -20,ATWW55,drum,16.0,4.0,4.0,nan
PROD246-ATWWPX-26036,02-05-2026,3,PolarX W/Wash -20,ATWWPX,case,735.0,35.0,21.0,nan
PROD247-ATGP50-26036,02-05-2026,1,Green Power 50,ATGP50,case,828.0,36.0,23.0,nan
PROD248-ATAB55-26036,02-05-2026,4,Drum DEF,ATAB55,drum,4.0,4.0,1.0,nan
PROD249-ATWW55-26036,02-05-2026,4,Drum W/Wash -20,ATWW55,drum,24.0,4.0,6.0,nan
PROD250-ATWWPX-26037,02-06-2026,3,PolarX W/Wash -20,ATWWPX,case,630.0,35.0,18.0,nan
PROD251-FSAF50-26037,02-06-2026,1,4 Seasons Antifreeze,FSAF50,case,864.0,36.0,24.0,nan
PROD252-TBD-26037,02-06-2026,4,Drum RV-100 Blue,TBD,drum,4.0,4.0,1.0,nan
PROD253-ATWW55-26037,02-06-2026,4,Drum W/Wash -20,ATWW55,drum,12.0,4.0,3.0,nan
PROD254-ATWWPX-26038,02-07-2026,3,PolarX W/Wash -20,ATWWPX,case,385.0,35.0,11.0,nan
PROD255-FSAF50-26038,02-07-2026,1,4 Seasons Antifreeze,FSAF50,case,504.0,36.0,14.0,nan
PROD256-TBDFLTPWRDRM-26037,02-06-2026,4,Drum Fleet Power,TBDFLTPWRDRM,drum,2.0,4.0,0.5,PARTIAL PALLET (2 of 4)
PROD257-ATWWPX-26040,02-09-2026,3,PolarX W/Wash -20,ATWWPX,case,210.0,35.0,6.0,HALF DAY
PROD258-FSAF50-26040,02-09-2026,1,4 Seasons Antifreeze,FSAF50,case,288.0,36.0,8.0,HALF DAY
PROD259-ATGP50-26040,02-09-2026,1,Green Power 50,ATGP50,case,72.0,36.0,2.0,HALF DAY
PROD260-ATWW55-26040,02-09-2026,4,Drum W/Wash -20,ATWW55,drum,84.0,4.0,21.0,HALF DAY
PROD261-ATW305-26040,02-09-2026,4,Drum W/Wash -30,ATW305,drum,4.0,4.0,1.0,HALF DAY
PROD262-ATWWPX-26041,02-10-2026,3,PolarX W/Wash -20,ATWWPX,case,140.0,35.0,4.0,nan
PROD263-ATGP50-26041,02-10-2026,1,Green Power 50,ATGP50,case,468.0,36.0,13.0,nan
PROD264-ATWW55-26041,02-10-2026,4,Drum W/Wash -20,ATWW55,drum,4.0,4.0,1.0,nan
PROD265-Q1WWP5-26041,02-10-2026,3,Quality DEF W/Wash -20,Q1WWP5,case,175.0,35.0,5.0,nan
PROD266-Q1WWZ5-26041,02-10-2026,4,Drum Quality DEF W/Wash 0,Q1WWZ5,drum,8.0,4.0,2.0,nan
PROD267-Q1WWZ5-275-26041,02-10-2026,4,Tote Quality DEF W/Wash 0,Q1WWZ5-275,tote,2.0,1.0,2.0,nan
PROD268-ATGP50-26042,02-11-2026,1,Green Power 50,ATGP50,case,396.0,36.0,11.0,nan
PROD269-FSMO53-26042,02-11-2026,2,4 Seasons Oil 5W30,FSMO53,case,182.0,182.0,1.0,nan
PROD270-Q1WWP5-26042,02-11-2026,3,Quality DEF W/Wash -20,Q1WWP5,case,175.0,35.0,5.0,nan
PROD271-ATWW55-26042,02-11-2026,4,Drum W/Wash -20,ATWW55,drum,8.0,4.0,2.0,nan
PROD272-ATGP50-26043,02-12-2026,1,Green Power 50,ATGP50,case,936.0,36.0,26.0,nan
PROD273-ATWWPX-26043,02-12-2026,3,PolarX W/Wash -20,ATWWPX,case,490.0,35.0,14.0,nan
PROD274-Q1WWZX-26043,02-12-2026,3,Quality DEF W/Wash 0,Q1WWZX,case,210.0,35.0,6.0,nan
PROD275-FS5530-26043,02-12-2026,4,Drum Oil 10W30,FS5530,drum,1.0,4.0,0.25,PARTIAL PALLET (1 of 4)
PROD276-ATGP50-26044,02-13-2026,1,Green Power 50,ATGP50,case,936.0,36.0,26.0,nan
PROD277-ATWWPX-26044,02-13-2026,3,PolarX W/Wash -20,ATWWPX,case,665.0,35.0,19.0,nan
PROD278-ATWWPX-26045,02-14-2026,3,PolarX W/Wash -20,ATWWPX,case,385.0,35.0,11.0,nan
PROD279-ATWW55-26045,02-14-2026,4,Drum W/Wash -20,ATWW55,drum,28.0,4.0,7.0,nan
PROD280-Q1WWZ5-26045,02-14-2026,4,Drum Quality DEF W/Wash 0,Q1WWZ5,drum,8.0,4.0,2.0,nan
PROD281-ATW305-26045,02-14-2026,4,Drum W/Wash -30,ATW305,drum,5.0,4.0,1.25,PARTIAL PALLET (1 of 4)
PROD282-ATGP50-26047,02-16-2026,1,Green Power 50,ATGP50,case,720.0,36.0,20.0,nan
PROD283-ATWWBX-26047,02-16-2026,3,BugX W/Wash +32,ATWWBX,case,350.0,35.0,10.0,nan
PROD284-ATWWPX-26047,02-16-2026,3,PolarX W/Wash -20,ATWWPX,case,140.0,35.0,4.0,nan
PROD285-ATWW55-26047,02-16-2026,4,Drum W/Wash -20,ATWW55,drum,4.0,4.0,1.0,nan
PROD286-SPCD55G-26047,02-16-2026,4,Drum Super Purple Cleaner & Degreaser,SPCD55G,drum,16.0,4.0,4.0,nan
PROD287-SPCD-TT-26047,02-16-2026,4,Tote Super Purple Cleaner & Degreaser,SPCD-TT,tote,2.0,1.0,2.0,nan
PROD288-ATGP50-26048,02-17-2026,1,Green Power 50,ATGP50,case,792.0,36.0,22.0,nan
PROD289-ATWWPX-26048,02-17-2026,3,PolarX W/Wash -20,ATWWPX,case,665.0,35.0,19.0,nan
PROD290-ATWW55-26048,02-17-2026,4,Drum W/Wash -20,ATWW55,drum,24.0,4.0,6.0,nan
PROD291-SPCD55G-26048,02-17-2026,4,Drum Super Purple Cleaner & Degreaser,SPCD55G,drum,16.0,4.0,4.0,nan
PROD1-FSAF50-26049,02-18-2026,1,4 Seasons Antifreeze,FSAF50,case,648.0,36.0,18.0,Labels used: 1-18 | Voided: 7
PROD3-ATWWPX-26049,02-18-2026,3,PolarX W/Wash -20,ATWWPX,case,700.0,35.0,20.0,Labels used: 1-20 | Voided: 5
PROD1-ATGLP50-26049,02-18-2026,1,Global Power 50,ATGLP50,case,144.0,36.0,4.0,Labels used: 1-4 | Voided: 1
PROD295-ATWW55-26049,02-18-2026,4,Drum W/Wash -20,ATWW55,drum,20.0,4.0,5.0,nan
PROD296-ATGLPFS-55-26049,02-18-2026,4,Drum Global Power 100,ATGLPFS-55,drum,2.0,4.0,0.5,PARTIAL PALLET (2 of 4)
PROD1-FSAF50-26050,02-19-2026,1,4 Seasons Antifreeze,FSAF50,case,576.0,36.0,16.0,Labels used: 1-16 | Voided: 4
PROD1-ATGP50-26050,02-19-2026,1,Green Power 50,ATGP50,case,252.0,36.0,7.0,Labels used: 1-7 | Voided: 8
PROD3-ATWWPX-26050,02-19-2026,3,PolarX W/Wash -20,ATWWPX,case,700.0,35.0,20.0,Labels used: 1-20 | Voided: 3
PROD300-ATGP50-55-26050,02-19-2026,4,Drum Green Power -34,ATGP50-55,drum,1.0,4.0,0.25,PARTIAL PALLET (1 of 4)
PROD1-ATGP50-26051,02-20-2026,1,Green Power 50,ATGP50,case,612.0,36.0,17.0,Labels used: 1-17 | Voided: 8
PROD3-ATWWPX-26051,02-20-2026,3,PolarX W/Wash -20,ATWWPX,case,665.0,35.0,19.0,Labels used: 1-19 | Voided: 4
PROD303-ATWW55-26051,02-20-2026,4,Drum W/Wash -20,ATWW55,drum,4.0,4.0,1.0,nan
PROD304-FSMO52-26051,02-20-2026,2,4 Seasons Oil 5W20,FSMO52,case,182.0,182.0,1.0,nan
PROD305-FSMO53-26051,02-20-2026,2,4 Seasons Oil 5W30,FSMO53,case,182.0,182.0,1.0,nan
PROD306-ATWWPX-26052,02-21-2026,3,PolarX W/Wash -20,ATWWPX,case,245.0,35.0,7.0,nan
PROD307-ATGP50-26054,02-23-2026,1,Green Power 50,ATGP50,case,504.0,36.0,14.0,nan
PROD3-ATWWPX-26054,02-23-2026,3,PolarX W/Wash -20,ATWWPX,case,315.0,35.0,9.0,Labels used: 1-9 | Voided: 13
PROD309-ATAB55-26054,02-23-2026,4,Drum DEF,ATAB55,drum,8.0,4.0,2.0,nan
PROD310-ATGP50-26055,02-24-2026,1,Green Power 50,ATGP50,case,576.0,36.0,16.0,nan
PROD311-ATWWPX-26055,02-24-2026,3,PolarX W/Wash -20,ATWWPX,case,175.0,35.0,5.0,nan
PROD312-FSMO52-26055,02-24-2026,2,4 Seasons Oil 5W20,FSMO52,case,364.0,182.0,2.0,nan
PROD313-FSMO53-26055,02-24-2026,2,4 Seasons Oil 5W30,FSMO53,case,182.0,182.0,1.0,nan
PROD314-CHLD35-GN-26056,02-25-2026,4,Choice Laundry Detergent Gain Type 3.5 Gal,CHLD35-GN,bucket,120.0,60.0,2.0,nan
PROD315-FSMO53-26056,02-25-2026,2,4 Seasons Oil 5W30,FSMO53,case,182.0,182.0,1.0,nan
PROD316-CHLD35-GN-26057,02-26-2026,4,Choice Laundry Detergent Gain Type 3.5 Gal,CHLD35-GN,bucket,120.0,60.0,2.0,nan
PROD317-RSW321-26057,02-26-2026,3,Resolute +32 Bug Wash,RSW321,case,280.0,35.0,8.0,nan
PROD318-CHLD35-GN-26058,02-27-2026,4,Choice Laundry Detergent Gain Type 3.5 Gal,CHLD35-GN,bucket,60.0,60.0,1.0,nan
PROD319-RSW321-26058,02-27-2026,3,Resolute +32 Bug Wash,RSW321,case,455.0,35.0,13.0,nan
PROD320-ATWW55-26059,02-28-2026,4,Drum W/Wash -20,ATWW55,drum,16.0,4.0,4.0,nan
PROD321-ATGP50-55-26059,02-28-2026,4,Drum Green Power -34,ATGP50-55,drum,4.0,4.0,1.0,nan
PROD322-TBDFLTPWRDRM-26059,02-28-2026,4,Drum Fleet Power,TBDFLTPWRDRM,drum,3.0,4.0,0.75,PARTIAL PALLET (3 of 4)
PROD323-ATRE506-26061,03-02-2026,3,RV Antifreeze -50,ATRE506,case,455.0,35.0,13.0,nan
PROD324-FSMO52-26061,03-02-2026,2,4 Seasons Oil 5W20,FSMO52,case,364.0,182.0,2.0,nan
PROD325-RSW321-26061,03-02-2026,3,Resolute +32 Bug Wash,RSW321,case,35.0,35.0,1.0,nan
PROD326-RSW301-26062,03-03-2026,3,Resolute -30 W/Wash,RSW301,case,945.0,35.0,27.0,nan
PROD327-RSW301-26063,03-04-2026,3,Resolute -30 W/Wash,RSW301,case,1050.0,35.0,30.0,nan
PROD328-RSW201-26064,03-05-2026,3,Resolute -20 W/Wash,RSW201,case,595.0,35.0,17.0,nan
PROD329-RSW201-26065,03-06-2026,3,Resolute -20 W/Wash,RSW201,case,1120.0,35.0,32.0,nan
PROD330-RSW201-26066,03-07-2026,3,Resolute -20 W/Wash,RSW201,case,525.0,35.0,15.0,nan
PROD331-FSMO53-26066,03-07-2026,2,4 Seasons Oil 5W30,FSMO53,case,182.0,182.0,1.0,nan
PROD332-TBDFLTPWRDRM-26066,03-07-2026,4,Drum Fleet Power,TBDFLTPWRDRM,drum,2.0,4.0,0.5,PARTIAL PALLET (2 of 4)
PROD333-RSW301-26068,03-09-2026,3,Resolute -30 W/Wash,RSW301,case,665.0,35.0,19.0,nan
PROD334-FSMO13-26068,03-09-2026,2,4 Seasons Oil 10W30,FSMO13,case,182.0,182.0,1.0,nan
PROD335-FSMO14-26068,03-09-2026,2,4 Seasons Oil 10W40,FSMO14,case,182.0,182.0,1.0,nan
PROD336-FSMO53-26068,03-09-2026,2,4 Seasons Oil 5W30,FSMO53,case,182.0,182.0,1.0,nan
PROD337-FS5530-26068,03-09-2026,4,Drum Oil 10W30,FS5530,drum,1.0,4.0,0.25,PARTIAL PALLET (1 of 4)
PROD338-RSW301-26069,03-10-2026,3,Resolute -30 W/Wash,RSW301,case,105.0,35.0,3.0,nan
PROD339-ATWWFX-26069,03-10-2026,3,FrostX W/Wash -30,ATWWFX,case,210.0,35.0,6.0,nan
PROD340-ATGP50-26069,03-10-2026,1,Green Power 50,ATGP50,case,792.0,36.0,22.0,nan
PROD341-CHLD35-GN-26069,03-10-2026,4,Choice Laundry Detergent Gain Type 3.5 Gal,CHLD35-GN,bucket,240.0,60.0,4.0,nan
PROD342-ATGP50-26070,03-11-2026,1,Green Power 50,ATGP50,case,540.0,36.0,15.0,nan
PROD343-CHLD35-TI-26070,03-11-2026,4,Choice Laundry Detergent TIDE Type 3.5 Gal,CHLD35-TI,bucket,240.0,60.0,4.0,nan
PROD344-CHLD35-GN-26070,03-11-2026,4,Choice Laundry Detergent Gain Type 3.5 Gal,CHLD35-GN,bucket,60.0,60.0,1.0,nan
PROD345-ATAB55-26070,03-11-2026,4,Drum DEF,ATAB55,drum,4.0,4.0,1.0,nan
PROD346-ATW305-26070,03-11-2026,4,Drum W/Wash -30,ATW305,drum,8.0,4.0,2.0,nan
PROD347-ATGP50-26071,03-12-2026,1,Green Power 50,ATGP50,case,720.0,36.0,20.0,nan
PROD348-FS5530-26071,03-12-2026,4,Drum Oil 10W30,FS5530,drum,1.0,4.0,0.25,PARTIAL PALLET (1 of 4)
PROD349-ATGP50-26072,03-13-2026,1,Green Power 50,ATGP50,case,360.0,36.0,10.0,nan
PROD350-CHLD35-TI-26072,03-13-2026,4,Choice Laundry Detergent TIDE Type 3.5 Gal,CHLD35-TI,bucket,180.0,60.0,3.0,nan
PROD351-FS5552-26078,03-19-2026,4,Drum Oil 5W20,FS5552,drum,1.0,4.0,0.25,PARTIAL PALLET (1 of 4)
PROD352-FS5553-26078,03-19-2026,4,Drum Oil 5W30,FS5553,drum,1.0,4.0,0.25,PARTIAL PALLET (1 of 4)
PROD353-ATGLP5055-26078,03-19-2026,4,Drum Global Power 50,ATGLP5055,drum,8.0,4.0,2.0,nan
PROD354-ATWW55-26078,03-19-2026,4,Drum W/Wash -20,ATWW55,drum,12.0,4.0,3.0,nan
PROD355-TOTERV100TBD-26078,03-19-2026,4,Totes RV-100 Blue,TOTERV100TBD,tote,6.0,1.0,6.0,nan
PROD356-ATGP50-26082,03-23-2026,1,Green Power 50,ATGP50,case,504.0,36.0,14.0,nan
PROD357-ATWWPX-26082,03-23-2026,3,PolarX W/Wash -20,ATWWPX,case,35.0,35.0,1.0,nan
PROD358-FCBL01-26082,03-23-2026,4,Fresh Choice Bleach,FCBL01,case,140.0,35.0,4.0,nan
PROD359-PSLC125-26082,03-23-2026,3,Pool Shock,PSLC125,case,96.0,48.0,2.0,nan
PROD360-ATWW55-26082,03-23-2026,4,Drum W/Wash -20,ATWW55,drum,8.0,4.0,2.0,nan
PROD361-ATGP50-26083,03-24-2026,1,Green Power 50,ATGP50,case,144.0,36.0,4.0,nan
PROD362-FSAF50-26083,03-24-2026,1,4 Seasons Antifreeze,FSAF50,case,216.0,36.0,6.0,nan
PROD363-FCBL01-26083,03-24-2026,4,Fresh Choice Bleach,FCBL01,case,70.0,35.0,2.0,nan
PROD364-TBD-26083,03-24-2026,3,All Temp Summer Wash +32,TBD,case,105.0,35.0,3.0,nan
PROD365-RESD25-26083,03-24-2026,5,Resolute DEF 2.5 Gal classic,RESD25,case,320.0,80.0,4.0,nan
PROD366-FSMO14-26084,03-25-2026,2,4 Seasons Oil 10W40,FSMO14,case,182.0,182.0,1.0,nan
PROD367-RESD25-26084,03-25-2026,5,Resolute DEF 2.5 Gal classic,RESD25,case,1120.0,80.0,14.0,nan
PROD368-RSW301-26084,03-25-2026,3,Resolute -30 W/Wash,RSW301,case,280.0,35.0,8.0,nan
PROD369-RSW301-26085,03-26-2026,3,Resolute -30 W/Wash,RSW301,case,805.0,35.0,23.0,nan
PROD370-RESD25-26085,03-26-2026,5,Resolute DEF 2.5 Gal classic,RESD25,case,480.0,80.0,6.0,nan
PROD371-RSW201-26086,03-27-2026,3,Resolute -20 W/Wash,RSW201,case,910.0,35.0,26.0,nan
PROD372-RESD25-26086,03-27-2026,5,Resolute DEF 2.5 Gal classic,RESD25,case,400.0,80.0,5.0,nan
PROD373-ATWWBX-26087,03-28-2026,3,BugX W/Wash +32,ATWWBX,case,490.0,35.0,14.0,nan
PROD374-RESD25-26087,03-28-2026,5,Resolute DEF 2.5 Gal classic,RESD25,case,800.0,80.0,10.0,nan
PROD375-ATRE506-26089,03-30-2026,3,RV Antifreeze -50,ATRE506,case,70.0,35.0,2.0,nan
PROD376-RSW301-26089,03-30-2026,3,Resolute -30 W/Wash,RSW301,case,35.0,35.0,1.0,nan
PROD377-RSW201-26089,03-30-2026,3,Resolute -20 W/Wash,RSW201,case,455.0,35.0,13.0,nan
PROD378-RESD25-26089,03-30-2026,5,Resolute DEF 2.5 Gal classic,RESD25,case,2320.0,80.0,29.0,nan
PROD379-ATWW55-26089,03-30-2026,4,Drum W/Wash -20,ATWW55,drum,28.0,4.0,7.0,nan
PROD380-ATWWPX-26090,03-31-2026,3,PolarX W/Wash -20,ATWWPX,case,175.0,35.0,5.0,nan
PROD381-RSW201-26090,03-31-2026,3,Resolute -20 W/Wash,RSW201,case,700.0,35.0,20.0,nan
PROD382-PRED25-26090,03-31-2026,5,Resolute DEF 2.5 Gal premium,PRED25,case,640.0,80.0,8.0,nan
PROD383-RESD25-26090,03-31-2026,5,Resolute DEF 2.5 Gal classic,RESD25,case,400.0,80.0,5.0,nan
PROD384-ATABD2-26090,03-31-2026,5,DEF 2.5 Gal,ATABD2,case,80.0,80.0,1.0,nan
PROD385-FSAF50-26091,04-01-2026,1,4 Seasons Antifreeze,FSAF50,case,540.0,36.0,15.0,nan
PROD386-TBD-26091,04-01-2026,4,Drum Super Purple,TBD,drum,33.0,4.0,8.25,PARTIAL PALLET (1 of 4)
PROD387-SPCD-TT-26091,04-01-2026,4,Tote Super Purple Cleaner & Degreaser,SPCD-TT,tote,2.0,1.0,2.0,nan
PROD388-RESD25-26092,04-02-2026,5,Resolute DEF 2.5 Gal classic,RESD25,case,480.0,80.0,6.0,nan
PROD389-PRED25-26092,04-02-2026,5,Resolute DEF 2.5 Gal premium,PRED25,case,240.0,80.0,3.0,nan
PROD390-RSW201-26092,04-02-2026,3,Resolute -20 W/Wash,RSW201,case,455.0,35.0,13.0,nan
PROD391-ATRE506-26092,04-02-2026,3,RV Antifreeze -50,ATRE506,case,70.0,35.0,2.0,nan
PROD392-RSW201-26092,04-02-2026,3,Resolute -20 W/Wash,RSW201,case,245.0,35.0,7.0,nan
PROD393-RSW301-26092,04-02-2026,3,Resolute -30 W/Wash,RSW301,case,210.0,35.0,6.0,nan
PROD394-ATWWPX-26092,04-02-2026,3,PolarX W/Wash -20,ATWWPX,case,175.0,35.0,5.0,nan
PROD395-RESD25-26092,04-02-2026,5,Resolute DEF 2.5 Gal classic,RESD25,case,400.0,80.0,5.0,nan
PROD396-PRED25-26092,04-02-2026,5,Resolute DEF 2.5 Gal premium,PRED25,case,1040.0,80.0,13.0,nan
PROD397-RSW301-26093,04-03-2026,3,Resolute -30 W/Wash,RSW301,case,595.0,35.0,17.0,nan
PROD398-PRED25-26093,04-03-2026,5,Resolute DEF 2.5 Gal premium,PRED25,case,960.0,80.0,12.0,nan
PROD399-RSW301-26094,04-04-2026,3,Resolute -30 W/Wash,RSW301,case,385.0,35.0,11.0,nan
PROD400-PRED25-26094,04-04-2026,5,Resolute DEF 2.5 Gal premium,PRED25,case,1200.0,80.0,15.0,nan
PROD401-RSW321-26094,04-04-2026,3,Resolute +32 Bug Wash,RSW321,case,35.0,35.0,1.0,nan
PROD402-ATWWBX-26094,04-04-2026,3,BugX W/Wash +32,ATWWBX,case,35.0,35.0,1.0,nan
PROD403-TBDTTRV50P-26096,04-06-2026,4,Totes RV-50 Pink,TBDTTRV50P,tote,2.0,4.0,0.5,PARTIAL PALLET (2 of 4)
PROD404-ATWWAX-26096,04-06-2026,3,AquaX W/Wash +32,ATWWAX,case,595.0,35.0,17.0,nan
PROD405-RESD25-26096,04-06-2026,5,Resolute DEF 2.5 Gal classic,RESD25,case,960.0,80.0,12.0,nan
PROD406-ATWWBX-26096,04-06-2026,3,BugX W/Wash +32,ATWWBX,case,210.0,35.0,6.0,nan
PROD407-FSMO52-26096,04-06-2026,2,4 Seasons Oil 5W20,FSMO52,case,364.0,182.0,2.0,nan
PROD408-ATWW55-26097,04-07-2026,4,Drum W/Wash -20,ATWW55,drum,12.0,4.0,3.0,nan
PROD409-FSAF50-26097,04-07-2026,1,4 Seasons Antifreeze,FSAF50,case,720.0,36.0,20.0,nan
PROD410-RESD25-26097,04-07-2026,5,Resolute DEF 2.5 Gal classic,RESD25,case,800.0,80.0,10.0,nan
PROD411-FSMO52-26097,04-07-2026,2,4 Seasons Oil 5W20,FSMO52,case,546.0,182.0,3.0,nan
PROD412-ATWW55-26098,04-08-2026,4,Drum W/Wash -20,ATWW55,drum,56.0,4.0,14.0,nan
PROD413-ATW305-26098,04-08-2026,4,Drum W/Wash -30,ATW305,drum,4.0,4.0,1.0,nan
PROD414-FSAF50-26098,04-08-2026,1,4 Seasons Antifreeze,FSAF50,case,720.0,36.0,20.0,nan
PROD415-RESD25-26098,04-08-2026,5,Resolute DEF 2.5 Gal classic,RESD25,case,880.0,80.0,11.0,nan
PROD416-PRED25-26098,04-08-2026,5,Resolute DEF 2.5 Gal premium,PRED25,case,400.0,80.0,5.0,nan
PROD417-FSMO52-26099,04-09-2026,2,4 Seasons Oil 5W20,FSMO52,case,182.0,182.0,1.0,nan
PROD418-FSMO53-26099,04-09-2026,2,4 Seasons Oil 5W30,FSMO53,case,546.0,182.0,3.0,nan
PROD419-FSAF50-26099,04-09-2026,1,4 Seasons Antifreeze,FSAF50,case,792.0,36.0,22.0,nan
PROD420-PRED25-26100,04-10-2026,5,Resolute DEF 2.5 Gal premium,PRED25,case,1120.0,80.0,14.0,nan
PROD421-FSMO53-26100,04-10-2026,2,4 Seasons Oil 5W30,FSMO53,case,182.0,182.0,1.0,1
PROD422-FSAF50-26100,04-10-2026,1,4 Seasons Antifreeze,FSAF50,case,900.0,36.0,25.0,nan
PROD423-FSMO53-26101,04-11-2026,2,4 Seasons Oil 5W30,FSMO53,case,364.0,182.0,2.0,nan
PROD424-FSAF50-26101,04-11-2026,1,4 Seasons Antifreeze,FSAF50,case,396.0,36.0,11.0,nan
PROD425-RSW321-26103,04-13-2026,3,Resolute +32 Bug Wash,RSW321,case,350.0,35.0,10.0,nan
PROD426-ATWWPX-26103,04-13-2026,3,PolarX W/Wash -20,ATWWPX,case,560.0,35.0,16.0,nan
PROD427-FSAF50-26103,04-13-2026,1,4 Seasons Antifreeze,FSAF50,case,756.0,36.0,21.0,nan
PROD428-ATWW55-26103,04-13-2026,4,Drum W/Wash -20,ATWW55,drum,20.0,4.0,5.0,nan
PROD429-ATRE506-26104,04-14-2026,3,RV Antifreeze -50,ATRE506,case,70.0,35.0,2.0,nan
PROD430-PSLC125-26104,04-14-2026,3,Pool Shock,PSLC125,case,240.0,48.0,5.0,nan
PROD431-FSAF50-26104,04-14-2026,1,4 Seasons Antifreeze,FSAF50,case,684.0,36.0,19.0,nan
PROD432-FSMO14-26104,04-14-2026,2,4 Seasons Oil 10W40,FSMO14,case,182.0,182.0,1.0,nan
PROD446-RAWPGTOTE-26104,04-14-2026,4,Tote PG,RAWPGTOTE,tote,17.0,1.0,17.0,nan
PROD433-FSMO13-26105,04-15-2026,2,4 Seasons Oil 10W30,FSMO13,case,546.0,182.0,3.0,nan
PROD434-FSAF50-26105,04-15-2026,1,4 Seasons Antifreeze,FSAF50,case,684.0,36.0,19.0,nan
PROD435-FSMO14-26105,04-15-2026,2,4 Seasons Oil 10W40,FSMO14,case,364.0,182.0,2.0,nan
PROD436-ATWWPX-26106,04-16-2026,3,PolarX W/Wash -20,ATWWPX,case,385.0,35.0,11.0,nan
PROD437-ATWWBX-26106,04-16-2026,3,BugX W/Wash +32,ATWWBX,case,315.0,35.0,9.0,nan
PROD438-FSAF50-26106,04-16-2026,1,4 Seasons Antifreeze,FSAF50,case,216.0,36.0,6.0,nan
PROD439-ATGP50-26106,04-16-2026,1,Green Power 50,ATGP50,case,288.0,36.0,8.0,nan
PROD440-FSMO13-26107,04-17-2026,2,4 Seasons Oil 10W30,FSMO13,case,910.0,182.0,5.0,nan
PROD441-ATWWBX-26107,04-17-2026,3,BugX W/Wash +32,ATWWBX,case,105.0,35.0,3.0,nan
PROD442-ATGP50-26107,04-17-2026,1,Green Power 50,ATGP50,case,720.0,36.0,20.0,nan
PROD443-FSMO13-26108,04-18-2026,2,4 Seasons Oil 10W30,FSMO13,case,546.0,182.0,3.0,nan
PROD444-ATWW55-26108,04-18-2026,4,Drum W/Wash -20,ATWW55,drum,16.0,4.0,4.0,nan
PROD445-ATGLP5055-26108,04-18-2026,4,Drum Global Power 50,ATGLP5055,drum,4.0,4.0,1.0,nan
PROD447-FSMO53-26110,04-20-2026,2,4 Seasons Oil 5W30,FSMO53,case,546.0,182.0,3.0,nan
PROD448-FSMO52-26110,04-20-2026,2,4 Seasons Oil 5W20,FSMO52,case,364.0,182.0,2.0,nan
PROD449-ATGP50-26110,04-20-2026,1,Green Power 50,ATGP50,case,576.0,36.0,16.0,nan
PROD450-ATGLP50-26110,04-20-2026,1,Global Power 50,ATGLP50,case,108.0,36.0,3.0,nan
PROD451-ATGP50-55-26110,04-20-2026,4,Drum Green Power -34,ATGP50-55,drum,4.0,4.0,1.0,nan
PROD452-ATCP50-55-26110,04-20-2026,4,Drum Cool Power 50,ATCP50-55,drum,4.0,4.0,1.0,nan
PROD453-FSMO53-26111,04-21-2026,2,4 Seasons Oil 5W30,FSMO53,case,364.0,182.0,2.0,nan
PROD454-FSMO14-26111,04-21-2026,2,4 Seasons Oil 10W40,FSMO14,case,546.0,182.0,3.0,nan
PROD455-FSAF50-26111,04-21-2026,1,4 Seasons Antifreeze,FSAF50,case,864.0,36.0,24.0,nan
PROD456-ATABD2-26111,04-21-2026,5,All Blu DEF 2.5 Gal,ATABD2,case,720.0,80.0,9.0,nan
PROD457-ATAB55-26111,04-21-2026,4,Drum DEF,ATAB55,drum,8.0,4.0,2.0,nan
PROD458-FSMO52-26112,04-22-2026,2,4 Seasons Oil 5W20,FSMO52,case,364.0,182.0,2.0,nan
PROD459-FSMO14-26112,04-22-2026,2,4 Seasons Oil 10W40,FSMO14,case,364.0,182.0,2.0,nan
PROD460-FSAF50-26112,04-22-2026,1,4 Seasons Antifreeze,FSAF50,case,792.0,36.0,22.0,nan
PROD461-ATABD2-26112,04-22-2026,5,All Blu DEF 2.5 Gal,ATABD2,case,240.0,80.0,3.0,nan
PROD462-RAWPGTOTE-26112,04-22-2026,4,Tote PG,RAWPGTOTE,tote,17.0,1.0,17.0,nan
PROD463-FSMO53-26113,04-23-2026,2,4 Seasons Oil 5W30,FSMO53,case,182.0,182.0,1.0,nan
PROD464-FSMO13-26113,04-23-2026,2,4 Seasons Oil 10W30,FSMO13,case,364.0,182.0,2.0,nan
PROD465-FSAF50-26113,04-23-2026,1,4 Seasons Antifreeze,FSAF50,case,180.0,36.0,5.0,nan
PROD466-ATGP50-26113,04-23-2026,1,Green Power 50,ATGP50,case,396.0,36.0,11.0,nan
PROD467-ATWWBX-26113,04-23-2026,3,BugX W/Wash +32,ATWWBX,case,175.0,35.0,5.0,nan
PROD468-ATWWAX-26113,04-23-2026,3,AquaX W/Wash +32,ATWWAX,case,245.0,35.0,7.0,nan
PROD469-ATAB55-26113,04-23-2026,4,Drum DEF,ATAB55,drum,4.0,4.0,1.0,nan
PROD470-FS5553-26113,04-23-2026,4,Drum Oil 5W30,FS5553,drum,1.0,4.0,0.25,PARTIAL PALLET (1 of 4)
PROD471-FS5552-26113,04-23-2026,4,Drum Oil 5W20,FS5552,drum,1.0,4.0,0.25,PARTIAL PALLET (1 of 4)
PROD472-FSMO53-26114,04-24-2026,2,4 Seasons Oil 5W30,FSMO53,case,546.0,182.0,3.0,nan
PROD473-ATWWPX-26114,04-24-2026,3,PolarX W/Wash -20,ATWWPX,case,105.0,35.0,3.0,nan
PROD474-ATWW55-26115,04-25-2026,4,Drum W/Wash -20,ATWW55,drum,36.0,4.0,9.0,nan
PROD475-ATWWBX-26117,04-27-2026,3,BugX W/Wash +32,ATWWBX,case,595.0,35.0,17.0,nan
PROD476-ATAB55-26117,04-27-2026,4,Drum DEF,ATAB55,drum,4.0,4.0,1.0,nan
PROD477-ATGLP5055-26117,04-27-2026,4,Drum Global Power 50,ATGLP5055,drum,6.0,4.0,1.5,PARTIAL PALLET (2 of 4)
PROD478-ATGP50-55-26117,04-27-2026,4,Drum Green Power -34,ATGP50-55,drum,4.0,4.0,1.0,nan
PROD479-ATWWPX-26118,04-28-2026,3,PolarX W/Wash -20,ATWWPX,case,490.0,35.0,14.0,nan
PROD480-ATGP50-26118,04-28-2026,1,Green Power 50,ATGP50,case,324.0,36.0,9.0,nan
PROD481-PSLC125-26118,04-28-2026,3,Pool Shock,PSLC125,case,384.0,48.0,8.0,nan
PROD482-ATWWPX-26119,04-29-2026,3,PolarX W/Wash -20,ATWWPX,case,560.0,35.0,16.0,nan
PROD483-ATGP50-26119,04-29-2026,1,Green Power 50,ATGP50,case,900.0,36.0,25.0,nan
PROD484-ATWWPX-26120,04-30-2026,3,PolarX W/Wash -20,ATWWPX,case,455.0,35.0,13.0,nan
PROD485-ATGP50-26120,04-30-2026,1,Green Power 50,ATGP50,case,36.0,36.0,1.0,nan
PROD486-ATCP50-26120,04-30-2026,1,Cool Power 50,ATCP50,case,540.0,36.0,15.0,nan
PROD487-ATWWPX-26121,05-01-2026,3,PolarX W/Wash -20,ATWWPX,case,525.0,35.0,15.0,nan
PROD488-RESD25-26121,05-01-2026,5,Resolute DEF 2.5 Gal classic,RESD25,case,640.0,80.0,8.0,nan
PROD489-ATWWPX-26124,05-04-2026,3,PolarX W/Wash -20,ATWWPX,case,875.0,35.0,25.0,nan
PROD490-RESD25-26124,05-04-2026,5,Resolute DEF 2.5 Gal classic,RESD25,case,320.0,80.0,4.0,nan
PROD491-CLF-QT-26124,05-04-2026,6,Quick Lite,CLF-QT,case,48.0,72.0,0.6666666666666666,PARTIAL PALLET (48 of 72)
PROD492-CLF-QT-26125,05-05-2026,6,Quick Lite,CLF-QT,case,216.0,72.0,3.0,nan
PROD493-CHLD35-GN-26125,05-05-2026,4,Choice Laundry Detergent Gain Type 3.5 Gal,CHLD35-GN,bucket,240.0,60.0,4.0,nan
PROD494-CHLD35-GN-26126,05-06-2026,4,Choice Laundry Detergent Gain Type 3.5 Gal,CHLD35-GN,bucket,300.0,60.0,5.0,nan
PROD495-CHLD35-GN-26126,05-06-2026,4,Choice Laundry Detergent Gain Type 3.5 Gal,CHLD35-GN,bucket,60.0,60.0,1.0,nan
PROD496-CLF-QT-26126,05-06-2026,6,Quick Lite,CLF-QT,case,216.0,72.0,3.0,nan
PROD497-FSMO52-26126,05-06-2026,2,4 Seasons Oil 5W20,FSMO52,case,364.0,182.0,2.0,nan
PROD498-FSMO14-26127,05-07-2026,2,4 Seasons Oil 10W40,FSMO14,case,546.0,182.0,3.0,nan
PROD499-CLF-QT-26127,05-07-2026,6,Quick Lite,CLF-QT,case,288.0,72.0,4.0,nan
PROD500-TBDTTRV50P-26127,05-07-2026,4,Totes RV-50 Pink,TBDTTRV50P,tote,2.0,4.0,0.5,PARTIAL PALLET (2 of 4)
PROD501-CLF-QT-26128,05-08-2026,6,Quick Lite,CLF-QT,case,216.0,72.0,3.0,nan
PROD502-FSMOTF-26128,05-08-2026,2,4 Seasons Oil ATF,FSMOTF,case,182.0,182.0,1.0,nan
PROD503-FSMO52-26128,05-08-2026,2,4 Seasons Oil 5W20,FSMO52,case,364.0,182.0,2.0,nan
PROD504-CLF-QT-26129,05-09-2026,6,Quick Lite,CLF-QT,case,216.0,72.0,3.0,nan
PROD505-CLF-QT-26131,05-11-2026,6,Quick Lite,CLF-QT,case,72.0,72.0,1.0,nan
PROD506-FSMO13-26131,05-11-2026,2,4 Seasons Oil 10W30,FSMO13,case,182.0,182.0,1.0,nan
PROD507-FSMO53-26131,05-11-2026,2,4 Seasons Oil 5W30,FSMO53,case,546.0,182.0,3.0,nan
PROD508-FSAF50-26131,05-11-2026,1,4 Seasons Antifreeze,FSAF50,case,396.0,36.0,11.0,nan
PROD509-FSAF50-26132,05-12-2026,1,4 Seasons Antifreeze,FSAF50,case,216.0,36.0,6.0,nan
PROD510-RSW321-26132,05-12-2026,3,Resolute +32 Bug Wash,RSW321,case,385.0,35.0,11.0,nan
PROD511-FSMO52-26132,05-12-2026,2,4 Seasons Oil 5W20,FSMO52,case,364.0,182.0,2.0,nan
PROD512-CLF-QT-26132,05-12-2026,6,Quick Lite,CLF-QT,case,288.0,72.0,4.0,nan
PROD513-ATGLP50-26133,05-13-2026,1,Global Power 50,ATGLP50,case,36.0,36.0,1.0,nan
PROD514-CLF-QT-26133,05-13-2026,6,Quick Lite,CLF-QT,case,288.0,72.0,4.0,nan
PROD515-RSW321-26133,05-13-2026,3,Resolute +32 Bug Wash,RSW321,case,455.0,35.0,13.0,nan
PROD516-CLF-QT-26134,05-14-2026,6,Quick Lite,CLF-QT,case,144.0,72.0,2.0,nan
PROD517-FSMO53-26134,05-14-2026,2,4 Seasons Oil 5W30,FSMO53,case,364.0,182.0,2.0,nan
PROD518-FCBL01-26135,05-15-2026,7,Fresh Choice Bleach,FCBL01,case,210.0,35.0,6.0,nan
PROD519-FSMO13-26135,05-15-2026,2,4 Seasons Oil 10W30,FSMO13,case,364.0,182.0,2.0,nan
PROD520-FSMO52-26135,05-15-2026,2,4 Seasons Oil 5W20,FSMO52,case,182.0,182.0,1.0,nan
PROD521-ATWWBX-26138,05-18-2026,3,BugX W/Wash +32,ATWWBX,case,735.0,35.0,21.0,nan
PROD522-FSMO14-26138,05-18-2026,2,4 Seasons Oil 10W40,FSMO14,case,182.0,182.0,1.0,nan
PROD523-FSMO52-26138,05-18-2026,2,4 Seasons Oil 5W20,FSMO52,case,182.0,182.0,1.0,nan
PROD524-FSMO13-26138,05-18-2026,2,4 Seasons Oil 10W30,FSMO13,case,52.0,182.0,0.2857142857142857,PARTIAL PALLET (52 of 182)
PROD525-FSMO52-26138,05-18-2026,2,4 Seasons Oil 5W20,FSMO52,case,52.0,182.0,0.2857142857142857,PARTIAL PALLET (52 of 182)
PROD526-FSMO14-26138,05-18-2026,2,4 Seasons Oil 10W40,FSMO14,case,52.0,182.0,0.2857142857142857,PARTIAL PALLET (52 of 182)
PROD527-FSMO53-26138,05-18-2026,2,4 Seasons Oil 5W30,FSMO53,case,104.0,182.0,0.5714285714285714,PARTIAL PALLET (104 of 182)
PROD528-ATWWBX-26139,05-19-2026,3,BugX W/Wash +32,ATWWBX,case,35.0,35.0,1.0,nan
PROD529-ATWWAX-26139,05-19-2026,3,AquaX W/Wash +32,ATWWAX,case,665.0,35.0,19.0,nan
PROD530-FSMOTF-26139,05-19-2026,2,4 Seasons Oil ATF,FSMOTF,case,910.0,182.0,5.0,nan
PROD531-ATGPFS-26140,05-20-2026,1,Green Power 100,ATGPFS,case,36.0,36.0,1.0,nan
PROD532-ATWWAX-26140,05-20-2026,3,AquaX W/Wash +32,ATWWAX,case,735.0,35.0,21.0,nan
PROD533-PSLC125-26140,05-20-2026,3,Pool Shock,PSLC125,case,336.0,48.0,7.0,nan
PROD534-FSMO13-26140,05-20-2026,2,4 Seasons Oil 10W30,FSMO13,case,182.0,182.0,1.0,nan
PROD535-FSMO52-26140,05-20-2026,2,4 Seasons Oil 5W20,FSMO52,case,182.0,182.0,1.0,nan
PROD536-FSMO53-26140,05-20-2026,2,4 Seasons Oil 5W30,FSMO53,case,182.0,182.0,1.0,nan
PROD537-ATWWAX-26141,05-21-2026,3,AquaX W/Wash +32,ATWWAX,case,35.0,35.0,1.0,nan
PROD538-ATWWBX-26141,05-21-2026,3,BugX W/Wash +32,ATWWBX,case,70.0,35.0,2.0,nan
PROD539-RSW321-26141,05-21-2026,3,Resolute +32 Bug Wash,RSW321,case,595.0,35.0,17.0,nan
PROD540-SPCD55G-26141,05-21-2026,4,Drum Super Purple Cleaner & Degreaser,SPCD55G,drum,1.0,4.0,0.25,PARTIAL PALLET (1 of 4)
PROD541-ATAB55-26141,05-21-2026,4,Drum DEF,ATAB55,drum,3.0,4.0,0.75,PARTIAL PALLET (3 of 4)
PROD542-ATCP50-55-26141,05-21-2026,4,Drum Cool Power 50,ATCP50-55,drum,4.0,4.0,1.0,nan
PROD543-PSLC125-26141,05-21-2026,3,Pool Shock,PSLC125,case,336.0,48.0,7.0,nan
PROD544-ATWWBX-26142,05-22-2026,3,BugX W/Wash +32,ATWWBX,case,420.0,35.0,12.0,nan
PROD545-RSW321-26142,05-22-2026,3,Resolute +32 Bug Wash,RSW321,case,105.0,35.0,3.0,nan
PROD546-CLF-QT-26142,05-22-2026,6,Quick Lite,CLF-QT,case,216.0,72.0,3.0,nan
PROD547-CLF-QT-26143,05-23-2026,6,Quick Lite,CLF-QT,case,144.0,72.0,2.0,nan
PROD548-OTRW255-26146,05-26-2026,4,Drum OTR-25,OTRW255,drum,28.0,4.0,7.0,nan
PROD549-CLF-QT-26146,05-26-2026,6,Quick Lite,CLF-QT,case,288.0,72.0,4.0,nan
PROD550-ATWWBX-26146,05-26-2026,3,BugX W/Wash +32,ATWWBX,case,455.0,35.0,13.0,nan
PROD551-RSW321-26146,05-26-2026,3,Resolute +32 Bug Wash,RSW321,case,210.0,35.0,6.0,nan
PROD552-RSW321-26147,05-27-2026,3,Resolute +32 Bug Wash,RSW321,case,210.0,35.0,6.0,nan
PROD553-CLF-QT-26147,05-27-2026,6,Quick Lite,CLF-QT,case,216.0,72.0,3.0,nan
PROD554-OTRW255-26147,05-27-2026,4,Drum OTR-25,OTRW255,drum,92.0,4.0,23.0,nan
PROD555-CLF-QT-26148,05-28-2026,6,Quick Lite,CLF-QT,case,288.0,72.0,4.0,nan
PROD556-RSW321-26148,05-28-2026,3,Resolute +32 Bug Wash,RSW321,case,315.0,35.0,9.0,nan
PROD557-OTRW255-26148,05-28-2026,4,Drum OTR-25,OTRW255,drum,56.0,4.0,14.0,nan
PROD558-ATWW55-26148,05-28-2026,4,Drum W/Wash -20,ATWW55,drum,8.0,4.0,2.0,nan
PROD559-OTRW252-26148,05-28-2026,4,Tote OTR-25,OTRW252,tote,3.0,1.0,3.0,nan
PROD560-ATGP50-26148,05-28-2026,1,Green Power 50,ATGP50,case,288.0,36.0,8.0,nan
PROD561-CLF-QT-26149,05-29-2026,6,Quick Lite,CLF-QT,case,216.0,72.0,3.0,nan
PROD562-OTRW255-26149,05-29-2026,4,Drum OTR-25,OTRW255,drum,24.0,4.0,6.0,nan
PROD563-FSAF50-26149,05-29-2026,1,4 Seasons Antifreeze,FSAF50,case,288.0,36.0,8.0,nan
PROD564-ATGP50-26149,05-29-2026,1,Green Power 50,ATGP50,case,180.0,36.0,5.0,nan
PROD565-CLF-QT-26150,05-30-2026,6,Quick Lite,CLF-QT,case,144.0,72.0,2.0,nan
PROD566-OTRW05-26150,05-30-2026,4,Drum OTR-0,OTRW05,drum,16.0,4.0,4.0,nan
PROD567-FSMO13-26150,05-30-2026,2,4 Seasons Oil 10W30,FSMO13,case,182.0,182.0,1.0,nan
PROD568-CLF-QT-26152,06-01-2026,6,Quick Lite,CLF-QT,case,216.0,72.0,3.0,nan
PROD569-ATAB55-26152,06-01-2026,4,Drum DEF,ATAB55,drum,8.0,4.0,2.0,nan
PROD570-FSMO13-26152,06-01-2026,2,4 Seasons Oil 10W30,FSMO13,case,546.0,182.0,3.0,nan
PROD571-FSMO14-26152,06-01-2026,2,4 Seasons Oil 10W40,FSMO14,case,364.0,182.0,2.0,nan
PROD572-OTRWWSHDEICER1G-26187,07-06-2026,1,OTR -25 W/Wash,OTRWWSHDEICER1G,case,936.0,36.0,26.0,nan
PROD573-OTRW255-26187,07-06-2026,4,Drum OTR-25,OTRW255,drum,40.0,4.0,10.0,nan
PROD574-OTRW255-26188,07-07-2026,4,Drum OTR-25,OTRW255,drum,52.0,4.0,13.0,nan
PROD575-FSAF50-26188,07-07-2026,1,4 Seasons Antifreeze,FSAF50,case,180.0,36.0,5.0,nan
PROD576-ATGP50-26188,07-07-2026,1,Green Power 50,ATGP50,case,612.0,36.0,17.0,nan
PROD577-OTRW255-26189,07-08-2026,4,Drum OTR-25,OTRW255,drum,40.0,4.0,10.0,nan
PROD578-TBDXTREME-26189,07-08-2026,1,Xtreme AF,TBDXTREME,case,72.0,36.0,2.0,nan
PROD579-ATGP50-55-26189,07-08-2026,4,Drum Green Power -34,ATGP50-55,drum,1.0,4.0,0.25,PARTIAL PALLET (1 of 4)
PROD580-ATRE506-26190,07-09-2026,3,RV Antifreeze -50,ATRE506,case,945.0,35.0,27.0,nan
PROD581-ATRE506-26191,07-10-2026,3,RV Antifreeze -50,ATRE506,case,245.0,35.0,7.0,nan
PROD582-ATWWAX-26191,07-10-2026,3,AquaX W/Wash +32,ATWWAX,case,315.0,35.0,9.0,nan
PROD583-TBDXTREME-26191,07-10-2026,1,Xtreme AF,TBDXTREME,case,144.0,36.0,4.0,nan
PROD584-OTRW255-26191,07-10-2026,4,Drum OTR-25,OTRW255,drum,224.0,4.0,56.0,nan
PROD585-ATGP50-55-26192,07-11-2026,4,Drum Green Power -34,ATGP50-55,drum,6.0,4.0,1.5,PARTIAL PALLET (2 of 4)
PROD586-ATAB55-26192,07-11-2026,4,Drum DEF,ATAB55,drum,6.0,4.0,1.5,PARTIAL PALLET (2 of 4)
PROD587-TBDXTREME-26192,07-11-2026,1,Xtreme AF,TBDXTREME,case,216.0,36.0,6.0,nan
PROD588-RESD25-26192,07-11-2026,5,Resolute DEF 2.5 Gal classic,RESD25,case,240.0,80.0,3.0,nan
PROD589-FSMO53-26194,07-13-2026,2,4 Seasons Oil 5W30,FSMO53,case,182.0,182.0,1.0,nan
PROD590-ATWWBX-26194,07-13-2026,3,BugX W/Wash +32,ATWWBX,case,210.0,35.0,6.0,nan
PROD591-TBDXTREME-26194,07-13-2026,1,Xtreme AF,TBDXTREME,case,648.0,36.0,18.0,nan
PROD592-FSMO53-26195,07-14-2026,2,4 Seasons Oil 5W30,FSMO53,case,364.0,182.0,2.0,
PROD593-FSMO52-26195,07-14-2026,2,4 Seasons Oil 5W20,FSMO52,case,364.0,182.0,2.0,
PROD594-ATGP50-26195,07-14-2026,1,Green Power 50,ATGP50,case,900.0,36.0,25.0,
