Finished Product,ProductCode,Line,UnitType,UnitsPerPallet,Component,ComponentCode,ComponentType,Qty Per Production Unit,ConsumptionBasis,Waste %,InventorySource,UsageUOM
Green Power 50,ATGP50,1,case,36.0,Yellow Antifreeze Cap,CAP-AFYEL,cap,6.0,PER_UNIT,1.5,,
Green Power 50,ATGP50,1,case,36.0,Green Power 50 Front Label,LABEL-00048-F,label,6.0,PER_UNIT,4.0,,
Green Power 50,ATGP50,1,case,36.0,Green Power 50 Back Label,LABEL-00048-B,label,6.0,PER_UNIT,4.0,,
Green Power 50,ATGP50,1,case,36.0,Green Power Box,BOX-GREENPWR,box,1.0,PER_UNIT,0.5,,
Green Power 50,ATGP50,1,case,36.0,Yellow Antifreeze Bottle,BOTTLE-AFYEL,bottle,6.0,PER_UNIT,1.0,,
Green Power 50,ATGP50,1,case,36.0,Raw Ethylene Glycol,EG-RAW-GAL,Raw Material,3.0,PER_UNIT,0.5,RM,Gal
Green Power 100,ATGPFS,1,case,36.0,Yellow Antifreeze Cap,CAP-AFYEL,cap,6.0,PER_UNIT,1.5,,
Green Power 100,ATGPFS,1,case,36.0,Green Power 100 Front Label,LBL-ATGPFS-F,label,6.0,PER_UNIT,4.0,,
Green Power 100,ATGPFS,1,case,36.0,Green Power 100 Back Label,LBL-ATGPFS-B,label,6.0,PER_UNIT,4.0,,
Green Power 100,ATGPFS,1,case,36.0,Green Power Box,TBD,box,1.0,PER_UNIT,0.5,,
Green Power 100,ATGPFS,1,case,36.0,Yellow Antifreeze Bottle,BOTTLE-AFYEL,bottle,6.0,PER_UNIT,1.0,,

4 Seasons Oil 5W30,FSMO53,2,case,182.0,4 Seasons Oil 5W30 Front Label,LABEL-61110-F,label,6.0,PER_UNIT,4.0,,
4 Seasons Oil 5W30,FSMO53,2,case,182.0,4 Seasons Oil 5W30 Back Label,LABEL-61110-B,label,6.0,PER_UNIT,4.0,,
4 Seasons Oil 5W30,FSMO53,2,case,182.0,Black Oil Cap,CAP-OIL,cap,6.0,PER_UNIT,1.0,,
4 Seasons Oil 5W30,FSMO53,2,case,182.0,4 Seasons Oil Box,BOX-4SOIL,1.0,0.5,PER_UNIT,0.0,,
4 Seasons Oil 5W30,FSMO53,2,case,182.0,Yellow Oil Bottle,BOT-OIL-QTYL,bottle,6.0,PER_UNIT,0.5,INV,ea
4 Seasons Oil 5W30,FSMO53,2,case,182.0,Base Oil,BASE-150,Raw Material,1.5,PER_UNIT,0.5,RM,Gal

4 Seasons Oil 10W30,FSMO13,2,case,182.0,4 Seasons Oil 10W30 Front Label,LABEL-61107-F,label,6.0,PER_UNIT,4.0,,
4 Seasons Oil 10W30,FSMO13,2,case,182.0,4 Seasons Oil 10W30 Back Label,LABEL-61107-B,label,6.0,PER_UNIT,4.0,,
4 Seasons Oil 10W30,FSMO13,2,case,182.0,Black Oil Cap,CAP-OIL,cap,6.0,PER_UNIT,1.0,,
4 Seasons Oil 10W30,FSMO13,2,case,182.0,4 Seasons Oil Box,BOX-4SOIL,1.0,0.5,PER_UNIT,0.0,,
4 Seasons Oil 10W30,FSMO13,2,case,182.0,Yellow Oil Bottle,BOT-OIL-QTYL,bottle,6.0,PER_UNIT,0.5,INV,ea
4 Seasons Oil 10W30,FSMO13,2,case,182.0,Base Oil,BASE-150,Raw Material,1.5,PER_UNIT,0.5,RM,Gal

4 Seasons Oil 10W40,FSMO14,2,case,182.0,Yellow Oil Bottle,BOT-OIL-QTYL,bottle,6.0,PER_UNIT,0.5,INV,ea
4 Seasons Oil 10W40,FSMO14,2,case,182.0,4 Seasons Oil 10W40 Front Label,LABEL-61108-F,label,6.0,PER_UNIT,4.0,,
4 Seasons Oil 10W40,FSMO14,2,case,182.0,4 Seasons Oil 10W40 Back Label,LABEL-61108-B,label,6.0,PER_UNIT,4.0,,
4 Seasons Oil 10W40,FSMO14,2,case,182.0,Black Oil Cap,CAP-OIL,cap,6.0,PER_UNIT,1.0,,
4 Seasons Oil 10W40,FSMO14,2,case,182.0,4 Seasons Oil Box,BOX-4SOIL,1.0,0.5,PER_UNIT,0.0,,
4 Seasons Oil 10W40,FSMO14,2,case,182.0,Base Oil,BASE-150,Raw Material,1.5,PER_UNIT,0.5,RM,Gal

4 Seasons Oil 5W20,FSMO52,2,case,182.0,Yellow Oil Bottle,BOT-OIL-QTYL,bottle,6.0,PER_UNIT,0.5,INV,ea
4 Seasons Oil 5W20,FSMO52,2,case,182.0,4 Seasons Oil 5W20 Front Label,LABEL-61109-F,label,6.0,PER_UNIT,4.0,,
4 Seasons Oil 5W20,FSMO52,2,case,182.0,4 Seasons Oil 5W20 Back Label,LABEL-61109-B,label,6.0,PER_UNIT,4.0,,
4 Seasons Oil 5W20,FSMO52,2,case,182.0,Black Oil Cap,CAP-OIL,cap,6.0,PER_UNIT,1.0,,
4 Seasons Oil 5W20,FSMO52,2,case,182.0,4 Seasons Oil Box,BOX-4SOIL,1.0,0.5,PER_UNIT,0.0,,
4 Seasons Oil 5W20,FSMO52,2,case,182.0,Base Oil,BASE-150,Raw Material,1.5,PER_UNIT,0.5,RM,Gal

4 Seasons Oil ATF,FSMOTF,2,case,182.0,Yellow Oil Bottle,BOT-OIL-QTYL,bottle,6.0,PER_UNIT,0.5,INV,ea
4 Seasons Oil ATF,FSMOTF,2,case,182.0,4 Seasons Oil ATF Front Label,LABEL-61111-F,label,6.0,PER_UNIT,4.0,,
4 Seasons Oil ATF,FSMOTF,2,case,182.0,4 Seasons Oil ATF Back Label,LABEL-61111-B,label,6.0,PER_UNIT,4.0,,
4 Seasons Oil ATF,FSMOTF,2,case,182.0,Black Oil Cap,CAP-OIL,cap,6.0,PER_UNIT,1.0,,
4 Seasons Oil ATF,FSMOTF,2,case,182.0,4 Seasons Oil Box,BOX-4SOIL,1.0,0.5,PER_UNIT,0.0,,
4 Seasons Oil ATF,FSMOTF,2,case,182.0,Base Oil,BASE-150,Raw Material,1.5,PER_UNIT,0.5,RM,Gal

OEF European Pink,OEFEVP50,1,case,36.0,Black Antifreeze Bottle,BOT-AF-BLK,bottle,6.0,PER_UNIT,1.0,,
OEF European Pink,OEFEVP50,1,case,36.0,White Cap,CAP-WH,cap,6.0,PER_UNIT,1.0,,
OEF European Pink,OEFEVP50,1,case,36.0,OEF Euopean Pink Front Label,LABEL-11428-F,label,6.0,PER_UNIT,4.0,,
OEF European Pink,OEFEVP50,1,case,36.0,OEF European Pink Back Label,LABEL-11428-B,label,6.0,PER_UNIT,4.0,,
OEF European Pink,OEFEVP50,1,case,36.0,All Temp Box,BOX-ATAFC,box,1.0,PER_UNIT,1.0,,
OEF European Pink,OEFEVP50,1,case,36.0,OEF Euopean Pink Box Label,LABEL-11428-BOX,label,2.0,PER_UNIT,1.0,,
OEF European Blue,OEFEVB50,1,case,36.0,OEF European Blue Front Label,LABEL-11411-F,label,6.0,PER_UNIT,4.0,,
OEF European Blue,OEFEVB50,1,case,36.0,OEF European Blue Back Label,LABEL-11411-B,label,6.0,PER_UNIT,4.0,,
OEF European Blue,OEFEVB50,1,case,36.0,OEF European Blue Box Label,LABEL-11411-BOX,label,2.0,PER_UNIT,1.0,,
OEF European Blue,OEFEVB50,1,case,36.0,Black Antifreeze Bottle,BOT-AF-BLK,bottle,6.0,PER_UNIT,1.0,,
OEF European Blue,OEFEVB50,1,case,36.0,White Cap,CAP-WH,cap,6.0,PER_UNIT,1.0,,
OEF European Blue,OEFEVB50,1,case,36.0,All Temp Box,BOX-ATAFC,box,1.0,PER_UNIT,1.0,,
OEF Asian Blue,OEFAVB50,1,case,36.0,White Cap,CAP-WH,cap,6.0,PER_UNIT,1.0,,
OEF Asian Blue,OEFAVB50,1,case,36.0,Black Antifreeze Bottle,BOT-AF-BLK,bottle,6.0,PER_UNIT,1.0,,
OEF Asian Blue,OEFAVB50,1,case,36.0,OEF Asian Blue Box Label,LABEL-11398-BOX,label,2.0,PER_UNIT,1.0,,
OEF Asian Blue,OEFAVB50,1,case,36.0,OEF Asian Blue Front Label,LABEL-11398-F,label,6.0,PER_UNIT,4.0,,
OEF Asian Blue,OEFAVB50,1,case,36.0,OEF Asian Blue Back Label,LABEL-11398-B,label,6.0,PER_UNIT,4.0,,
OEF Asian Blue,OEFAVB50,1,case,36.0,All Temp Box,BOX-ATAFC,box,1.0,PER_UNIT,1.0,,
OEF Asian Red/Pink,OEFAVRP50,1,case,36.0,OEF Asian Red/Pink Box Label,LABEL-11404-BOX,label,2.0,PER_UNIT,1.0,,
OEF Asian Red/Pink,OEFAVRP50,1,case,36.0,OEF Asian Red/Pink Front Label,LABEL-11404-F,label,6.0,PER_UNIT,4.0,,
OEF Asian Red/Pink,OEFAVRP50,1,case,36.0,OEF Asian Red/Pink Back Label,LABEL-11404-B,label,6.0,PER_UNIT,4.0,,
OEF Asian Red/Pink,OEFAVRP50,1,case,36.0,Black Antifreeze Bottle,BOT-AF-BLK,bottle,6.0,PER_UNIT,1.0,,
OEF Asian Red/Pink,OEFAVRP50,1,case,36.0,White Cap,CAP-WH,cap,6.0,PER_UNIT,1.0,,
OEF Asian Red/Pink,OEFAVRP50,1,case,36.0,All Temp Box,BOX-ATAFC,box,1.0,PER_UNIT,1.0,,
4 Seasons Antifreeze,FSAF50,1,case,36.0,4 Seasons Antifreeze Front Label,LABEL-6155-F,label,6.0,PER_UNIT,4.0,,
4 Seasons Antifreeze,FSAF50,1,case,36.0,4 Seasons Antifreeze Back Label,LABEL-6155-B,label,6.0,PER_UNIT,4.0,,
4 Seasons Antifreeze,FSAF50,1,case,36.0,Yellow Antifreeze Bottle,BOTTLE-AFYEL,bottle,6.0,PER_UNIT,1.0,,
4 Seasons Antifreeze,FSAF50,1,case,36.0,Yellow Antifreeze Cap,CAP-AFYEL,cap,6.0,PER_UNIT,1.0,,
4 Seasons Antifreeze,FSAF50,1,case,36.0,Antifreeze Box,BOX-AF-NEW,box,1.0,PER_UNIT,0.5,,
4 Seasons Antifreeze,FSAF50,1,case,36.0,Raw Ethylene Glycol,EG-RAW-GAL,Raw Material,3.0,PER_UNIT,0.5,RM,Gal
Simply Green,SAGR50,1,case,36.0,Simply Green Front Label,LBL-99987-F,label,6.0,PER_UNIT,4.0,,
Simply Green,SAGR50,1,case,36.0,Simply Green Back Label,LBL-99987-B,label,6.0,PER_UNIT,4.0,,
Simply Green,SAGR50,1,case,36.0,Simply Auto Box,BOX-SIMPLY,box,1.0,PER_UNIT,1.0,,
Simply Green,SAGR50,1,case,36.0,Yellow Antifreeze Bottle,BOTTLE-AFYEL,bottle,6.0,PER_UNIT,1.0,,
Simply Green,SAGR50,1,case,36.0,Yellow Antifreeze Cap,CAP-AFYEL,cap,6.0,PER_UNIT,1.0,,
Simply Cool,SADC50,1,case,36.0,Simply Cool Front Label,LBL-99983-F,label,6.0,PER_UNIT,4.0,,
Simply Cool,SADC50,1,case,36.0,Simply Cool Back Label,LBL-99983-B,label,6.0,PER_UNIT,4.0,,
Simply Cool,SADC50,1,case,36.0,Yellow Antifreeze Bottle,BOTTLE-AFYEL,bottle,6.0,PER_UNIT,1.0,,
Simply Cool,SADC50,1,case,36.0,Yellow Antifreeze Cap,CAP-AFYEL,cap,6.0,PER_UNIT,1.0,,
Simply Cool,SADC50,1,case,36.0,Simply Auto Box,BOX-SIMPLY,box,1.0,PER_UNIT,1.0,,
Propel 50,PROAF50,1,case,36.0,Black Antifreeze Bottle,BOT-AF-BLK,bottle,6.0,PER_UNIT,1.0,,
Propel 50,PROAF50,1,case,36.0,White Cap,CAP-WH,cap,6.0,PER_UNIT,1.0,,
Propel 50,PROAF50,1,case,36.0,Propel 50 Front Label,LBL-PROAF50-F,label,6.0,PER_UNIT,4.0,,
Propel 50,PROAF50,1,case,36.0,Antifreeze Box,BOX-AF-NEW,box,1.0,PER_UNIT,0.5,,
Propel 50,PROAF50,1,case,36.0,Propel 50 Back Label,LBL-PROAF50-B,label,6.0,PER_UNIT,4.0,,
Cool Power 50,ATCP50,1,case,36.0,yellow Antifreeze Bottle,BOTTLE-AFYEL,bottle,6.0,PER_UNIT,1.0,,
Cool Power 50,ATCP50,1,case,36.0,Cool Power 50 Front Label,LBL-ATCP50-F,label,6.0,PER_UNIT,4.0,,
Cool Power 50,ATCP50,1,case,36.0,Cool Power 50 Back Label,LBL-ATCP50-B,label,6.0,PER_UNIT,4.0,,
Cool Power 50,ATCP50,1,case,36.0,Cool Power 50 Box Label,LBL-ATGLP50-BOX,label,2.0,PER_UNIT,0.5,,
Cool Power 50,ATCP50,1,case,36.0,Yellow Antifreeze Cap,CAP-AFYEL,cap,6.0,PER_UNIT,1.0,,
Cool Power 50,ATCP50,1,case,36.0,All Temp Box,BOX-ATAFC,box,1.0,PER_UNIT,1.0,,
Cool Power 100,ATCPFS,1,case,36.0,Cool Power 100 Front Label,LBL-ATCPFS-F,label,6.0,PER_UNIT,4.0,,
Cool Power 100,ATCPFS,1,case,36.0,Cool Power 100 Back Label,LBL-ATCPFS-B,label,6.0,PER_UNIT,4.0,,
Cool Power 100,ATCPFS,1,case,36.0,Cool Power 100 Box Label,LBL-ATCPFS-BOX,label,2.0,PER_UNIT,0.5,,
Cool Power 100,ATCPFS,1,case,36.0,Yellow Antifreeze Bottle,BOTTLE-AFYEL,bottle,6.0,PER_UNIT,1.5,,
Cool Power 100,ATCPFS,1,case,36.0,Yellow Antifreeze Cap,CAP-AFYEL,cap,6.0,PER_UNIT,1.5,,
Cool Power 100,ATCPFS,1,case,36.0,All Temp Box,BOX-ATAFC,box,1.0,PER_UNIT,0.5,,
Global Power 50,ATGLP50,1,case,36.0,Yellow Antifreeze Bottle,BOTTLE-AFYEL,bottle,6.0,PER_UNIT,1.0,,
Global Power 50,ATGLP50,1,case,36.0,Yellow Antifreeze Cap,CAP-AFYEL,cap,6.0,PER_UNIT,1.0,,
Global Power 50,ATGLP50,1,case,36.0,Global Power 50 Front Label,LBL-ATGLP50-F,label,6.0,PER_UNIT,4.0,,
Global Power 50,ATGLP50,1,case,36.0,Global Power 50 Back Label,LBL-ATGLP50-B,label,6.0,PER_UNIT,4.0,,
Global Power 50,ATGLP50,1,case,36.0,Global Power 50 Box Label,LBL-ATGLP50-BOX,label,2.0,PER_UNIT,0.5,,
Global Power 50,ATGLP50,1,case,36.0,All Temp Box,BOX-ATAFC,box,1.0,PER_UNIT,0.5,,
Global Power 100,ATGLPFS,1,case,36.0,Global Power 100 Front Label,LBL-ATGLPFS-F,label,6.0,PER_UNIT,4.0,,
Global Power 100,ATGLPFS,1,case,36.0,Global Power 100 Back Label,LBL-ATGLPFS-B,label,6.0,PER_UNIT,4.0,,
Global Power 100,ATGLPFS,1,case,36.0,Global Power 100 Box Label,LBL-ATGLPFS-BOX,label,2.0,PER_UNIT,0.5,,
Global Power 100,ATGLPFS,1,case,36.0,Yellow Antifreeze Bottle,BOTTLE-AFYEL,bottle,6.0,PER_UNIT,1.0,,
Global Power 100,ATGLPFS,1,case,36.0,Yellow Antifreeze Cap,CAP-AFYEL,cap,6.0,PER_UNIT,1.0,,
Global Power 100,ATGLPFS,1,case,36.0,All Temp Box,BOX-ATAFC,box,1.0,PER_UNIT,1.0,,
FrostX W/Wash -30,ATWWFX,3,case,35.0,FrostX Label,LBL-45959,label,6.0,PER_UNIT,4.0,,
FrostX W/Wash -30,ATWWFX,3,case,35.0,White Cap,CAP-WH,cap,6.0,PER_UNIT,1.0,,
FrostX W/Wash -30,ATWWFX,3,case,35.0,Clear Round Bottle,BOTTLE-RD-NAT,bottle,6.0,PER_UNIT,1.0,,
FrostX W/Wash -30,ATWWFX,3,case,35.0,8Brand Box,BOX-WW/BL,box,1.0,PER_UNIT,0.5,,
BugX W/Wash +32,ATWWBX,3,case,35.0,BugX Label,LBL-45956,label,6.0,PER_UNIT,4.0,,
BugX W/Wash +32,ATWWBX,3,case,35.0,Clear Round Bottle,BOTTLE-RD-NAT,bottle,6.0,PER_UNIT,1.0,,
BugX W/Wash +32,ATWWBX,3,case,35.0,White Cap,CAP-WH,cap,6.0,PER_UNIT,1.0,,
BugX W/Wash +32,ATWWBX,3,case,35.0,8Brand Box,BOX-WW/BL,box,1.0,PER_UNIT,0.5,,
AquaX W/Wash +32,ATWWAX,3,case,35.0,AquaX Label,LBL-45957,label,6.0,PER_UNIT,4.0,,
AquaX W/Wash +32,ATWWAX,3,case,35.0,Clear Round Bottle,BOTTLE-RD-NAT,bottle,6.0,PER_UNIT,1.0,,
AquaX W/Wash +32,ATWWAX,3,case,35.0,White Cap,CAP-WH,cap,6.0,PER_UNIT,1.0,,
AquaX W/Wash +32,ATWWAX,3,case,35.0,8Brand Box,BOX-WW/BL,box,1.0,PER_UNIT,0.5,,
PolarX W/Wash -20,ATWWPX,3,case,35.0,Clear Round Bottle,BOTTLE-RD-NAT,bottle,6.0,PER_UNIT,1.0,,
PolarX W/Wash -20,ATWWPX,3,case,35.0,White Cap,CAP-WH,cap,6.0,PER_UNIT,1.5,,
PolarX W/Wash -20,ATWWPX,3,case,35.0,PolarX Label,LBL-45958,label,6.0,PER_UNIT,4.0,,
PolarX W/Wash -20,ATWWPX,3,case,35.0,8Brand Box,BOX-WW/BL,box,1.0,PER_UNIT,0.5,,
PolarX W/Wash -20,ATWWPX,3,case,35.0,Methanol,BULK-MET,Raw Material,1.968,PER_UNIT,0.5,RM,Gal
All Temp W/Wash -20,TBD,3,case,35.0,All Temp W/Wash -20 Label,LBL-ATWW20,label,6.0,PER_UNIT,4.0,,
All Temp W/Wash -20,TBD,3,case,35.0,White Cap,CAP-WH,cap,6.0,PER_UNIT,1.0,,
All Temp W/Wash -20,TBD,3,case,35.0,Clear Round Bottle,BOTTLE-RD-NAT,bottle,6.0,PER_UNIT,1.0,,
All Temp W/Wash -20,TBD,3,case,35.0,8Brand Box,BOX-WW/BL,box,1.0,PER_UNIT,0.5,,
All Temp W/Wash Deicer -30,TBD,3,case,35.0,All Temp W/Wash Deicer -30 Label,LBL-61123-DEICER,label,6.0,PER_UNIT,4.0,,
All Temp W/Wash Deicer -30,TBD,3,case,35.0,White Cap,CAP-WH,cap,6.0,PER_UNIT,1.0,,
All Temp W/Wash Deicer -30,TBD,3,case,35.0,Clear Round Bottle,BOTTLE-RD-NAT,bottle,6.0,PER_UNIT,1.0,,
All Temp W/Wash Deicer -30,TBD,3,case,35.0,8Brand Box,BOX-WW/BL,box,1.0,PER_UNIT,0.5,,
All Temp Summer Wash +32,TBD,3,case,35.0,All Temp Summer Wash +32 Label,LBL-ATSWW-12507,label,6.0,PER_UNIT,4.0,,
All Temp Summer Wash +32,TBD,3,case,35.0,Clear Round Bottle,BOTTLE-RD-NAT,bottle,6.0,PER_UNIT,1.0,,
All Temp Summer Wash +32,TBD,3,case,35.0,White Cap,CAP-WH,cap,6.0,PER_UNIT,1.0,,
All Temp Summer Wash +32,TBD,3,case,35.0,8Brand Box,BOX-WW/BL,box,1.0,PER_UNIT,0.5,,
All Temp Bug Wash +32,TBD,3,case,35.0,Clear Round Bottle,BOTTLE-RD-NAT,bottle,6.0,PER_UNIT,1.0,,
All Temp Bug Wash +32,TBD,3,case,35.0,White Cap,CAP-WH,cap,6.0,PER_UNIT,1.0,,
All Temp Bug Wash +32,TBD,3,case,35.0,All Temp Bug Wash +32 Label,LBL-ATBW,label,6.0,PER_UNIT,4.0,,
All Temp Bug Wash +32,TBD,3,case,35.0,8Brand Box,BOX-WW/BL,box,1.0,PER_UNIT,1.0,,
RV Antifreeze -50,ATRE506,3,case,35.0,RV Antifreeze -50 Label,LBL-45915,label,6.0,PER_UNIT,4.0,,
RV Antifreeze -50,ATRE506,3,case,35.0,Clear Round Bottle,BOTTLE-RD-NAT,bottle,6.0,PER_UNIT,1.0,,
RV Antifreeze -50,ATRE506,3,case,35.0,White Cap,CAP-WH,cap,6.0,PER_UNIT,1.0,,
RV Antifreeze -50,ATRE506,3,case,35.0,8Brand Box,BOX-WW/BL,box,1.0,PER_UNIT,0.5,,
RV Antifreeze -100,ATRP1006,3,case,35.0,RV Antifreeze -100 Label,LBL-45915,label,6.0,PER_UNIT,4.0,,
RV Antifreeze -100,ATRP1006,3,case,35.0,Clear Round Bottle,BOTTLE-RD-NAT,bottle,6.0,PER_UNIT,1.0,,
RV Antifreeze -100,ATRP1006,3,case,35.0,White Cap,CAP-WH,cap,6.0,PER_UNIT,1.0,,
RV Antifreeze -100,ATRP1006,3,case,35.0,8Brand Box,BOX-WW/BL,box,1.0,PER_UNIT,0.5,,
Drum RV-100 Blue,TBD,4,drum,4.0,Blue Drum 55 Gal,DRUM-MT55,drum,1.0,PER_UNIT,0.5,,
Drum RV-100 Blue,TBD,4,drum,4.0,RV-100 Blue Drum Label,TBDRV100BDR,label,1.0,PER_UNIT,0.5,,
Drum DEF,ATAB55,4,drum,4.0,Blue Drum 55 Gal,DRUM-MT55,drum,1.0,PER_UNIT,0.5,,
Drum DEF,ATAB55,4,drum,4.0,DEF Drum Label,TBDDEFDL,label,1.0,PER_UNIT,0.5,,
Drum DEF,ATAB55,4,drum,4.0,DEF Bulk,GEF030,raw material,55.0,PER_UNIT,0.1,RM,gal
Drum Super Purple,TBD,4,drum,4.0,Blue Drum 55 Gal,DRUM-MT55,drum,1.0,PER_UNIT,0.5,,
Drum Super Purple,TBD,4,drum,4.0,Super Purple Drum Label,TBD,label,1.0,PER_UNIT,0.5,,
Drum Propel 50,TBD,4,drum,4.0,Blue Drum 55 Gal,DRUM-MT55,drum,1.0,PER_UNIT,0.5,,
Drum Propel 50,TBD,4,drum,4.0,Propel 50 Drum Label,TBD,label,1.0,PER_UNIT,0.5,,
Drum Global Power 50,ATGLP5055,4,drum,4.0,Blue Drum 55 Gal,DRUM-MT55,drum,1.0,PER_UNIT,0.1,,
Drum Global Power 50,ATGLP5055,4,drum,4.0,Global Power 50 Drum Label,TBD,label,1.0,PER_UNIT,1.0,,
Drum Global Power 50,ATGLP5055,4,drum,4.0,Raw Ethylene Glycol,EG-RAW,raw material,26.0,PER_UNIT,0.0,RM,gal
Drum RV-50 Pink,ATRE501,4,drum,4.0,Blue Drum 55 Gal,DRUM-MT55,drum,1.0,PER_UNIT,0.1,,
Drum RV-50 Pink,ATRE501,4,drum,4.0,RV-50 Pink Drum Label,TBD,label,1.0,PER_UNIT,1.0,,
Drum Oil 5W20,FS5552,4,drum,4.0,Drum Oil 5W20 Label,TBD,label,1.0,PER_UNIT,1.0,,
Drum Oil 5W20,FS5552,4,drum,4.0,Steel Drum 55 Gal,DRUM-MT55-STL,drum,1.0,PER_UNIT,0.0,INV,ea
Drum Oil 5W20,FS5552,4,drum,4.0,Base Oil,BASE-150,raw material,55.0,PER_UNIT,0.1,RM,gal
Drum Oil 5W30,FS5553,4,drum,4.0,Oil 5W30 Drum Label,TBD,label,1.0,PER_UNIT,1.0,,
Drum Oil 5W30,FS5553,4,drum,4.0,Steel Drum 55 Gal,DRUM-MT55-STL,drum,1.0,PER_UNIT,0.0,INV,ea
Drum Oil 5W30,FS5553,4,drum,4.0,Base Oil,BASE-150,raw material,55.0,PER_UNIT,0.1,RM,gal
Drum Oil 10W30,FS5530,4,drum,4.0,Oil 10W30 Drum Label,TBD,label,1.0,PER_UNIT,0.2,,
Drum Oil 10W30,FS5530,4,drum,4.0,Steel Drum 55 Gal,DRUM-MT55-STL,drum,1.0,PER_UNIT,0.0,INV,ea
Drum Oil 10W30,FS5530,4,drum,4.0,Base Oil,BASE-150,raw material,55.0,PER_UNIT,0.1,RM,gal
Choice Laundry Detergent Gain Type 3.5 Gal,CHLD35-GN,4,bucket,60.0,Green Laundry Bucket Label,TBD,label,1.0,PER_UNIT,0.5,,
Drum W/Wash -20,ATWW55,4,drum,4.0,Blue Drum 55 Gal,DRUM-MT55,drum,1.0,PER_UNIT,0.1,,
Drum W/Wash -20,ATWW55,4,drum,4.0,W/Wash -20 Drum Label,TBD,label,1.0,PER_UNIT,1.0,,
Drum W/Wash -20,ATWW55,4,drum,4.0,Methanol,BULK-MET,raw material,18.0,PER_UNIT,0.0,RM,gal
Drum W/Wash -30,ATW305,4,drum,4.0,Blue Drum 55 Gal,DRUM-MT55,drum,1.0,PER_UNIT,0.1,,
Drum W/Wash -30,ATW305,4,drum,4.0,W/Wash -30 Drum Label,TBD,label,1.0,PER_UNIT,1.0,,
Fleet Power 50,ATFP50,1,case,36.0,Yellow Antifreeze Cap,CAP-AFYEL,cap,6.0,PER_UNIT,1.0,,
Fleet Power 50,ATFP50,1,case,36.0,Fleet Power 50 Front Label,TBD,label,6.0,PER_UNIT,4.0,,
Fleet Power 50,ATFP50,1,case,36.0,Fleet Power 50 Back Label,TBD,label,6.0,PER_UNIT,4.0,,
Fleet Power 50,ATFP50,1,case,36.0,Yellow Antifreeze Bottle,BOTTLE-AFYEL,bottle,6.0,PER_UNIT,1.0,,
Fleet Power 50,ATFP50,1,case,36.0,All Temp Box,BOX-ATAFC,box,1.0,PER_UNIT,0.5,,
Pool Shock,PSLC125,3,case,48.0,4-1 Box,TBD,box,1.0,PER_UNIT,0.5,,
Pool Shock,PSLC125,3,case,48.0,Pool Shock Label,TBD,label,4.0,PER_UNIT,4.0,,
Pool Shock,PSLC125,3,case,48.0,Pool Shock Cap,CAP-PS,cap,4.0,PER_UNIT,1.0,,
Pool Shock,PSLC125,3,case,48.0,White Round Bottle,TBD,bottle,4.0,PER_UNIT,1.0,,
Super Purple,TBD,4,case,36.0,Super Purple Front Label,TBD,label,7.0,PER_UNIT,4.0,,
Super Purple,TBD,4,case,36.0,Super Purple Back Label,TBD,label,7.0,PER_UNIT,4.0,,
Super Purple,TBD,4,case,36.0,White Antifreeze Bottle,BOT-AF-WHT,bottle,6.0,PER_UNIT,1.0,,
Super Purple,TBD,4,case,36.0,White Cap,CAP-WH,cap,6.0,PER_UNIT,1.0,,
Super Purple,TBD,4,case,36.0,6-1 Box,TBD,box,1.0,PER_UNIT,0.5,,
Fresh Choice Bleach,FCBL01,7,case,35.0,Bleach Label,TBD,label,6.0,PER_UNIT,4.0,,
Fresh Choice Bleach,FCBL01,7,case,35.0,White Round Bottle,TBD,bottle,6.0,PER_UNIT,1.0,,
Fresh Choice Bleach,FCBL01,7,case,35.0,Bleach Cap,TBD,cap,6.0,PER_UNIT,1.0,,
Fresh Choice Bleach,FCBL01,7,case,35.0,8Brand Box,BOX-WW/BL,box,1.0,PER_UNIT,0.5,,
Muriatic Acid,TBD,4,case,48.0,4-1 Box,TBD,box,1.0,PER_UNIT,0.5,,
Muriatic Acid,TBD,4,case,48.0,Muriatic Acid Label,TBD,label,4.0,PER_UNIT,4.0,,
Muriatic Acid,TBD,4,case,48.0,White Round Bottle,TBD,bottle,4.0,PER_UNIT,1.0,,
Muriatic Acid,TBD,4,case,48.0,White Cap,CAP-WH,cap,4.0,PER_UNIT,1.0,,
All Blu DEF 2.5 Gal,ATABD2,5,case,80.0,DEF Cap,CAP-DEF,cap,1.0,PER_UNIT,0.5,,
All Blu DEF 2.5 Gal,ATABD2,5,case,80.0,DEF 2.5 Gal Bottle,BOT-DEF2.5,bottle,1.0,PER_UNIT,0.5,,
All Blu DEF 2.5 Gal,ATABD2,5,case,80.0,All Blu DEF 2.5 Gal Box,TBD,box,1.0,PER_UNIT,0.5,,
All Blu DEF 2.5 Gal,ATABD2,5,case,80.0,DEF 2.5 Gal Spout,DEFSPOUT,spout,1.0,PER_UNIT,0.5,,
All Blu DEF 2.5 Gal,ATABD2,5,case,80.0,Def Bulk,GEF030,raw material,2.5,PER_UNIT,0.5,RM,gal
ZeroX W/Wash,ATWWZX,3,case,35.0,ZeroX Label,TBD,label,6.0,PER_UNIT,4.0,,
ZeroX W/Wash,ATWWZX,3,case,35.0,Clear Round Bottle,BOTTLE-RD-NAT,bottle,6.0,PER_UNIT,1.0,,
ZeroX W/Wash,ATWWZX,3,case,35.0,8Brand Box,BOX-WW/BL,box,1.0,PER_UNIT,0.5,,
ZeroX W/Wash,ATWWZX,3,case,35.0,White Cap,CAP-WH,cap,6.0,PER_UNIT,1.0,,
TotalX W/Wash,ATWWTX,3,case,35.0,White Cap,CAP-WH,cap,6.0,PER_UNIT,1.0,,
TotalX W/Wash,ATWWTX,3,case,35.0,Clear Round Bottle,BOTTLE-RD-NAT,bottle,6.0,PER_UNIT,1.0,,
TotalX W/Wash,ATWWTX,3,case,35.0,TotalX Label,TBD,label,6.0,PER_UNIT,4.0,,
TotalX W/Wash,ATWWTX,3,case,35.0,8Brand Box,BOX-WW/BL,box,1.0,PER_UNIT,0.5,,
Green Power 100,ATGPFS,1,case,36.0,Green Power 100 Box Label,TBD,label,2.0,PER_UNIT,1.0,,
Choice Laundry Detergent TIDE Type 3.5 Gal,CHLD35-TI,4,bucket,60.0,Blue Laundry Bucket Label,TBD,label,1.0,PER_UNIT,0.5,,
Fleet Power 50,ATFP50,1,case,36.0,Fleet Power 50 Box Label,LBL-ATCFP-BOX,label,2.0,PER_UNIT,0.5,,
Drum Green Power -34,ATGP50-55,4,drum,4.0,Blue Drum 55 Gal,DRUM-MT55,drum,1.0,PER_UNIT,0.0,,
Drum Green Power -34,ATGP50-55,4,drum,4.0,Drum Green Power -34 Label,LBL-ATGP50-55,label,1.0,PER_UNIT,0.0,,
Drum Green Power -34,ATGP50-55,4,drum,4.0,Raw Ethylene Glycol,EG-RAW,raw material,26.0,PER_UNIT,0.0,RM,gal
Quality DEF W/Wash +32,QDWW+32,3,case,35.0,Quality DEF W/Wash +32 Label,LBL-QDWW+32,label,6.0,PER_UNIT,2.0,,
Quality DEF W/Wash +32,QDWW+32,3,case,35.0,Clear Round Bottle,BOTTLE-RD-NAT,bottle,6.0,PER_UNIT,1.0,,
Quality DEF W/Wash +32,QDWW+32,3,case,35.0,White Cap,CAP-WH,cap,6.0,PER_UNIT,1.0,,
Quality DEF W/Wash +32,QDWW+32,3,case,35.0,Plain 6/1 Box,BOX-PLAIN-6/1,box,1.0,PER_UNIT,0.1,,
Quality DEF W/Wash -20,Q1WWP5,3,case,35.0,Clear Round Bottle,BOTTLE-RD-NAT,bottle,6.0,PER_UNIT,1.0,,
Quality DEF W/Wash -20,Q1WWP5,3,case,35.0,White Cap,CAP-WH,cap,6.0,PER_UNIT,1.0,,
Quality DEF W/Wash -20,Q1WWP5,3,case,35.0,Plain 6/1 Box,BOX-PLAIN-6/1,box,1.0,PER_UNIT,0.1,,
Quality DEF W/Wash -20,Q1WWP5,3,case,35.0,Quality DEF W/Wash -20 Label,LBL-Q1WWP5,label,6.0,PER_UNIT,1.0,,
Quality DEF W/Wash 0,Q1WWZX,3,case,35.0,Quality DEF W/Wash 0 Label,LBL-Q1WWZX,label,6.0,PER_UNIT,1.0,,
Quality DEF W/Wash 0,Q1WWZX,3,case,35.0,Clear Round Bottle,BOTTLE-RD-NAT,bottle,6.0,PER_UNIT,1.0,,
Quality DEF W/Wash 0,Q1WWZX,3,case,35.0,White Cap,CAP-WH,cap,6.0,PER_UNIT,1.0,,
Quality DEF W/Wash 0,Q1WWZX,3,case,35.0,Plain 6/1 Box,BOX-PLAIN-6/1,box,1.0,PER_UNIT,0.1,,
Drums PG,TBDDRUMPG,4,drum,4.0,Blue Drum 55 Gal,DRUM-MT55,drum,1.0,PER_UNIT,0.0,,
Drums PG,TBDDRUMPG,4,drum,4.0,PG Drum Label,TBDDRUMLABELPG,label,1.0,PER_UNIT,1.0,,
Drums PG,TBDDRUMPG,4,drum,4.0,Propylene Glycol,PG-BULK,Raw Material,55.0,PER_UNIT,0.1,RM,Gal
Totes RV-50 Pink,TBDTTRV50P,4,tote,4.0,Empty Tote 275 Gal,TBDEMPTYTOTE275,tote,1.0,PER_UNIT,0.0,,
Totes RV-100 Blue,TOTERV100TBD,4,tote,1.0,Empty Tote 275 Gal,TBDEMPTYTOTE275,tote,1.0,PER_UNIT,0.0,,
Drum Fleet Power,TBDFLTPWRDRM,4,drum,4.0,Blue Drum 55 Gal,DRUM-MT55,drum,1.0,PER_UNIT,0.0,,
Drum Fleet Power,TBDFLTPWRDRM,4,drum,4.0,Drum Fleet Power Label,TBDFLTPWRDRMLBL,label,1.0,PER_UNIT,0.0,,
Drum Cool Power 50,ATCP50-55,4,drum,4.0,Blue Drum 55 Gal,DRUM-MT55,drum,1.0,PER_UNIT,0.0,,
Drum Cool Power 50,ATCP50-55,4,drum,4.0,Cool Power 50 Drum Label,ATCP50-55-LABEL,label,1.0,PER_UNIT,0.0,,
Drum Quality DEF W/Wash 0,Q1WWZ5,4,drum,4.0,Blue Drum 55 Gal,DRUM-MT55,drum,1.0,PER_UNIT,0.0,,
Drum Quality DEF W/Wash 0,Q1WWZ5,4,drum,4.0,Quality DEF W/Wash 0 Drum Label,LBL-Q1WWZ5,label,1.0,PER_UNIT,0.0,,
Tote Quality DEF W/Wash 0,Q1WWZ5-275,4,tote,1.0,Empty Tote 275 Gal,TBDEMPTYTOTE275,tote,1.0,PER_UNIT,0.0,,
Tote Quality DEF W/Wash 0,Q1WWZ5-275,4,tote,1.0,Tote Quality DEF W/Wash 0 Label,LBL-Q1WWZ5-275,label,1.0,PER_UNIT,0.0,,
Drum Super Purple Cleaner & Degreaser,SPCD55G,4,drum,4.0,Blue Drum 55 Gal,DRUM-MT55,drum,1.0,PER_UNIT,0.0,,
Drum Super Purple Cleaner & Degreaser,SPCD55G,4,drum,4.0,Drum Super Purple Cleaner & Degreaser Label,LBL-TBD-SPCD55G,label,1.0,PER_UNIT,0.0,,
Tote Super Purple Cleaner & Degreaser,SPCD-TT,4,tote,1.0,Tote Super Purple Cleaner & Degreaser Label,LBL-TBD-SPCD-TT,label,1.0,PER_UNIT,0.0,,
Tote Super Purple Cleaner & Degreaser,SPCD-TT,4,tote,1.0,Empty Tote 275 Gal,TBDEMPTYTOTE275,tote,1.0,PER_UNIT,0.0,,
Drum Global Power 100,ATGLPFS-55,4,drum,4.0,Blue Drum 55 Gal,DRUM-MT55,drum,1.0,PER_UNIT,0.0,,
Drum Global Power 100,ATGLPFS-55,4,drum,4.0,Drum Global Power 100 Label,LBL-ATGLPFS-55,label,1.0,PER_UNIT,0.0,,
Resolute +32 Bug Wash,RSW321,3,case,35.0,Resolute +32 Bug Wash Label,RES+32F,label,6.0,PER_UNIT,3.0,,
Resolute +32 Bug Wash,RSW321,3,case,35.0,Clear Round Bottle,BOTTLE-RD-NAT,bottle,6.0,PER_UNIT,1.0,,
Resolute +32 Bug Wash,RSW321,3,case,35.0,White Cap,CAP-WH,cap,6.0,PER_UNIT,1.0,,
Resolute +32 Bug Wash,RSW321,3,case,35.0,Plain 6/1 Box,BOX-PLAIN-6/1,box,1.0,PER_UNIT,0.65,,
Resolute +32 Bug Wash,RSW321,3,case,35.0,Black DOT Diamond Label,DMNDLBL,label,1.0,PER_UNIT,0.0,,
Resolute -30 W/Wash,RSW301,3,case,35.0,Resolute -30 W/Wash Label,RES-30F,label,6.0,PER_UNIT,4.0,,
Resolute -30 W/Wash,RSW301,3,case,35.0,Clear Round Bottle,BOTTLE-RD-NAT,bottle,6.0,PER_UNIT,1.0,,
Resolute -30 W/Wash,RSW301,3,case,35.0,White Cap,CAP-WH,cap,6.0,PER_UNIT,1.0,,
Resolute -30 W/Wash,RSW301,3,case,35.0,Plain 6/1 Box,BOX-PLAIN-6/1,box,1.0,PER_UNIT,0.65,,
Resolute -30 W/Wash,RSW301,3,case,35.0,Black DOT Diamond Label,DMNDLBL,label,1.0,PER_UNIT,0.0,,
Resolute -20 W/Wash,RSW201,3,case,35.0,Resolute -20 W/Wash Label,RES-20F,label,6.0,PER_UNIT,4.0,,
Resolute -20 W/Wash,RSW201,3,case,35.0,Clear Round Bottle,BOTTLE-RD-NAT,bottle,6.0,PER_UNIT,1.0,,
Resolute -20 W/Wash,RSW201,3,case,35.0,White Cap,CAP-WH,cap,6.0,PER_UNIT,1.0,,
Resolute -20 W/Wash,RSW201,3,case,35.0,Plain 6/1 Box,BOX-PLAIN-6/1,box,1.0,PER_UNIT,0.65,,
Resolute -20 W/Wash,RSW201,3,case,35.0,Black DOT Diamond Label,DMNDLBL,label,1.0,PER_UNIT,0.0,,
Resolute DEF 2.5 Gal classic,RESD25,5,case,80.0,DEF Cap,CAP-DEF,cap,1.0,PER_UNIT,0.5,,
Resolute DEF 2.5 Gal classic,RESD25,5,case,80.0,DEF 2.5 Gal Bottle,BOT-DEF2.5,bottle,1.0,PER_UNIT,0.5,,
Resolute DEF 2.5 Gal classic,RESD25,5,case,80.0,Resolute DEF 2.5 Gal Box Classic,RESD25-BOX,box,1.0,PER_UNIT,0.5,,
Resolute DEF 2.5 Gal classic,RESD25,5,case,80.0,DEF 2.5 Gal Spout,DEFSPOUT,spout,1.0,PER_UNIT,0.5,,
Resolute DEF 2.5 Gal premium,PRED25,5,case,80.0,DEF Cap,CAP-DEF,cap,1.0,PER_UNIT,0.5,,
Resolute DEF 2.5 Gal premium,PRED25,5,case,80.0,DEF 2.5 Gal Bottle,BOT-DEF2.5,bottle,1.0,PER_UNIT,0.5,,
Resolute DEF 2.5 Gal premium,PRED25,5,case,80.0,Resolute DEF 2.5 Gal Box Premium,PRED25-BOX,box,1.0,PER_UNIT,0.5,,
Resolute DEF 2.5 Gal premium,PRED25,5,case,80.0,DEF 2.5 Gal Spout,DEFSPOUT,spout,1.0,PER_UNIT,0.5,,
Tote PG,RAWPGTOTE,4,tote,1.0,Empty Tote 275 Gal,TBDEMPTYTOTE275,tote,1.0,PER_UNIT,0.0,,
Tote PG,RAWPGTOTE,4,tote,1.0,PG Drum Label,TBDDRUMLABELPG,label,1.0,PER_UNIT,0.0,,
Tote PG,RAWPGTOTE,4,tote,1.0,Propylene Glycol,PG-BULK,raw material,275.0,PER_UNIT,0.5,RM,gal
Quick Lite,CLF-QT,6,case,72.0,Quik Lite Bottle,BOT-CHAR,bottle,12.0,PER_CASE,0.0,INV,ea
Quick Lite,CLF-QT,6,case,72.0,Quik Lite Front Label,LBLF-CHAR,label,12.0,PER_CASE,4.0,INV,ea
Quick Lite,CLF-QT,6,case,72.0,Quik Lite Back Label,LBLB-CHAR,label,12.0,PER_CASE,4.0,INV,ea
Quick Lite,CLF-QT,6,case,72.0,Quik Lite Cap,CAP-CHAR,cap,12.0,PER_CASE,2.0,INV,ea
Quick Lite,CLF-QT,6,case,72.0,Quik Lite Box,BOX-CHAR,box,1.0,PER_CASE,0.0,INV,ea
Quick Lite,CLF-QT,6,case,72.0,Charcoal Lighter Fluid,CHAR-GAL,raw material,3.0,PER_CASE,1.0,RM,gal
Choice Laundry Detergent Gain Type 3.5 Gal,CHLD35-GN,4,bucket,60.0,Laundry Bucket Lid (Natural),TBDBLIDNAT,bucket lid,1.0,PER_UNIT,0.5,INV,ea
Choice Laundry Detergent Gain Type 3.5 Gal,CHLD35-GN,4,bucket,60.0,3.5 Gal Bucket (Natural),TBDBUCKNAT,bucket,1.0,PER_UNIT,0.5,INV,ea
Choice Laundry Detergent TIDE Type 3.5 Gal,CHLD35-TI,4,bucket,60.0,3.5 Gal Bucket (Natural),TBDBUCKNAT,bucket,1.0,PER_UNIT,0.5,INV,ea
Choice Laundry Detergent TIDE Type 3.5 Gal,CHLD35-TI,4,bucket,60.0,Laundry Bucket Lid (Natural),TBDBLIDNAT,bucket lid,1.0,PER_UNIT,0.5,INV,ea
Drum OTR-25,OTRW255,4,drum,4.0,Blue Drum 55 Gal,DRUM-MT55,drum,1.0,PER_UNIT,0.0,INV,ea
Drum OTR-25,OTRW255,4,drum,4.0,Drum OTR-25 Label,OTRW255-LBL,label,1.0,PER_UNIT,0.0,INV,ea
Tote OTR-25,OTRW252,4,tote,1.0,Tote OTR-25 Label,OTRW252-LBL,label,1.0,PER_UNIT,0.0,INV,ea
Tote OTR-25,OTRW252,4,tote,1.0,Empty Tote 275 Gal,TBDEMPTYTOTE275,tote,1.0,PER_UNIT,0.0,INV,ea
Drum OTR-0,OTRW05,4,drum,4.0,Blue Drum 55 Gal,DRUM-MT55,drum,1.0,PER_UNIT,0.0,INV,ea
Drum OTR-0,OTRW05,4,drum,4.0,Drum OTR-0 Label,OTRW05-LBL,label,1.0,PER_UNIT,0.0,INV,ea
OTR +32 W/Wash,OTRWWSH32BG1G,1,case,36.0,Clear F Style Bottle,BOT-F-NAT,bottle,6.0,PER_CASE,0.1,INV,ea
OTR +32 W/Wash,OTRWWSH32BG1G,1,case,36.0,OTR +32 Front Label,LBL-52091-F,label,6.0,PER_CASE,2.5,INV,ea
OTR +32 W/Wash,OTRWWSH32BG1G,1,case,36.0,OTR +32 Back Label,LBL-52091-B,label,6.0,PER_CASE,2.5,INV,ea
OTR +32 W/Wash,OTRWWSH32BG1G,1,case,36.0,White Cap,CAP-WH,cap,6.0,PER_CASE,0.2,INV,ea
OTR +32 W/Wash,OTRWWSH32BG1G,1,case,36.0,F Style Blank Box,BOX-FSTYLEBLANK,box,1.0,PER_CASE,0.2,INV,ea
OTR -25 W/Wash,OTRWWSHDEICER1G,1,case,36.0,Clear F Style Bottle,BOT-F-NAT,bottle,6.0,PER_CASE,0.2,INV,ea
OTR -25 W/Wash,OTRWWSHDEICER1G,1,case,36.0,OTR -25 Front Label,LBL-52086-F,label,6.0,PER_CASE,2.5,INV,ea
OTR -25 W/Wash,OTRWWSHDEICER1G,1,case,36.0,OTR -25 Back Label,LBL-52086-B,label,6.0,PER_CASE,2.5,INV,ea
OTR -25 W/Wash,OTRWWSHDEICER1G,1,case,36.0,White Cap,CAP-WH,cap,6.0,PER_CASE,0.2,INV,ea
OTR -25 W/Wash,OTRWWSHDEICER1G,1,case,36.0,Methanol,BULK-MET,raw material,2.22,PER_CASE,1.0,RM,gal
OTR -25 W/Wash,OTRWWSHDEICER1G,1,case,36.0,F Style Blank Box,BOX-FSTYLEBLANK,box,1.0,PER_CASE,0.2,INV,ea
OTR 0 W/Wash,OTRWWSH01G,1,case,36.0,Clear F Style Bottle,BOT-F-NAT,bottle,6.0,PER_CASE,0.25,INV,ea
OTR 0 W/Wash,OTRWWSH01G,1,case,36.0,OTR 0 Front Label,LBL-52089-F,label,6.0,PER_CASE,4.0,INV,ea
OTR 0 W/Wash,OTRWWSH01G,1,case,36.0,OTR 0 Back Label,LBL-52089-B,label,6.0,PER_CASE,4.0,INV,ea
OTR 0 W/Wash,OTRWWSH01G,1,case,36.0,White Cap,CAP-WH,cap,6.0,PER_CASE,1.0,INV,ea
OTR 0 W/Wash,OTRWWSH01G,1,case,36.0,F Style Blank Box,BOX-FSTYLEBLANK,box,6.0,PER_CASE,1.0,INV,ea
OTR 0 W/Wash,OTRWWSH01G,1,case,36.0,Methanol,BULK-MET,raw material,1.2,PER_CASE,1.0,RM,gal
